ocid,initiationType,tag,id,date,tender/id,tender/externalReference,tender/title,tender/mainProcurementCategory,tender/procurementMethod,tender/contractType,tenderclassification/description,tender/submissionMethodDetails,tender/participationFee/0/multiCurrencyAllowed,tender/allowTwoStageTender,tender/value/amount,tender/datePublished,tender/tenderPeriod/durationInDays,tender/allowPreferentialBidder,Payment Mode,tender/status,tender/stage,tender/numberOfTenderers,tender/bidOpening/date,tender/milestones/type,tender/milestones/title,tender/milestones/dueDate,tender/awardedAmount,tender/documents/id,buyer/name,Fiscal Year
ocds-kjhdrl-2015_HPIPH_7347_1,tender,tender,1,2024-11-08,2015_HPIPH_7347_1,IPH-DN-CB-Tender/2015-16- 752-851 dt 17/04/15,Providing additional Water facility to Trilokpur Temple Complex in Tehsil Nahan Distt Sirmour HP,Works,Open Tender,Item Rate,Water Equipments/ Meter/ Drilling/ Boring,,No,No,"12,63,343",24-Apr-2015 03:00 PM,120,No,Offline,Not Admitted-Fee/PreQual/Technical,,1,12-May-2015 11:30 AM,assessment,Price Bid Opening Date,,"1,271,418",,HP Irrigation and Public Health,2015-2016
ocds-kjhdrl-2015_HPIPH_7765_1,tender,tender,1,2024-11-08,2015_HPIPH_7765_1,IPH-DN-CB-TA-Tender/2015-16-3078-3150 Dt 19-05-15,Providing LWSS to PC habitation of various census villages under GP Devka Purla Nauni Panjahal Thana Kasoga Birla Banethi Nahan and Sain Ki Ser in Tehsil Nahan Distt Sirmour HP,Works,Open Tender,Item Rate,Pipe Laying Works,,No,No,"74,96,660",27-May-2015 03:00 PM,120,No,Offline,Rejected-Finance,,1,17-Jun-2015 11:30 AM,assessment,Price Bid Opening Date,,"8,260,634",,HP Irrigation and Public Health,2015-2016
ocds-kjhdrl-2019_PWD_27524_1,tender,tender,1,2024-11-08,2019_PWD_27524_1,19471-74 dt.02.02.2019,AMP for the year 2019-20 on Banjar Bathad road Km.0/0 to 20/0,Works,Open Tender,Item Rate,Civil Works,,No,No,"23,84,244",18-Feb-2019 03:15 PM,60,No,Offline,Accepted-AOC,,1,07-Mar-2019 11:00 AM,assessment,Price Bid Opening Date,,"3,072,058",,PWD,2018-2019
ocds-kjhdrl-2019_PWD_27525_1,tender,tender,1,2024-11-08,2019_PWD_27525_1,19471-74 dt.02.02.2019,AMP for the year 2019-20 on Banjar Bathad road Km.0/0 to 20/0,Works,Open Tender,Item Rate,Civil Works,,No,No,"31,89,809",18-Feb-2019 03:20 PM,60,No,Offline,,,1,07-Mar-2019 11:00 AM,assessment,Price Bid Opening Date,,"4,125,951",,PWD,2018-2019
ocds-kjhdrl-2019_PWD_27527_1,tender,tender,1,2024-11-08,2019_PWD_27527_1,19471-74 dt.02.02.2019,AMP for the year 2019-20 on Sidhwan godigad upto Thanicher road Km.0/0 to 8/0,Works,Open Tender,Item Rate,Civil Works,,No,No,"32,07,431",18-Feb-2019 03:25 PM,60,No,Offline,,,1,07-Mar-2019 11:00 AM,assessment,Price Bid Opening Date,,"412,980",,PWD,2018-2019
ocds-kjhdrl-2019_PWD_27529_1,tender,tender,1,2024-11-08,2019_PWD_27529_1,19471-74 dt.02.02.2019,AMP for the year 2019-20 on Chilladhar Bihar road Km.0/0 to 4/0,Works,Open Tender,Item Rate,Civil Works,,No,No,"15,96,007",18-Feb-2019 03:25 PM,60,No,Offline,,,1,07-Mar-2019 11:00 AM,assessment,Price Bid Opening Date,,"2,058,760",,PWD,2018-2019
ocds-kjhdrl-2019_PWD_27533_1,tender,tender,1,2024-11-08,2019_PWD_27533_1,19471-74 dt.02.02.2019,AMP for the year 2019-20 on Sainj Railla road Km.0/0 to 7/500,Works,Open Tender,Item Rate,Civil Works,,No,No,"26,89,789",18-Feb-2019 03:30 PM,60,No,Offline,,,1,07-Mar-2019 11:00 AM,assessment,Price Bid Opening Date,,"3,450,477",,PWD,2018-2019
ocds-kjhdrl-2019_PWD_27538_1,tender,tender,1,2024-11-08,2019_PWD_27538_1,19471-74 dt.02.02.2019,AMP for the year 2019-20 on Larji Sainj road Km.0/0 to 14/0,Works,Open Tender,Item Rate,Civil Works,,No,No,"58,62,912",18-Feb-2019 02:10 PM,60,No,Offline,,,1,07-Mar-2019 11:00 AM,assessment,Price Bid Opening Date,,"7,454,604",,PWD,2018-2019
ocds-kjhdrl-2019_PWD_28320_1,tender,tender,1,2024-11-08,2019_PWD_28320_1,24425-65,Imp. and Up-gradation of Menjha to Upper Menjha road Km. 0/00 to 4/270( Under NABARD RIDF-XXIII),Works,Open Tender,Item Rate,Civil Works - Roads,,No,No,"1,16,98,913",11-Mar-2019 10:00 AM,120,No,Offline,Rejected-Technical,,1,16-Apr-2019 11:30 AM,assessment,Price Bid Opening Date,,"15,154,252",,PWD,2018-2019
ocds-kjhdrl-2019_PWD_28826_2,tender,tender,1,2024-11-08,2019_PWD_28826_2,20725-84 PWD Division Palampur,"Construction of Additional accommodation for Govt. Sr. Sec. School at Dehan in Tehsil Palampur, Distt. Kangra (H.P.)",Works,Open Tender,Item Rate,Civil Works - Buildings,,No,No,"92,52,977",13-May-2019 10:00 AM,120,No,Offline,,,1,25-May-2019 03:00 PM,assessment,Price Bid Opening Date,,"10,259,115",,PWD,2019-2020
ocds-kjhdrl-2020_HPIPH_41133_1,tender,tender,1,2024-11-08,2020_HPIPH_41133_1,7805-55 dated 25-09-2020,Providing retrofitting to Improvement of LWSS B.A. Mangal in G.P Mangal Tehsil Arki Distt. Solan(HP) (SH- Laying and jointing G.I pipe (light class ) of various dia in distribution system)(Under Jal Jeevan Mission).,Works,Open Tender,Item Rate,Civil Works,,No,No,"11,56,101",25-Sep-2020 03:50 PM,120,No,Online,,,1,03-Oct-2020 11:30 AM,assessment,Price Bid Opening Date,,"698,976",,HP Irrigation and Public Health,2020-2021
ocds-kjhdrl-2020_HPIPH_41134_1,tender,tender,1,2024-11-08,2020_HPIPH_41134_1,7805-55 dated 25-09-2020,Providing retrofitting to Improvement of LWSS B.A. Mangal in G.P Mangal Tehsil Arki Distt. Solan(HP) (SH- Laying and jointing G.I pipe (light class ) of various dia in distribution system)(Under Jal Jeevan Mission).,Works,Open Tender,Item Rate,Civil Works,,No,No,"10,80,298",25-Sep-2020 04:05 PM,120,No,Online,,,1,03-Oct-2020 11:30 AM,assessment,Price Bid Opening Date,,"677,735",,HP Irrigation and Public Health,2020-2021
ocds-kjhdrl-2020_HPIPH_41136_1,tender,tender,1,2024-11-08,2020_HPIPH_41136_1,7805-55 dated 25-09-2020,Providing retrofitting to Improvement of LWSS B.A. Mangal in G.P Mangal Tehsil Arki Distt. Solan(HP) (SH- Laying and jointing G.I pipe (light class ) of various dia in distribution system)(Under Jal Jeevan Mission).,Works,Open Tender,Item Rate,Civil Works,,No,No,"7,31,197",25-Sep-2020 04:40 PM,120,No,Online,,,1,03-Oct-2020 11:30 AM,assessment,Price Bid Opening Date,,"426,390",,HP Irrigation and Public Health,2020-2021
ocds-kjhdrl-2020_HPIPH_41810_1,tender,tender,1,2024-11-08,2020_HPIPH_41810_1,9140-9200 dated 21-10-2020,Providing retrofitting to Improvement of LWSS B.A. Mangal in Tehsil Arki Distt. Solan (HP),Works,Open Tender,Item Rate,Civil Works,,No,No,"23,09,635",21-Oct-2020 01:10 PM,120,No,Online,,,1,29-Oct-2020 11:30 AM,assessment,Price Bid Opening Date,,"2,144,217",,HP Irrigation and Public Health,2020-2021
ocds-kjhdrl-2020_PWD_34240_1,tender,tender,1,2024-11-08,2020_PWD_34240_1,Thural to Bachhawai road,Balance work of Thural to Bachhawai road Km 0/00 to 6/195 including Bridge over Negual Khad,Works,Open Tender,Item Rate,Civil Works - Roads,,No,No,"5,71,54,656",21-Jan-2020 04:00 PM,120,No,Offline,,,1,30-Jan-2020 03:00 PM,assessment,Price Bid Opening Date,,"87,660,741",,PWD,2019-2020
ocds-kjhdrl-2020_PWD_34443_1,tender,tender,1,2024-11-08,2020_PWD_34443_1,16442-510 Dated-10.01.2020,Construction of Dimerchahri to Gashini road Km. 0-0 to 6-500.,Works,Open Tender,Item Rate,Civil Works - Roads,,No,No,"3,56,32,982",30-Jan-2020 10:00 AM,90,No,Offline,,,1,13-Feb-2020 11:00 AM,assessment,Price Bid Opening Date,,"17,403,421",,PWD,2019-2020
ocds-kjhdrl-2020_PWD_35410_1,tender,tender,1,2024-11-08,2020_PWD_35410_1,PW/CB/Tender/2019- 17632-71 dated-30.01.2020,Construction of Veternary Dispensary building at Suchaini tehsil Bhuntar district Kullu,Works,Open Tender,Item Rate,Civil Works - Buildings,,No,No,"10,38,480",24-Feb-2020 09:00 AM,90,No,Offline,,,1,11-Mar-2020 11:00 AM,assessment,Price Bid Opening Date,,"1,533,351",,PWD,2019-2020
ocds-kjhdrl-2020_PWD_36600_1,tender,tender,1,2024-11-08,2020_PWD_36600_1,PW/Bjr/CB-Not/2019-20374-473 Dt.16.3.20,Annual Periodical Maintenance for the Year 2020-21 on Garsa Shiyah Hawai Ghat road Km.0/0 to 7/240,Works,Open Tender,Item Rate,Civil Works - Roads,,No,No,90.0,08-Apr-2020 10:00 AM,90,No,Offline,,,1,27-Apr-2020 11:00 AM,assessment,Price Bid Opening Date,,"3,682,079",,PWD,2019-2020
ocds-kjhdrl-2020_PWD_36601_1,tender,tender,1,2024-11-08,2020_PWD_36601_1,20374- 473 Dated- 16.03.2020,Annual Periodical Maintenance for the Year 2020-21 on Hurla Tharas Sachani road 4-0 to 6-440,Works,Open Tender,Item Rate,Civil Works - Roads,,No,No,"23,71,328",08-Apr-2020 02:00 PM,90,No,Offline,,,1,27-Apr-2020 11:00 AM,assessment,Price Bid Opening Date,,"2,914,383",,PWD,2019-2020
ocds-kjhdrl-2020_PWD_36628_1,tender,tender,1,2024-11-08,2020_PWD_36628_1,Bairghatta to Sunhun road Km 0.0 to 1.0,Providing and laying Annual Surfacing (Periodic Maintenance) on Bairghatta to Sunhun road in Km 0/0 to 1/0 (during the year 2020-21) of Rural roads in the state of HP,Works,Open Tender,Item Rate,Civil Works - Roads,,No,No,"8,61,409",13-Apr-2020 11:55 AM,120,No,Offline,,,1,27-Apr-2020 11:30 AM,assessment,Price Bid Opening Date,,"1,193,950",,PWD,2019-2020
ocds-kjhdrl-2020_PWD_36629_1,tender,tender,1,2024-11-08,2020_PWD_36629_1,Bairghatta to Sunhun road Km 1-0 to 2-0,Providing and laying Annual Surfacing (Periodic Maintenance) on Bairghatta to Sunhun road in Km 1/0 to 2/0 (during the year 2020-21) of Rural roads in the state of HP,Works,Open Tender,Item Rate,Civil Works - Roads,,No,No,"8,61,815",13-Apr-2020 12:15 PM,120,No,Offline,,,1,27-Apr-2020 11:30 AM,assessment,Price Bid Opening Date,,"1,194,590",,PWD,2019-2020
ocds-kjhdrl-2020_PWD_36630_1,tender,tender,1,2024-11-08,2020_PWD_36630_1,Bairghatta to Sunhun road Km 3-0 to 4-0,Providing and laying Annual Surfacing (Periodic Maintenance) on Bairghatta to Sunhun road in Km 3/0 to 4/0 (during the year 2020-21) of Rural roads in the state of HP,Works,Open Tender,Item Rate,Civil Works - Roads,,No,No,"8,61,003",13-Apr-2020 12:35 PM,120,No,Offline,,,1,27-Apr-2020 11:30 AM,assessment,Price Bid Opening Date,,"1,192,990",,PWD,2019-2020
ocds-kjhdrl-2020_PWD_36631_1,tender,tender,1,2024-11-08,2020_PWD_36631_1,Bairghatta to Sunhun road Km 4-0 to 5-0,Providing and laying Annual Surfacing (Periodic Maintenance) on Bairghatta to Sunhun road in Km 4/0 to 5/0 (during the year 2020-21) of Rural roads in the state of HP,Works,Open Tender,Item Rate,Civil Works - Roads,,No,No,"8,59,987",13-Apr-2020 12:50 PM,120,No,Offline,,,1,27-Apr-2020 11:30 AM,assessment,Price Bid Opening Date,,"1,191,710",,PWD,2019-2020
ocds-kjhdrl-2020_PWD_36644_1,tender,tender,1,2024-11-08,2020_PWD_36644_1,Tikkar to Ghandera road Km 3-0 to 4-0,Providing and laying Annual Surfacing (Periodic Maintenance) on Tikkar to Ghandera road in Km 3/0 to 4/0 (during the year 2020-21) of Rural roads in the state of HP,Works,Open Tender,Item Rate,Civil Works - Roads,,No,No,"8,59,682",13-Apr-2020 04:00 PM,120,No,Offline,,,1,27-Apr-2020 11:30 AM,assessment,Price Bid Opening Date,,"1,191,230",,PWD,2019-2020
ocds-kjhdrl-2020_PWD_36646_1,tender,tender,1,2024-11-08,2020_PWD_36646_1,Extension of Daroh Garh Jamula road kM 0/0 to 11/0,A/R and M/O Extension of Daroh Garh Jamula road upto Bairghatta Km 0/0 to 11/0,Works,Open Tender,Item Rate,Civil Works - Roads,,No,No,"14,59,796",13-Apr-2020 04:30 PM,120,No,Offline,,,1,27-Apr-2020 11:30 AM,assessment,Price Bid Opening Date,,"1,948,074",,PWD,2019-2020
ocds-kjhdrl-2020_PWD_36648_1,tender,tender,1,2024-11-08,2020_PWD_36648_1,Bairghatta to Sunhun road Km 6-0 to 7-0,Providing and laying Annual Surfacing (Periodic Maintenance) on Bairghatta to Sunhun road in Km 6/0 to 7/0 under performance based Financial Incentive 2017-18 (during the year 2018-19) of PMGSY rural roads in the state of HP,Works,Open Tender,Item Rate,Civil Works - Roads,,No,No,"6,74,746",13-Apr-2020 04:45 PM,120,No,Offline,,,1,27-Apr-2020 11:30 AM,assessment,Price Bid Opening Date,,"939,074",,PWD,2019-2020
ocds-kjhdrl-2020_PWD_36775_1,tender,tender,1,2024-11-08,2020_PWD_36775_1,30.00 MTR Span Bailey Bridge Tahal Khad,Construction of 30.00 mtrs. span Bailey Bridge both side approaches over Tahal Khad on Kharouth to Ghaneta via Mahant Nagar (Kabrian) road at RD 1/390.,Works,Open Tender,Item Rate,Civil Works - Bridges,,No,No,"38,59,469",29-Apr-2020 11:00 AM,120,No,Offline,,,1,06-May-2020 11:30 AM,assessment,Price Bid Opening Date,,"6,728,376",,PWD,2020-2021
ocds-kjhdrl-2020_PWD_36972_1,tender,tender,1,2024-11-08,2020_PWD_36972_1,Construction of HSC building Bhoura,Construction of Health Sub Centre building with delivery room at Bhoura in Tehsil Palampur Distt. Kangra (H.P.),Works,Open Tender,Item Rate,Civil Works - Buildings,,No,No,"9,55,703",06-May-2020 10:00 AM,120,No,Offline,,,1,20-May-2020 11:30 AM,assessment,Price Bid Opening Date,,"1,200,473",,PWD,2020-2021
ocds-kjhdrl-2020_PWD_37332_1,tender,tender,1,2024-11-08,2020_PWD_37332_1,Saprul to Harizan Basti Sanooh 0/00 to 1/605,Construction of link road Saprul to Harizan Basti Sanooh via Govt. Senior Secondary School Sanooh Km. 0/00 to 1/605.,Works,Open Tender,Item Rate,Civil Works - Roads,,No,No,"48,13,868",22-May-2020 11:00 AM,120,No,Offline,,,1,02-Jun-2020 11:30 AM,assessment,Price Bid Opening Date,,"5,280,069",,PWD,2020-2021
ocds-kjhdrl-2020_PWD_37377_1,tender,tender,1,2024-11-08,2020_PWD_37377_1,Construction of CHC Building at Dheera,Construction of CHC Building at Dheera in Tehsil Dheera Distt. Kangra (HP),Works,Open Tender,Item Rate,Civil Works - Buildings,,No,No,"2,33,99,330",22-May-2020 11:30 AM,120,No,Offline,,,1,06-Jun-2020 11:30 AM,assessment,Price Bid Opening Date,,"30,145,279",,PWD,2020-2021
ocds-kjhdrl-2020_PWD_37384_1,tender,tender,1,2024-11-08,2020_PWD_37384_1,Link road from Punner to Tara Km 0-0 to 2-225,Providing and laying Annual Surface (Periodic Maintenance) on link road from Punner to Tara under performance based Financial Incentive 2018-19 (during the year 2019-20) of PMGSY rural roads in the state of HP,Works,Open Tender,Item Rate,Civil Works - Roads,,No,No,"15,01,434",22-May-2020 12:35 PM,120,No,Offline,,,1,03-Jun-2020 11:30 AM,assessment,Price Bid Opening Date,,"2,089,613",,PWD,2020-2021
ocds-kjhdrl-2020_PWD_37437_1,tender,tender,1,2024-11-08,2020_PWD_37437_1,Link road to village Kharul Km 3-0 to 5-0,Providing and laying Annual Surface (Periodic Maintenance) on link road to village Kharul under performance based Financial Incentive 2018-19 (during the year 2019-20) of PMGSY rural roads in the state of HP,Works,Open Tender,Item Rate,Civil Works - Roads,,No,No,"13,49,567",23-May-2020 02:15 PM,120,No,Offline,,,1,03-Jun-2020 11:30 AM,assessment,Price Bid Opening Date,,"1,861,271.87",,PWD,2020-2021
ocds-kjhdrl-2020_PWD_37468_1,tender,tender,1,2024-11-08,2020_PWD_37468_1,"Link road to village Kharul Km 2.0to3.0, 7.0to8.0",Providing and laying Annual Surface (Periodic Maintenance) on link road to village Kharul under performance based Financial Incentive 2017-18 (during the year 2018-19) of PMGSY rural roads in the state of HP,Works,Open Tender,Item Rate,Civil Works - Roads,,No,No,"13,49,567",23-May-2020 03:15 PM,120,No,Offline,,,1,03-Jun-2020 11:30 AM,assessment,Price Bid Opening Date,,"1,861,440",,PWD,2020-2021
ocds-kjhdrl-2020_PWD_37918_1,tender,tender,1,2024-11-08,2020_PWD_37918_1,C/o HSC building Chambi in Sub-tehsil Dheera,Construction of Health Sub Centre building with delivery room at Chambi in Sub-tehsil Dheera Distt. Kangra (H.P),Works,Open Tender,Item Rate,Civil Works - Buildings,,No,No,"9,55,703",11-Jun-2020 10:00 AM,120,No,Offline,,,1,24-Jun-2020 11:30 AM,assessment,Price Bid Opening Date,,"1,141,582",,PWD,2020-2021
ocds-kjhdrl-2020_PWD_38305_1,tender,tender,1,2024-11-08,2020_PWD_38305_1,RRD Bharwain Chintpurni Talwara road,Restoration of rain damages on Bharwain Chintpurni Talwara road km 0000 to 15310 SH Const of RCC Retaining wall at RD 11965 to 12000 above Gabrian wall and Retaining wall road side at RD 11960 to 12005,Works,Open Tender,Item Rate,Civil Works,,No,No,"24,68,100",23-Jun-2020 03:00 PM,120,No,Offline,,,1,30-Jun-2020 11:30 AM,assessment,Price Bid Opening Date,,"3,196,879",,PWD,2020-2021
ocds-kjhdrl-2020_PWD_38327_1,tender,tender,1,2024-11-08,2020_PWD_38327_1,1227-76 dated 30/5/2020,Construction of Dalashni to Dehlidhar to Mahi km 0/0 to 2/010.,Works,Open Tender,Item Rate,Civil Works - Roads,,No,No,"78,81,713",24-Jun-2020 09:00 AM,120,No,Offline,Rejected-AOC,,1,06-Jul-2020 11:30 AM,assessment,Price Bid Opening Date,,"8,561,857",,PWD,2020-2021
ocds-kjhdrl-2020_PWD_38401_1,tender,tender,1,2024-11-08,2020_PWD_38401_1,1000-60 dated 26-05-2020,Construction of 50 beded integrated Ayush SOWA-Rigpa Hospital at Bajoura Distt Kullu,Works,Open Tender,Item Rate,Civil Works - Buildings,,No,No,"7,59,56,753",06-Jul-2020 10:00 AM,120,No,Offline,,,1,20-Jul-2020 11:00 AM,assessment,Price Bid Opening Date,,"103,598,614",,PWD,2020-2021
ocds-kjhdrl-2020_PWD_38831_2,tender,tender,1,2024-11-08,2020_PWD_38831_2,PW/RD/GA/2124-2223DT17-6-20,R/R damages to Dhara Narpa Pokta road km 0/0 to 7/0,Works,Open Tender,Item Rate,Civil Works - Roads,,No,No,"9,10,685",10-Jul-2020 05:00 PM,60,No,Online,,,1,17-Jul-2020 11:00 AM,assessment,Price Bid Opening Date,,"1,849,930",,PWD,2020-2021
ocds-kjhdrl-2020_PWD_39398_1,tender,tender,1,2024-11-08,2020_PWD_39398_1,PW/BD/CB/Tender Notice/2020- 3902-54 Dt.24.07.20,Construction of Additional Accommodation to Rest House at Gadagushaini Tehsil Banjar Distt.Kullu HP,Works,Open Tender,Item Rate,Civil Works - Buildings,,No,No,"1,12,41,407",31-Jul-2020 09:00 AM,90,No,Offline,,,1,17-Aug-2020 11:00 AM,assessment,Price Bid Opening Date,,"16,006,152",,PWD,2020-2021
ocds-kjhdrl-2020_PWD_40227_1,tender,tender,1,2024-11-08,2020_PWD_40227_1,Chiran to Thirak via Village Devi Tilla 0.0 to10.1,Chiran to Thirak via Village Devi Tilla Km. 0/00 to 10/150 i/c Bridge over Bathu Khad at RD 1/665,Works,Open Tender,Item Rate,Civil Works - Bridges,,No,No,"7,60,86,432",05-Sep-2020 10:00 AM,120,No,Offline,,,1,01-Oct-2020 11:30 AM,assessment,Price Bid Opening Date,,"67,742,531",,PWD,2020-2021
ocds-kjhdrl-2020_PWD_40380_1,tender,tender,1,2024-11-08,2020_PWD_40380_1,Upper Mangehar to Chharara road in Km 0-0 to 1-200,Providing and laying Annual Surfacing (Periodic Maintenance) on Upper Mangehar to Chharara road in Km 0/0 to 1/200 and Arla Gugga Mandir road upto Bhawarna road Km 2/0 to 3/0 (during the year 2020-21) of Rural roads in the state of HP,Works,Open Tender,Item Rate,Civil Works - Roads,,No,No,"19,58,100",05-Sep-2020 04:45 PM,120,No,Offline,,,1,18-Sep-2020 11:30 AM,assessment,Price Bid Opening Date,,"2,727,624",,PWD,2020-2021
ocds-kjhdrl-2020_PWD_40407_1,tender,tender,1,2024-11-08,2020_PWD_40407_1,Garla Dai from Bhattu Sullah Nanaon road Km0.0to1,Providing and laying Annual Surfacing (Periodic Maintenance) on Link road Garla Dai from Bhattu Sullah Nanaon road in Km 0/0 to 1/0 (Financial Incentive 2019-20 during the year 2020-21) of Rural roads in the state of HP,Works,Open Tender,Item Rate,Civil Works - Roads,,No,No,"9,31,654",07-Sep-2020 02:15 PM,120,No,Offline,,,1,17-Sep-2020 11:30 AM,assessment,Price Bid Opening Date,,"1,298,351",,PWD,2020-2021
ocds-kjhdrl-2020_PWD_40532_1,tender,tender,1,2024-11-08,2020_PWD_40532_1,AMP-Panchrukhi Kaswa Jugehar Km 5-0 to 6-0,Providing and laying Annual Surfacing (Periodic Maintenance) on Panchrukhi Kaswa Jugehar road in Km 5/0 to 10/0 (during the year 2020-21) on rural roads in the state of HP,Works,Open Tender,Item Rate,Civil Works - Roads,,No,No,"13,11,527",16-Sep-2020 10:00 AM,120,No,Offline,,,1,30-Sep-2020 11:30 AM,assessment,Price Bid Opening Date,,"1,819,297",,PWD,2020-2021
ocds-kjhdrl-2020_PWD_40582_1,tender,tender,1,2024-11-08,2020_PWD_40582_1,AMP-Panchrukhi Kaswa Jugehar Km 7-0 to 9-0,Providing and laying Annual Surfacing (Periodic Maintenance) on Panchrukhi Kaswa Jugehar road in Km 5/0 to 10/0 (during the year 2020-21) on rural roads in the state of HP,Works,Open Tender,Item Rate,Civil Works - Roads,,No,No,"16,41,857",16-Sep-2020 10:00 AM,120,No,Offline,,,1,30-Sep-2020 11:30 AM,assessment,Price Bid Opening Date,,"2,282,886",,PWD,2020-2021
ocds-kjhdrl-2020_PWD_41719_1,tender,tender,1,2024-11-08,2020_PWD_41719_1,C/o Newly up-graded 50 bedded Hospital,C/o Newly up-graded 50 bedded Hospital at Bhawarna,Works,Open Tender,Item Rate,Civil Works - Buildings,,No,No,"14,10,430",17-Oct-2020 04:00 PM,120,No,Offline,,,1,30-Oct-2020 11:30 AM,assessment,Price Bid Opening Date,,"2,323,009",,PWD,2020-2021
ocds-kjhdrl-2020_PWD_42531_1,tender,tender,1,2024-11-08,2020_PWD_42531_1,C/o Executive Engineer Residence at Bhawarna,Construction of HP.PWD Executive Engineer Residence at Bhawarna,Works,Open Tender,Item Rate,Civil Works - Buildings,,No,No,"32,46,670",17-Nov-2020 05:00 PM,120,No,Offline,,,1,01-Dec-2020 11:30 AM,assessment,Price Bid Opening Date,,"4,379,832",,PWD,2020-2021
ocds-kjhdrl-2020_PWD_42824_2,tender,tender,1,2024-11-08,2020_PWD_42824_2,PW-RD-GA-T-13309-408dt4-11-20,C/O Kakoi Shanli road km 0/0 to 3/0,Works,Open Tender,Item Rate,Civil Works - Roads,,No,No,,28-Nov-2020 04:30 PM,90,No,Online,,,1,11-Dec-2020 11:00 AM,assessment,Price Bid Opening Date,,"1,555,184",,PWD,2020-2021
ocds-kjhdrl-2020_PWD_43262_1,tender,tender,1,2024-11-08,2020_PWD_43262_1,PW/BD/CB/Tender/20- 11350-58 Dt.26.11.20,Construction of Government Degree College Building at Sainj District Kullu HP,Works,Open Tender,Item Rate,Civil Works - Buildings,,No,No,,16-Dec-2020 02:30 PM,90,No,Offline,,,1,31-Dec-2020 11:00 AM,assessment,Price Bid Opening Date,,"81,432,973",,PWD,2020-2021
ocds-kjhdrl-2021_HPInd_53715_2,tender,tender,1,2024-11-08,2021_HPInd_53715_2,No. Ind.SP/F/(NIT)148/94-Voll-II,M-07 (Sewing Machine (ISI Marked)),Goods,Open Tender,Item Wise,Miscellaneous Goods,,No,No,"14,98,470",18-Nov-2021 05:00 PM,120,No,Online,,,1,14-Dec-2021 11:00 AM,assessment,Price Bid Opening Date,,"749,235",,Industries Department,2021-2022
ocds-kjhdrl-2021_HPIPH_48681_1,tender,tender,1,2024-11-08,2021_HPIPH_48681_1,3393-3433 DT. 17.06.2021,Improvement of Water Supply Scheme for providing house hold conncection to PC habitation under G P Dehan Vanghiar in Tehsil Palampur Distt Kangra H P,Works,Open Tender,Lump-sum,Civil Works,,No,No,,17-Jun-2021 03:00 PM,120,No,Both(Online/Offline),,,1,25-Jun-2021 11:30 AM,assessment,Price Bid Opening Date,,"4,387,500",,HP Irrigation and Public Health,2021-2022
ocds-kjhdrl-2021_HPIPH_49175_1,tender,tender,1,2024-11-08,2021_HPIPH_49175_1,JS-DM-CB-21/2103-42/1,"Replacement of pumping machinery of Draught affected LWSS Roopa Khad to Darjolidhar in GP Kot Shilaroo in Tehsil Theog, Distt. Shimla HP SH SE of centrifugal pumping machinery 120 hp with allied accessories Stage 1st",Works,Open Tender,Item Rate,Pumps/Motors,,No,No,,29-Jun-2021 06:00 PM,120,No,Online,,,1,08-Jul-2021 11:30 AM,assessment,Price Bid Opening Date,,"1,260,000",,HP Irrigation and Public Health,2021-2022
ocds-kjhdrl-2021_HPIPH_52585_1,tender,tender,1,2024-11-08,2021_HPIPH_52585_1,NGB-KNG01-773,PFHHTC for multi vill group of Nagrota Bagwan consti Ustehar Amtrar Jhikli Kothi Teshil Nagrota,Works,Open Tender,Item Rate,Civil Works - Others,,No,No,"9,86,250",22-Sep-2021 05:00 PM,90,No,Online,,,1,05-Oct-2021 11:30 AM,assessment,Price Bid Opening Date,,"935,000",,HP Irrigation and Public Health,2021-2022
ocds-kjhdrl-2021_HPIPH_53833_1,tender,tender,1,2024-11-08,2021_HPIPH_53833_1,HP IPH 14705-45 DATED 22.11.2021,Augmentation and Improvement of lift water supply scheme Andretta Agojar Biara Tikker Indora in Tehsil Palampur Distt Kangra H P,Works,Open Tender,Lump-sum,Civil Works,,No,No,"42,33,317",22-Nov-2021 01:30 PM,120,No,Online,,,1,30-Nov-2021 11:30 AM,assessment,Price Bid Opening Date,,"4,170,000",,HP Irrigation and Public Health,2021-2022
ocds-kjhdrl-2021_HPIPH_54342_1,tender,tender,1,2024-11-08,2021_HPIPH_54342_1,EE/JSV/DIV/JWL-10263-10313 dt. 04.12.2021,"Providing Urban water supply scheme Jawali Intehsil Jawali Distt Kangra HP CO Over Head tank of 110000 litres capacity with 15 mtrs staging height 95000 Litres capacity with 15 mtr staging height, 85000 Litres capacity with15 mtr staging height",Works,Open Tender,Item Rate,Civil Works - Water Works,,No,No,"66,29,400",04-Dec-2021 05:00 PM,120,No,Online,,,1,13-Dec-2021 11:30 AM,assessment,Price Bid Opening Date,,"5,049,700",,HP Irrigation and Public Health,2021-2022
ocds-kjhdrl-2021_HPIPH_54566_2,tender,tender,1,2024-11-08,2021_HPIPH_54566_2,PNT-SMR02-720 No. 13963-13962 Dated 07/12/2021,C/O 12 Nos (9 Nos) Tubewell in Paonta area for village Pipaliwala Johron Puruwala Patlion and Jhaba Basti Khara in Tehsil Paonta Sahib District Sirmour (HP),Works,Open Tender,Item Rate,Civil Works,,No,No,"7,81,006",10-Dec-2021 04:00 PM,120,No,Both(Online/Offline),,,1,16-Dec-2021 12:30 PM,assessment,Price Bid Opening Date,,"645,990",,HP Irrigation and Public Health,2021-2022
ocds-kjhdrl-2021_HPIPH_54750_1,tender,tender,1,2024-11-08,2021_HPIPH_54750_1,17369-420 Anni-4),Aug. of WSS Shilla Bona Sarga in Nirmand Block Distt. Kullu (H.P),Works,Open Tender,Item Rate,Civil Works,,No,No,,17-Dec-2021 06:00 PM,120,No,Both(Online/Offline),,,1,24-Dec-2021 12:30 PM,assessment,Price Bid Opening Date,,"2,324,962",,HP Irrigation and Public Health,2021-2022
ocds-kjhdrl-2021_HPSEB_44960_2,tender,tender,1,2024-11-08,2021_HPSEB_44960_2,OCN/DB-NIT No.-104/2020-21,OCN/DB-NIT No.-104/2020-21,Works,Open Tender,Item Rate,Electrical Works,,No,No,,12-Mar-2021 09:00 AM,30,No,Offline,,,1,18-Mar-2021 11:30 AM,assessment,Price Bid Opening Date,,"1,103,927",,HPSEBL,2020-2021
ocds-kjhdrl-2021_HPSEB_44986_1,tender,tender,1,2024-11-08,2021_HPSEB_44986_1,OCN/DB-NIT No.-105/2020-21,OCN/DB-NIT No.-105/2020-21,Works,Open Tender,Turn-key,Electrical Works,,No,No,"6,59,308",02-Mar-2021 02:00 PM,30,No,Offline,,,1,08-Mar-2021 11:30 AM,assessment,Price Bid Opening Date,,"652,775",,HPSEBL,2020-2021
ocds-kjhdrl-2021_HPSEB_45562_2,tender,tender,1,2024-11-08,2021_HPSEB_45562_2,OCN/DB-NIT No.-109/2020-21,OCN/DB-NIT No.-109/2020-21,Works,Open Tender,Item Rate,Civil Works - Others,,No,No,,22-Mar-2021 04:05 PM,30,No,Offline,Not Admitted-Fee/PreQual/Technical/Finance,,1,27-Mar-2021 04:45 PM,assessment,Price Bid Opening Date,,"743,330",,HPSEBL,2020-2021
ocds-kjhdrl-2021_HPSEB_45703_2,tender,tender,1,2024-11-08,2021_HPSEB_45703_2,OCN/DB-NIT No.-110/2020-21,OCN/DB-NIT No.-110/2020-21,Works,Open Tender,Turn-key,Civil Works - Others,,No,No,,22-Mar-2021 04:15 PM,30,No,Offline,,,1,27-Mar-2021 04:50 PM,assessment,Price Bid Opening Date,,"2,707,390",,HPSEBL,2020-2021
ocds-kjhdrl-2021_HPSEB_46817_1,tender,tender,1,2024-11-08,2021_HPSEB_46817_1,OCN/DB-27/NIT No.-02/2021-22,OCN/DB-27/NIT No.-02/2021-22,Works,Open Tender,Item Rate,Electrical Works,,No,No,,24-Apr-2021 09:00 AM,90,No,Offline,,,1,06-May-2021 11:30 AM,assessment,Price Bid Opening Date,,"799,545",,HPSEBL,2021-2022
ocds-kjhdrl-2021_HPSEB_46823_1,tender,tender,1,2024-11-08,2021_HPSEB_46823_1,OCN/DB-27/NIT No.-03/2021-22,OCN/DB-27/NIT No.-03/2021-22,Works,Open Tender,Item Rate,Electrical Works,,No,No,,24-Apr-2021 09:00 AM,90,No,Offline,,,1,06-May-2021 11:30 AM,assessment,Price Bid Opening Date,,"747,070",,HPSEBL,2021-2022
ocds-kjhdrl-2021_HPSEB_46826_1,tender,tender,1,2024-11-08,2021_HPSEB_46826_1,OCN/DB-27/NIT No.-01/2021-22,OCN/DB-27/NIT No.-01/2021-22,Works,Open Tender,Item Rate,Electrical Works,,No,No,,24-Apr-2021 09:00 AM,30,No,Offline,Not Admitted-PreQual/Technical,,1,17-May-2021 11:30 AM,assessment,Price Bid Opening Date,,"3,838,400",,HPSEBL,2021-2022
ocds-kjhdrl-2021_HPSEB_47532_1,tender,tender,1,2024-11-08,2021_HPSEB_47532_1,OCN/DB-27/NIT No.-08/2021-22,OCN/DB-27/NIT No.-08/2021-22,Works,Open Tender,Item Rate,Electrical Works,,No,No,,18-May-2021 12:00 PM,60,No,Offline,,,1,09-Jun-2021 11:30 AM,assessment,Price Bid Opening Date,,"573,310",,HPSEBL,2021-2022
ocds-kjhdrl-2021_HPSEB_47535_1,tender,tender,1,2024-11-08,2021_HPSEB_47535_1,OCN/DB-27/NIT No.-09/2021-22,OCN/DB-27/NIT No.-09/2021-22,Works,Open Tender,Item Rate,Electrical Works,,No,No,,18-May-2021 12:20 PM,60,No,Offline,,,1,09-Jun-2021 11:30 AM,assessment,Price Bid Opening Date,,"450,040",,HPSEBL,2021-2022
ocds-kjhdrl-2021_HPSEB_47608_2,tender,tender,1,2024-11-08,2021_HPSEB_47608_2,BVPCL/MD/Uhl Stage-III/Penstock/2021-01,Dismatling of SAILMA 550 HI steel and restoration work of Penstock of Uhl Stage III HEP,Works,Open Tender,Item Rate,Civil Works,,No,No,"55,46,67,776",26-May-2021 04:30 PM,180,No,Offline,,,1,19-Jul-2021 10:30 AM,assessment,Price Bid Opening Date,,"605,126,268",,HPSEBL,2021-2022
ocds-kjhdrl-2021_HPSEB_47723_2,tender,tender,1,2024-11-08,2021_HPSEB_47723_2,OCN/DB-27/NIT No.-22/2021-22,OCN/DB-27/NIT No.-22/2021-22,Works,Open Tender,Item Rate,Electrical Works,,No,No,,27-May-2021 04:40 PM,30,No,Offline,,,1,03-Jun-2021 11:30 AM,assessment,Price Bid Opening Date,,"671,215",,HPSEBL,2021-2022
ocds-kjhdrl-2021_HPSEB_48477_1,tender,tender,1,2024-11-08,2021_HPSEB_48477_1,OCN/DB-27/NIT No.-29/2021-22,OCN/DB-27/NIT No.-29/2021-22,Works,Open Tender,Item Rate,Electrical Works,,No,No,,14-Jun-2021 06:50 PM,60,No,Offline,,,1,22-Jun-2021 11:30 AM,assessment,Price Bid Opening Date,,"609,165",,HPSEBL,2021-2022
ocds-kjhdrl-2021_HPSEB_48530_1,tender,tender,1,2024-11-08,2021_HPSEB_48530_1,OCN/DB-27/NIT No.-30/2021-22,OCN/DB-27/NIT No.-30/2021-22,Works,Open Tender,Item Rate,Electrical Works,,No,No,,15-Jun-2021 09:00 AM,60,No,Offline,,,1,22-Jun-2021 11:30 AM,assessment,Price Bid Opening Date,,"575,600",,HPSEBL,2021-2022
ocds-kjhdrl-2021_HPSEB_48532_1,tender,tender,1,2024-11-08,2021_HPSEB_48532_1,OCN/DB-27/NIT No.-31/2021-22,OCN/DB-27/NIT No.-31/2021-22,Works,Open Tender,Item Rate,Electrical Works,,No,No,,15-Jun-2021 09:00 AM,60,No,Offline,,,1,22-Jun-2021 11:30 AM,assessment,Price Bid Opening Date,,"608,150",,HPSEBL,2021-2022
ocds-kjhdrl-2021_HPSEB_51331_1,tender,tender,1,2024-11-08,2021_HPSEB_51331_1,OCN/DB-27/NIT-No-68/2021-22,OCN/DB-27/NIT-No-68/2021-22,Works,Open Tender,Item Rate,Composite Works,,No,No,,17-Aug-2021 01:30 PM,60,No,Online,,,1,01-Sep-2021 11:30 AM,assessment,Price Bid Opening Date,,"1,354,465",,HPSEBL,2021-2022
ocds-kjhdrl-2021_PWD_44206_1,tender,tender,1,2024-11-08,2021_PWD_44206_1,PW-KD/E-Tender/2020-21-4697-99 DT 29-01-2021,Restoration of rain damages Gumma Pujarli Baghi Road in K.M. 0/00 to 28/545,Works,Open Tender,Item Rate,Civil Works - Roads,,No,No,"69,89,457",09-Feb-2021 04:50 PM,90,No,Offline,,,1,17-Feb-2021 11:00 AM,assessment,Price Bid Opening Date,,"15,898,908",,PWD,2020-2021
ocds-kjhdrl-2021_PWD_45258_1,tender,tender,1,2024-11-08,2021_PWD_45258_1,8846-96 dated 12.02.2021,"C/O Additional accommodation to Govt. Sr.Sec.School Nihalgarh, Tehsil Paonta Sahib, District Sirmour(HP) (SH Construction of Four Rooms).",Works,Open Tender,Item Rate,Civil Works - Buildings,,No,No,,09-Mar-2021 04:30 PM,75,No,Online,,,1,16-Mar-2021 11:00 AM,assessment,Price Bid Opening Date,,"3,209,632",,PWD,2020-2021
ocds-kjhdrl-2021_PWD_45558_1,tender,tender,1,2024-11-08,2021_PWD_45558_1,PW/BD/CB/Tend.Notice/20- 16408-57 Dt.03.03.21,Construction of Judicial Courts Complex at Banjar District Kullu HP.,Works,Open Tender,Item Rate,Civil Works - Buildings,,No,No,"5,53,36,165",15-Mar-2021 01:30 PM,90,No,Offline,,,1,31-Mar-2021 11:00 AM,assessment,Price Bid Opening Date,,"89,233,441",,PWD,2020-2021
ocds-kjhdrl-2021_PWD_45702_1,tender,tender,1,2024-11-08,2021_PWD_45702_1,14501-11 dated 26-02-2021,Annual Maintenance Plan for the year 2021-22 for Garkhal to Subathu road in Km. 0/00 to 12/00,Works,Open Tender,Item Rate,Civil Works,,No,No,,17-Mar-2021 05:45 PM,90,No,Online,,,1,24-Mar-2021 11:00 AM,assessment,Price Bid Opening Date,,"3,211,541",,PWD,2020-2021
ocds-kjhdrl-2021_PWD_45791_1,tender,tender,1,2024-11-08,2021_PWD_45791_1,Notice no. 10867 dated 17.03.2021,"Periodical Maintenance on Banethi Bagthan Rajgarh Chandol road in Km. 48/0 to 82/0 (SH Providing Laying renewal coat by providing WBM G-III, PC for patch work, BC 30mm thick in Km. 51/0 to 55/0 , Under AMP 2021-22",Works,Open Tender,Item Rate,Civil Works,,No,No,,20-Mar-2021 02:00 PM,75,No,Online,,,1,25-Mar-2021 03:30 PM,assessment,Price Bid Opening Date,,"5,540,177",,PWD,2020-2021
ocds-kjhdrl-2021_PWD_45888_1,tender,tender,1,2024-11-08,2021_PWD_45888_1,15151-61 dated 19-03-2021,C O Zonal Leprosy Hospital Building at Lohanji tehsil Distt Solan,Works,Open Tender,Item Rate,Civil Works,,No,No,"8,88,528",01-Apr-2021 10:00 AM,75,No,Online,,,1,12-Apr-2021 11:00 AM,assessment,Price Bid Opening Date,,"662,899",,PWD,2020-2021
ocds-kjhdrl-2021_PWD_45890_1,tender,tender,1,2024-11-08,2021_PWD_45890_1,15151-61 dated 19-03-2021,C O Zonal Leprosy Hospital Building at Lohanji tehsil Distt Solan,Works,Open Tender,Item Rate,Civil Works,,No,No,"6,58,688",01-Apr-2021 10:00 AM,75,No,Online,,,1,12-Apr-2021 11:00 AM,assessment,Price Bid Opening Date,,"502,692",,PWD,2020-2021
ocds-kjhdrl-2021_PWD_45997_1,tender,tender,1,2024-11-08,2021_PWD_45997_1,9992-10001 dated 18.03.2021,"Routine maintenance of Baddri Nagar Jamniwala Parduni road km. 0/0 to 14/500, Paonta Rampurghat road km. 0/0 to 5/0, Link road from NH-07 Bhuppur to Tibetian Colony km. 0/0 to 1/0 and link road from Pipliwala Kiratpur Fatehpur km. 0/0 to 2/150. Under",Works,Open Tender,Item Rate,Civil Works - Roads,,No,No,,27-Mar-2021 04:30 PM,90,No,Online,,,1,09-Apr-2021 11:30 AM,assessment,Price Bid Opening Date,,"3,587,425",,PWD,2020-2021
ocds-kjhdrl-2021_PWD_46063_3,tender,tender,1,2024-11-08,2021_PWD_46063_3,No.KD-GA-2020-21- 14672-14771 dated 15.3.2021,"M/T and improvement of Geometrics, C/D work on Udeni km 0/0 to 0/500 Providing and laying",Works,Open Tender,Item Rate,Civil Works,,No,No,,30-Mar-2021 10:00 AM,75,No,Online,,,1,06-Apr-2021 11:30 AM,assessment,Price Bid Opening Date,,"1,864,692",,PWD,2020-2021
ocds-kjhdrl-2021_PWD_46105_4,tender,tender,1,2024-11-08,2021_PWD_46105_4,tender/2020-1-10195-205 dated 25.03.2021,Restoration of rain damages to various roads under Paonta Sub-Division No. I. (SH- Providing and laying patch work at various points of roads).,Works,Open Tender,Item Rate,Civil Works - Roads,,No,No,,12-Apr-2021 04:30 PM,75,No,Online,,,1,19-Apr-2021 11:00 AM,assessment,Price Bid Opening Date,,"710,946",,PWD,2020-2021
ocds-kjhdrl-2021_PWD_46520_1,tender,tender,1,2024-11-08,2021_PWD_46520_1,No.SEVII/NIT/NABARD/ 117-50 dated 01/04/2021,"Metalling/Tarring of Ghoom to Janjla road Km. 0/0 to 4/800 under NABARD Project-RIDF XXVI Formation cutting Retaining wall, PCC drain , parapets and Metalling and Tarring",Works,Open Tender,Item Rate,Civil Works - Roads,,No,No,,16-Apr-2021 10:00 AM,75,No,Online,,,1,23-Apr-2021 11:30 AM,assessment,Price Bid Opening Date,,"26,872,191",,PWD,2020-2021
ocds-kjhdrl-2021_PWD_46520_2,tender,tender,1,2024-11-08,2021_PWD_46520_2,No.SEVII/NIT/NABARD/ 117-50 dated 01/04/2021,"Metalling/Tarring of link road to village Sirna Km. 0/0 to 4/325 under NABARD Project-RIDF XXVI Formation cutting Retaining wall, PCC drain , parapets and Metalling and Tarring",Works,Open Tender,Item Rate,Civil Works - Roads,,No,No,,16-Apr-2021 10:00 AM,75,No,Online,,,1,23-Apr-2021 11:30 AM,assessment,Price Bid Opening Date,,"26,423,056",,PWD,2020-2021
ocds-kjhdrl-2021_PWD_46561_1,tender,tender,1,2024-11-08,2021_PWD_46561_1,No.PW/BD/CB/Tend.Notice/2021- 86-155 Dt.07.04.21,Balance work of Metalling Tarring on Garsa to Diyar road via Thawari Baksari Hungridhar road Km.0-0 to 7-0,Works,Open Tender,Item Rate,Civil Works - Roads,,No,No,"1,39,63,836",16-Apr-2021 10:00 AM,90,No,Offline,,,1,23-Apr-2021 11:00 AM,assessment,Price Bid Opening Date,,"19,867,915",,PWD,2020-2021
ocds-kjhdrl-2021_PWD_47471_1,tender,tender,1,2024-11-08,2021_PWD_47471_1,973-1040 dt.04.05.2021,Annual periiodical maintenance for the year 2021-22 on Damothi Bharthidhar road Km.0-0 to 14-300,Works,Open Tender,Item Rate,Civil Works - Roads,,No,No,"70,78,418",17-May-2021 10:00 AM,90,No,Offline,,,1,25-May-2021 11:00 AM,assessment,Price Bid Opening Date,,"9,148,336",,PWD,2021-2022
ocds-kjhdrl-2021_PWD_47526_1,tender,tender,1,2024-11-08,2021_PWD_47526_1,PW/BD/CB/Tend.Notice/2021- 1211-80 Dt.10.05.21,Construction of Langni to Chhawara road Km.0-0 to 5-450.,Works,Open Tender,Item Rate,Civil Works - Roads,,No,No,"5,25,53,791",20-May-2021 10:00 AM,75,No,Offline,,,1,28-May-2021 11:00 AM,assessment,Price Bid Opening Date,,"49,863,526",,PWD,2021-2022
ocds-kjhdrl-2021_PWD_47533_1,tender,tender,1,2024-11-08,2021_PWD_47533_1,PW/BD/CB/Tend.Notice/2021- 1290-1359Dt.10.05.21,Construction of Naglari Nallah to Nahin and Ghat in Gram Panchayat Nohanda km.0-0 to 11-490,Works,Open Tender,Item Rate,Civil Works - Roads,,No,No,"9,06,09,810",20-May-2021 10:00 AM,75,No,Offline,,,1,28-May-2021 11:00 AM,assessment,Price Bid Opening Date,,"49,863,526",,PWD,2021-2022
ocds-kjhdrl-2021_PWD_47621_2,tender,tender,1,2024-11-08,2021_PWD_47621_2,SE Nurpur letter No. 258-62 dated 23.04.2021,Construction of Link Road Samlehtar to Koke via Kai in Km 0/0 to 3/070,Works,Open Tender,Item Rate,Civil Works,,No,No,,19-May-2021 06:00 PM,75,No,Online,,,1,02-Jun-2021 11:30 AM,assessment,Price Bid Opening Date,,"17,332,848",,PWD,2021-2022
ocds-kjhdrl-2021_PWD_47699_1,tender,tender,1,2024-11-08,2021_PWD_47699_1,TENDER NOTICE NO 644-50 DATED 05.5.2021,CONSTRUCTION OF LINK ROAD FROM KALOHA SHANTLA ROAD TO SIDH PUNANI ROAD KM 0.0 TO 1.500 SUB HEAD 5.7 METER VIDE FORMATION CUTTING 900NN DIA HUME PIPE CULVERT NP2 AT RD 0.950 AND M.T IN KM 0.0 TO 0.200 AND 0.550 TO 0.850 UNDER OTMNP,Works,Open Tender,Item Rate,Civil Works,,No,No,,22-May-2021 04:00 PM,60,No,Online,,,1,04-Jun-2021 11:00 AM,assessment,Price Bid Opening Date,,"1,514,657",,PWD,2021-2022
ocds-kjhdrl-2021_PWD_47769_1,tender,tender,1,2024-11-08,2021_PWD_47769_1,"Panhar to Bachhwai road Km 0.0 to 1.0, 3.0 to 4.0",Providing and laying Annual Surfacing (Periodic Maintenance) on Panhar to Bachhwai road Km 0/0 to 1/0 and 3/0 to 4/0 under Rural roads in the state of HP,Works,Open Tender,Item Rate,Civil Works - Roads,,No,No,"17,52,750",25-May-2021 02:00 PM,120,No,Online,,,1,08-Jun-2021 11:30 AM,assessment,Price Bid Opening Date,,"2,600,447",,PWD,2021-2022
ocds-kjhdrl-2021_PWD_47861_1,tender,tender,1,2024-11-08,2021_PWD_47861_1,Govt. Senior Secondary School Ballah,Balance work of Govt. Sen. Sec. School Ballah Tehsil Dheera Distt. Kangra (HP),Works,Open Tender,Item Rate,Civil Works - Buildings,,No,No,"19,37,365",31-May-2021 10:00 AM,120,No,Online,,,1,17-Jun-2021 11:30 AM,assessment,Price Bid Opening Date,,"2,420,437",,PWD,2021-2022
ocds-kjhdrl-2021_PWD_48064_1,tender,tender,1,2024-11-08,2021_PWD_48064_1,912-61 HPPWD Division Palampur,C/O Link road from Chandpur to Kandwari via Spedu Km. 0/00 to 1/150 under NABARD,Works,Open Tender,Item Rate,Civil Works - Bridges,,No,No,,03-Jun-2021 12:30 PM,120,No,Online,,,1,15-Jun-2021 11:30 AM,assessment,Price Bid Opening Date,,"4,107,674.33",,PWD,2021-2022
ocds-kjhdrl-2021_PWD_48104_3,tender,tender,1,2024-11-08,2021_PWD_48104_3,NO.PW-RGH-Estt-tender-21-1788 dt 03.06.2021,Construction of Rajgarh Yashwant Nagar via Badgalla road km 0/0 to 15/00 (SH Providing and Laying WBM G-I and Unlined drain between km 11/00 to 12/500).,Works,Open Tender,Item Wise,Civil Works - Roads,,No,No,,04-Jun-2021 09:00 AM,75,No,Online,,,1,11-Jun-2021 11:00 AM,assessment,Price Bid Opening Date,,"760,533",,PWD,2021-2022
ocds-kjhdrl-2021_PWD_48248_3,tender,tender,1,2024-11-08,2021_PWD_48248_3,PW-SRDD-CB-CTR-2020-21-1698 dated 18-05-2021.,M/T on Ambulance road from Primary School to Pawar (Under Shogi sub division),Works,Open Tender,Item Rate,Civil Works - Roads,,No,No,"11,90,605",08-Jun-2021 03:00 PM,75,No,Online,,,1,15-Jun-2021 11:00 AM,assessment,Price Bid Opening Date,,"1,211,203",,PWD,2021-2022
ocds-kjhdrl-2021_PWD_48331_2,tender,tender,1,2024-11-08,2021_PWD_48331_2,tender/2021-22-1324-79 dated 04.06.2021,C/O link road to village Bhatna Kyalna to Giri Nadi km.0/0 to 2/500.,Works,Open Tender,Item Rate,Civil Works - Roads,,No,No,,11-Jun-2021 04:30 PM,75,No,Online,,,1,21-Jun-2021 11:00 AM,assessment,Price Bid Opening Date,,"365,300",,PWD,2021-2022
ocds-kjhdrl-2021_PWD_48406_1,tender,tender,1,2024-11-08,2021_PWD_48406_1,tender/2021-22-785-834 dated 11.05.2021,Construction of link road Harizan Basti Khairrni km.0/0 to 5/0.,Works,Open Tender,Item Rate,Civil Works - Roads,,No,No,,16-Jun-2021 04:30 PM,75,No,Online,,,1,25-Jun-2021 11:00 AM,assessment,Price Bid Opening Date,,"1,306,791",,PWD,2021-2022
ocds-kjhdrl-2021_PWD_48406_2,tender,tender,1,2024-11-08,2021_PWD_48406_2,tender/2021-22-785-834 dated 11.05.2021,Construction of link road to village Dadhiyat in G.P. Chhachheti km.0/0 to 1/300.,Works,Open Tender,Item Rate,Civil Works - Roads,,No,No,,16-Jun-2021 04:30 PM,75,No,Online,,,1,25-Jun-2021 11:00 AM,assessment,Price Bid Opening Date,,"1,814,425",,PWD,2021-2022
ocds-kjhdrl-2021_PWD_48710_3,tender,tender,1,2024-11-08,2021_PWD_48710_3,PW-SRDD-CB-CTR-2021-1932 dated 01-06-2021,A/R and M/O Suspension foot bridge at Chaba Tehsil Sunni Distt. Shimla,Works,Open Tender,Item Rate,Civil Works - Bridges,,No,No,"9,54,736",18-Jun-2021 06:00 PM,75,No,Online,,,1,29-Jun-2021 11:00 AM,assessment,Price Bid Opening Date,,"1,602,896",,PWD,2021-2022
ocds-kjhdrl-2021_PWD_48804_1,tender,tender,1,2024-11-08,2021_PWD_48804_1,NAHAN 1481-1510,R/o NICU/PICU Ward in DYSPGMC at Nahan,Works,Open Tender,Item Rate,Civil Works - Buildings,,No,No,"19,58,511",19-Jun-2021 06:00 PM,75,No,Online,,,1,29-Jun-2021 11:00 AM,assessment,Price Bid Opening Date,,"2,286,544",,PWD,2021-2022
ocds-kjhdrl-2021_PWD_49107_1,tender,tender,1,2024-11-08,2021_PWD_49107_1,PW/BD/CB/Tend./2021-2444-93 dt.16.06.21,Performance based maintenance contract of Bhuntar to Garsa road kilometre 4-780 to 14-0,Works,Open Tender,Item Rate,Civil Works - Roads,,No,No,"12,92,430",26-Jun-2021 04:00 PM,75,No,Offline,,,1,03-Jul-2021 11:00 AM,assessment,Price Bid Opening Date,,"968,941",,PWD,2021-2022
ocds-kjhdrl-2021_PWD_49150_1,tender,tender,1,2024-11-08,2021_PWD_49150_1,2444-93 Dated-16.06.2021,Performance based maintenance contract of Khora-age to Bhallan road kilometre 0-0 to 10-865,Works,Open Tender,Item Rate,Civil Works - Roads,,No,No,"15,34,835",29-Jun-2021 10:00 AM,75,No,Offline,,,1,06-Jul-2021 11:00 AM,assessment,Price Bid Opening Date,,"1,370,501",,PWD,2021-2022
ocds-kjhdrl-2021_PWD_49152_1,tender,tender,1,2024-11-08,2021_PWD_49152_1,2444-93 Dated-16.06.2021,Performance based maintenance contract of Siund Neuli road kilometre 2-660 to 09-180,Works,Open Tender,Item Rate,Civil Works - Roads,,No,No,"13,10,599",29-Jun-2021 10:00 AM,75,No,Offline,,,1,06-Jul-2021 11:00 AM,assessment,Price Bid Opening Date,,"1,227,676",,PWD,2021-2022
ocds-kjhdrl-2021_PWD_49171_6,tender,tender,1,2024-11-08,2021_PWD_49171_6,PW-RGH-Estt-tender-21-2308-58 dt.25.06.21,"A/R M/O on various road of Rajgarh-II Section under Rajgarh Sub Division (SH Hiring of JCB for removal of slips, removal of debris, dressing of berms and clearing of drains in various RDs)",Works,Open Tender,Item Rate,Civil Works,,No,No,,30-Jun-2021 02:00 PM,75,No,Online,,,1,05-Jul-2021 03:00 PM,assessment,Price Bid Opening Date,,"108,000",,PWD,2021-2022
ocds-kjhdrl-2021_PWD_49286_1,tender,tender,1,2024-11-08,2021_PWD_49286_1,TA-2901-05 date- 16.06.2021,"C/o road form Ghamrola Pul Chandi via Ghat Doechi, Kaker Doechi km 0/0 to 5/700 (SH- C/o 900mm dia R.C.C Hume pipe Culvert with wing wall at RD 0/160 and 0/270 - 2No. (Under MNP)",Works,Open Tender,Item Rate,Civil Works,,No,No,,01-Jul-2021 09:00 AM,75,No,Online,,,1,09-Jul-2021 11:30 AM,assessment,Price Bid Opening Date,,"374,441",,PWD,2021-2022
ocds-kjhdrl-2021_PWD_49314_1,tender,tender,1,2024-11-08,2021_PWD_49314_1,2941-90 Dated-25.06.2021,Annual Repair and maintenance of various roads of Banjar sub division,Works,Open Tender,Item Rate,Civil Works - Roads,,No,No,"21,79,560",01-Jul-2021 02:30 PM,75,No,Offline,,,1,08-Jul-2021 11:00 AM,assessment,Price Bid Opening Date,,"2,816,273",,PWD,2021-2022
ocds-kjhdrl-2021_PWD_49317_2,tender,tender,1,2024-11-08,2021_PWD_49317_2,PW-JD/E-Tender/2021-22 -2173-75 DT 26.6.2021,Providing Periodical Maintenance to Mandhole Mangauta RAOD under AMP 20221-22 (Add),Works,Open Tender,Item Rate,Civil Works - Roads,,No,No,"61,92,985",01-Jul-2021 02:00 PM,120,No,Online,,,1,09-Jul-2021 11:00 AM,assessment,Price Bid Opening Date,,"6,485,301",,PWD,2021-2022
ocds-kjhdrl-2021_PWD_49686_3,tender,tender,1,2024-11-08,2021_PWD_49686_3,Tender/2021-22-1576-1626 dated 16.06.2021,Repair/Renovation of Examination hall in Govt. Sr. Sec. School Majra District Sirmour (HP). (SH- Construction of first floor and repair of ground floor building),Works,Open Tender,Item Rate,Civil Works - Buildings,,No,No,"14,54,850",30-Jul-2021 04:30 PM,75,No,Online,,,1,06-Aug-2021 11:00 AM,assessment,Price Bid Opening Date,,"2,274,396",,PWD,2021-2022
ocds-kjhdrl-2021_PWD_49689_1,tender,tender,1,2024-11-08,2021_PWD_49689_1,No.BGN/2020-21-3679-3706 dated 07.07.2021Job1,C/O Ambehra Kukhera Kokra Harot road,Works,Open Tender,Item Rate,Civil Works - Others,,No,No,"6,86,502",14-Jul-2021 11:00 AM,120,No,Online,,,1,28-Jul-2021 11:00 AM,assessment,Price Bid Opening Date,,"836,736",,PWD,2021-2022
ocds-kjhdrl-2021_PWD_49696_1,tender,tender,1,2024-11-08,2021_PWD_49696_1,49666.0,CO C D on Link road to Village Bathol in Km 0 00 to 1 745,Works,Open Tender,Item Rate,Civil Works,,No,No,"7,32,607",09-Jul-2021 06:00 PM,90,No,Online,,,1,21-Jul-2021 11:00 AM,assessment,Price Bid Opening Date,,"852,056",,PWD,2021-2022
ocds-kjhdrl-2021_PWD_49943_1,tender,tender,1,2024-11-08,2021_PWD_49943_1,No.PWC-WA-II- 4205-4304 dated 7.7.21,R/O damages due to laying of optical fibre on Khajjiar to Mangla Ohli Bharian road laying of Patch work on Chamba Khajjiar road Between 5/0 to 18/0,Works,Open Tender,Item Rate,Civil Works,,No,No,"17,37,299",15-Jul-2021 05:00 PM,75,No,Online,,,1,23-Jul-2021 11:30 AM,assessment,Price Bid Opening Date,,"2,992,185",,PWD,2021-2022
ocds-kjhdrl-2021_PWD_49946_3,tender,tender,1,2024-11-08,2021_PWD_49946_3,No.WA-II- 4205-4304 dt 7.3.21,"Construction of link road to village Dadri Km.0/0 to 2/260 (Construction of X-drainage work , wing walls , Retaining walls and V-shape drain",Works,Open Tender,Item Rate,Civil Works,,No,No,"13,56,807",15-Jul-2021 06:00 PM,90,No,Online,,,1,23-Jul-2021 11:30 AM,assessment,Price Bid Opening Date,,"1,881,856",,PWD,2021-2022
ocds-kjhdrl-2021_PWD_50185_1,tender,tender,1,2024-11-08,2021_PWD_50185_1,PW-KD-E-Tender/2021-22-1890-92 dt 17-7-2021,Restoration of Rain Damages on Gumma Baghi Road in K.M. 0/00 to 28/545,Works,Open Tender,Item Rate,Civil Works - Roads,,No,No,"1,25,48,817",21-Jul-2021 03:20 PM,90,No,Online,,,1,28-Jul-2021 11:00 AM,assessment,Price Bid Opening Date,,"14,460,029",,PWD,2021-2022
ocds-kjhdrl-2021_PWD_50275_1,tender,tender,1,2024-11-08,2021_PWD_50275_1,NIT NO.7129-78,Construction of 102.50 mtrs Span Motorage bridge over Neogal Khad in between Sullah Jajjar and Parour road including approach road Km. 0/00 to 0/765.,Works,Open Tender,Item Rate,Civil Works - Roads,,No,No,"20,58,850",23-Jul-2021 03:30 PM,75,No,Online,,,1,30-Jul-2021 11:30 AM,assessment,Price Bid Opening Date,,"2,989,500",,PWD,2021-2022
ocds-kjhdrl-2021_PWD_50458_1,tender,tender,1,2024-11-08,2021_PWD_50458_1,PWD-TA-tender/2021-22- 3832-81 dated 13.07.2021,Restoration of Damage Due to laying of OFC on Shahpur Sihunta Chowari Jot Chamba Bharmour road Km. 40/0 to 76/0,Works,Open Tender,Item Rate,Civil Works,,No,No,"10,71,093",28-Jul-2021 03:00 PM,75,No,Online,,,1,04-Aug-2021 03:30 PM,assessment,Price Bid Opening Date,,"1,766,452",,PWD,2021-2022
ocds-kjhdrl-2021_PWD_50458_2,tender,tender,1,2024-11-08,2021_PWD_50458_2,PWD-TA-tender/2021-22- 3832-81 dated 13.07.2021,Restoration of Rain Damage on Dramnallah Dhulara Motla Rajain road Km. 0/0 to 13/0,Works,Open Tender,Item Rate,Civil Works,,No,No,"8,04,881",28-Jul-2021 03:00 PM,75,No,Online,,,1,04-Aug-2021 03:30 PM,assessment,Price Bid Opening Date,,"1,273,553",,PWD,2021-2022
ocds-kjhdrl-2021_PWD_50874_1,tender,tender,1,2024-11-08,2021_PWD_50874_1,GSSSAuhar,GSSSAuhar,Works,Open Tender,Item Rate,Civil Works,,No,No,"9,08,387",06-Aug-2021 06:00 PM,120,No,Offline,,,1,20-Aug-2021 11:00 AM,assessment,Price Bid Opening Date,,"1,197,795",,PWD,2021-2022
ocds-kjhdrl-2021_PWD_50893_1,tender,tender,1,2024-11-08,2021_PWD_50893_1,EE Dehra letter No.3464-69 dated 02.08.2021,Providing and fixing manifold system alongwith tubning for 100 beded Civil hospital at Dehra,Works,Open Tender,Item Rate,Civil Works - Others,,No,No,,06-Aug-2021 10:00 AM,75,No,Online,,,1,13-Aug-2021 11:30 AM,assessment,Price Bid Opening Date,,"2,242,700",,PWD,2021-2022
ocds-kjhdrl-2021_PWD_50893_2,tender,tender,1,2024-11-08,2021_PWD_50893_2,EE Dehra letter No.3464-69 dated 02.08.2021,Providing and fixing manifold system alongwith tubning for 100 beded Civil hospital at Dehra,Works,Open Tender,Item Rate,Civil Works - Others,,No,No,,06-Aug-2021 10:00 AM,75,No,Online,,,1,13-Aug-2021 11:30 AM,assessment,Price Bid Opening Date,,"2,357,650",,PWD,2021-2022
ocds-kjhdrl-2021_PWD_50893_3,tender,tender,1,2024-11-08,2021_PWD_50893_3,EE Dehra letter No.3464-69 dated 02.08.2021,Providing and fixing manifold system alongwith tubning for 100 beded Civil hospital at Dehra,Works,Open Tender,Item Rate,Civil Works - Others,,No,No,,06-Aug-2021 10:00 AM,75,No,Online,,,1,13-Aug-2021 11:30 AM,assessment,Price Bid Opening Date,,"1,971,130",,PWD,2021-2022
ocds-kjhdrl-2021_PWD_50956_4,tender,tender,1,2024-11-08,2021_PWD_50956_4,Tender Not no.5074-5123 Dt.05.08.2021,Annual Repair and maintenance of various roads of Bajaura sub division,Works,Open Tender,Item Rate,Civil Works - Roads,,No,No,"7,72,268",12-Aug-2021 10:00 AM,75,No,Offline,,,1,20-Aug-2021 11:00 AM,assessment,Price Bid Opening Date,,"800,910",,PWD,2021-2022
ocds-kjhdrl-2021_PWD_50979_2,tender,tender,1,2024-11-08,2021_PWD_50979_2,5938-68 HPPWD Division Palampur,"C/O Cow Sanctuary at Kudan Dehal PO Jia, Tehsil Palampur",Works,Open Tender,Item Rate,Civil Works - Buildings,,No,No,"23,92,259",12-Aug-2021 10:00 AM,120,No,Online,,,1,18-Aug-2021 11:30 AM,assessment,Price Bid Opening Date,,"3,411,266",,PWD,2021-2022
ocds-kjhdrl-2021_PWD_50986_1,tender,tender,1,2024-11-08,2021_PWD_50986_1,5327-76 dt.06.08.2021,Annual REpair and maintenance of Larji Sainj road km 0-0 to 12-240,Works,Open Tender,Item Rate,Civil Works - Roads,,No,No,"28,38,451",09-Aug-2021 02:00 PM,75,No,Offline,,,1,16-Aug-2021 11:00 AM,assessment,Price Bid Opening Date,,"1,929,008",,PWD,2021-2022
ocds-kjhdrl-2021_PWD_51008_1,tender,tender,1,2024-11-08,2021_PWD_51008_1,5024-73 dated-05.08.2021,Maintenance of Bajaura Ruaru road Km. 0-0 to 1-410,Works,Open Tender,Item Rate,Civil Works - Roads,,No,No,"25,50,574",10-Aug-2021 09:30 AM,75,No,Offline,,,1,17-Aug-2021 11:00 AM,assessment,Price Bid Opening Date,,"2,792,818",,PWD,2021-2022
ocds-kjhdrl-2021_PWD_51070_8,tender,tender,1,2024-11-08,2021_PWD_51070_8,PW-RD-GA-T-5150-5250dt28-7-21,C/O link road from Kundralu Bawadi to H.B. Shonthru km 0/0 to 4/0,Works,Open Tender,Item Rate,Civil Works - Roads,,No,No,,16-Aug-2021 02:00 PM,45,No,Online,,,1,23-Aug-2021 11:00 AM,assessment,Price Bid Opening Date,,"2,782,283",,PWD,2021-2022
ocds-kjhdrl-2021_PWD_51348_5,tender,tender,1,2024-11-08,2021_PWD_51348_5,tender/2021-22- 3973-4023 dated 09.08.2021,Construction of road from Kodewala to Bhagtawali km 0/0 to 1/0.(SH-construction of 10.80 mtr span R.C.C. Box cell culvert at additional RD 0/535).Under MNP.,Works,Open Tender,Item Rate,Civil Works - Roads,,No,No,"17,32,600",20-Aug-2021 04:30 PM,75,No,Online,,,1,27-Aug-2021 11:00 AM,assessment,Price Bid Opening Date,,"1,699,258",,PWD,2021-2022
ocds-kjhdrl-2021_PWD_51435_1,tender,tender,1,2024-11-08,2021_PWD_51435_1,NO.PWC-WA-II 6024-123 dated 11.8.21,"A/R and maintenance of various roads under Chamba Sub Division No. I, Providing patch work with paver",Works,Open Tender,Item Rate,Civil Works,,No,No,"8,27,895",19-Aug-2021 05:00 PM,75,No,Online,,,1,26-Aug-2021 11:30 AM,assessment,Price Bid Opening Date,,"1,435,600",,PWD,2021-2022
ocds-kjhdrl-2021_PWD_51435_2,tender,tender,1,2024-11-08,2021_PWD_51435_2,NO.PWC-WA-II 6024-123 dated 11.8.21,"A/R and maintenance of various roads under Chamba Sub Division No. II,Providing patch work with paver)",Works,Open Tender,Item Rate,Civil Works,,No,No,"5,97,450",19-Aug-2021 05:00 PM,75,No,Online,,,1,26-Aug-2021 11:30 AM,assessment,Price Bid Opening Date,,"1,036,000",,PWD,2021-2022
ocds-kjhdrl-2021_PWD_51435_4,tender,tender,1,2024-11-08,2021_PWD_51435_4,NO.PWC-WA-II 6024-123 dated 11.8.21,"A/R and maintenance of various roads under Chamba Sub Division No. II, Providing patch work",Works,Open Tender,Item Rate,Civil Works,,No,No,"3,07,260",19-Aug-2021 05:00 PM,75,No,Online,,,1,26-Aug-2021 11:30 AM,assessment,Price Bid Opening Date,,"532,800",,PWD,2021-2022
ocds-kjhdrl-2021_PWD_51476_7,tender,tender,1,2024-11-08,2021_PWD_51476_7,No. PW-NHC-EA-Tender/ NIT /2021-22 1875-1974,Restoration of rain damages on Chakki- Banikhet Chamba Bharmour road NH 154A Km 106/0 to 172/0 ( SH C/o 900 mm dia hume pipe culvert at RD 151/800.,Works,Open Tender,Item Rate,Civil Works - Roads,,No,No,"3,14,635",23-Aug-2021 10:00 AM,75,No,Online,,,1,31-Aug-2021 11:30 AM,assessment,Price Bid Opening Date,,"245,938",,PWD,2021-2022
ocds-kjhdrl-2021_PWD_51605_1,tender,tender,1,2024-11-08,2021_PWD_51605_1,No.PWC-WA-II- 6242-341 dated 16.08.2021,Construction of Baily to Sanged road Km. 1/935 to 4/200 Formation cutting Retaining walls,Works,Open Tender,Item Rate,Civil Works - Roads,,No,No,"1,46,77,857",25-Aug-2021 10:00 AM,75,No,Online,,,1,03-Sep-2021 11:30 AM,assessment,Price Bid Opening Date,,"10,769,133",,PWD,2021-2022
ocds-kjhdrl-2021_PWD_51967_1,tender,tender,1,2024-11-08,2021_PWD_51967_1,PW-MDI-Tender-NIT- 7572-7607 dated 21.08.2021,Annual Preventive maintenance of Seghali Baggi Prasher Jawalpur Panarsa road (MDR-068) Major District Roads using Micro Surfacing for the year 2021-22,Works,Open Tender,Item Rate,Civil Works - Roads,,No,No,"18,18,701",06-Sep-2021 11:00 AM,90,No,Both(Online/Offline),,,1,13-Sep-2021 11:30 AM,assessment,Price Bid Opening Date,,"1,905,120",,PWD,2021-2022
ocds-kjhdrl-2021_PWD_52046_3,tender,tender,1,2024-11-08,2021_PWD_52046_3,PW-BLP1-CB-eproc/21-4217-42 dt 27.7.21,Special repair to main hospital Building at Bilaspur Part III,Works,Open Tender,Item Rate,Civil Works - Buildings,,No,No,"15,07,222",07-Sep-2021 06:10 PM,75,No,Online,,,1,13-Sep-2021 11:00 AM,assessment,Price Bid Opening Date,,"1,218,650",,PWD,2021-2022
ocds-kjhdrl-2021_PWD_52080_1,tender,tender,1,2024-11-08,2021_PWD_52080_1,TENDER NOTICE NO 3251-65 DATED 25.8.2021,A.R AND M.O VARIOUS BRIDGES UNDER KOTL BEHAR DIVISION HPPWD KOTLA BEHAR SUB HEAD P.L 12MM THCIK MASTIC ASPHALT,Works,Open Tender,Item Rate,Civil Works,,No,No,"4,99,746",08-Sep-2021 03:00 PM,30,No,Online,,,1,14-Sep-2021 11:30 AM,assessment,Price Bid Opening Date,,"1,643,460",,PWD,2021-2022
ocds-kjhdrl-2021_PWD_52109_7,tender,tender,1,2024-11-08,2021_PWD_52109_7,PW-TA-2021-7283-7382dt-26-8-21,"Construction of Shillai Pashmi Bali Koti Kandyari road Km 0/0 to 12/0 (SH- C/o 5/7 Mtr wide road, Providing and laying essential C.D. works and Providing laying 90mm to 40mm size Grade-I in Km 5/600 to 12/0)(SW- Construction of C.D. works 900 mm d",Works,Open Tender,Item Rate,Civil Works - Roads,,No,No,"27,40,674",09-Sep-2021 12:00 PM,90,No,Online,,,1,17-Sep-2021 12:30 PM,assessment,Price Bid Opening Date,,"1,697,054",,PWD,2021-2022
ocds-kjhdrl-2021_PWD_52178_1,tender,tender,1,2024-11-08,2021_PWD_52178_1,7486-7535 Dated-04.09.2021,Construction of Aut Banjar Abandoned road from Aut to Larji kilometre0-0 to 2-700,Works,Open Tender,Item Rate,Civil Works - Roads,,No,No,"5,64,25,921",11-Sep-2021 10:00 AM,90,No,Offline,,,1,25-Sep-2021 11:00 AM,assessment,Price Bid Opening Date,,"39,657,298",,PWD,2021-2022
ocds-kjhdrl-2021_PWD_52202_1,tender,tender,1,2024-11-08,2021_PWD_52202_1,TA- 6058-62 dated 01.09.2021,"C/o Toilet Block in Govt. Degree Collage Ramshehar, Distt. Solan (H.P)",Works,Open Tender,Item Rate,Civil Works,,No,No,"98,620",13-Sep-2021 10:00 AM,75,No,Online,,,1,23-Sep-2021 11:30 AM,assessment,Price Bid Opening Date,,"112,989",,PWD,2021-2022
ocds-kjhdrl-2021_PWD_52400_5,tender,tender,1,2024-11-08,2021_PWD_52400_5,No.PWC-7521-7620 dated 6-9-2021,Construction of Goita nallah to Paloga road Km. 0/0 to 1/500 Const. Of R/wall at various RDs,Works,Open Tender,Item Rate,Civil Works,,No,No,"8,50,107",18-Sep-2021 10:00 AM,75,No,Online,,,1,25-Sep-2021 11:30 AM,assessment,Price Bid Opening Date,,"1,310,660",,PWD,2021-2022
ocds-kjhdrl-2021_PWD_52425_1,tender,tender,1,2024-11-08,2021_PWD_52425_1,PW-MDI-Tender-NIT- 8887-8922 dated 08.09.2021,"Periodic maintenance of Padhar Balh Sakrog road (PMGSY Rural road) MRL-028 under Performance Based Financial Incentive 2019-20 (during the year 2020-21) by MoRD to eligible States, as Central Assistance",Works,Open Tender,Item Rate,Civil Works - Roads,,No,No,"68,05,875",18-Sep-2021 10:00 AM,90,No,Both(Online/Offline),,,1,24-Sep-2021 11:30 AM,assessment,Price Bid Opening Date,,"6,135,518.34",,PWD,2021-2022
ocds-kjhdrl-2021_PWD_52427_1,tender,tender,1,2024-11-08,2021_PWD_52427_1,PW-MDI-Tender-NIT- 8887-8922 dated 08.09.2021,"Periodic maintenance of Kunnu Babli Nashdarah road (PMGSY Rural road) MRL-037 and MRL-038 under Performance Based Financial Incentive 2019-20 (during the year 2020-21) by MoRD to eligible States, as Central Assistance",Works,Open Tender,Item Rate,Civil Works - Roads,,No,No,"62,37,372",18-Sep-2021 10:00 AM,90,No,Both(Online/Offline),,,1,24-Sep-2021 11:30 AM,assessment,Price Bid Opening Date,,"5,621,474.5",,PWD,2021-2022
ocds-kjhdrl-2021_PWD_52571_1,tender,tender,1,2024-11-08,2021_PWD_52571_1,C/O link road from Civil Supply Depot,Construction of link road from Civil Supply Depot to Khaggal Khurd via Muslim Harizan Basti km 0/0 to 0/540,Works,Open Tender,Item Rate,Civil Works - Roads,,No,No,"16,36,071",22-Sep-2021 09:00 AM,60,No,Online,,,1,29-Sep-2021 11:30 AM,assessment,Price Bid Opening Date,,"1,311,614.2",,PWD,2021-2022
ocds-kjhdrl-2021_PWD_52619_1,tender,tender,1,2024-11-08,2021_PWD_52619_1,PW-MDI-E-Tender-NIT-6954-89 dated 16.08.2021,Construction of Kataula Bodandhar Kundakh Tihri Kalang Patons road Km 0/0 to 16/750 Under NABARD RIDF-XXIII,Works,Open Tender,Item Rate,Civil Works - Roads,,No,No,"7,37,94,228",23-Sep-2021 02:00 PM,120,No,Both(Online/Offline),,,1,04-Oct-2021 11:30 AM,assessment,Price Bid Opening Date,,"49,028,762",,PWD,2021-2022
ocds-kjhdrl-2021_PWD_52828_1,tender,tender,1,2024-11-08,2021_PWD_52828_1,TA-7040-44 Dt.18.09.2021,Construction of Link road from Brahman Basti Khillian to Harijan Basti Khillian Kothewala GP Khillian and Baicha (including Bridge) 0/00 to 1/500).,Works,Open Tender,Item Rate,Civil Works,,No,No,,01-Oct-2021 09:00 AM,75,No,Online,,,1,08-Oct-2021 11:30 AM,assessment,Price Bid Opening Date,,"2,684,820",,PWD,2021-2022
ocds-kjhdrl-2021_PWD_52849_1,tender,tender,1,2024-11-08,2021_PWD_52849_1,tender/2021-22-6113-62 dated 27.09.2021,"R/R damages to various roads under Paonta Sub Division No. I, HP. PWD., Paonta Sahib (SH-Providing and laying patch work on various roads at various RDs).",Works,Open Tender,Item Rate,Civil Works - Roads,,No,No,"9,54,462",01-Oct-2021 04:30 PM,75,No,Online,,,1,07-Oct-2021 11:00 AM,assessment,Price Bid Opening Date,,"859,016",,PWD,2021-2022
ocds-kjhdrl-2021_PWD_52849_2,tender,tender,1,2024-11-08,2021_PWD_52849_2,tender/2021-22-6113-62 dated 27.09.2021,"R/R damages to various roads under Paonta Sub Division No. II, HP. PWD., Paonta Sahib (SH-Providing and laying patch work on various roads at various RDs).",Works,Open Tender,Item Rate,Civil Works - Roads,,No,No,"9,54,462",01-Oct-2021 04:30 PM,75,No,Online,,,1,07-Oct-2021 11:00 AM,assessment,Price Bid Opening Date,,"859,016",,PWD,2021-2022
ocds-kjhdrl-2021_PWD_52972_1,tender,tender,1,2024-11-08,2021_PWD_52972_1,nit NO-4529-35 DT27.9.2021 CORRIGEDUM NO 5023-30,CONSTRUCTION OF AYURVEDIC HELATH CENTRE BUILDING AT SALETI TEHSIL RAKKAR DISTT KANGR A H.P SUB HEAD C.O BUILDING PORTION I.C WATER SUPPLY AND S.I AND SEPTIC TANK,Works,Open Tender,Item Rate,Civil Works,,No,No,"29,85,928",12-Oct-2021 12:00 PM,30,No,Online,,,1,18-Oct-2021 11:30 AM,assessment,Price Bid Opening Date,,"4,142,348",,PWD,2021-2022
ocds-kjhdrl-2021_PWD_53056_1,tender,tender,1,2024-11-08,2021_PWD_53056_1,NAHAN 5418-40,"Routine Maintenance of General Pool Accommodation in Housing Board Colony, Nahan",Works,Open Tender,Item Rate,Civil Works - Buildings,,No,No,"47,47,597",19-Oct-2021 05:00 PM,75,No,Online,,,1,27-Oct-2021 11:00 AM,assessment,Price Bid Opening Date,,"3,317,427",,PWD,2021-2022
ocds-kjhdrl-2021_PWD_53156_1,tender,tender,1,2024-11-08,2021_PWD_53156_1,C/O residential accommodation Type-II Qtr. 4 Nos,C/O residential accommodation Type-II Qtr. 4 Nos ver Existing Type-II Qtr. For PWD employees near Main Bazar Rest House at Hamirpur Distt. Hamirpur,Works,Open Tender,Item Rate,Civil Works - Buildings,,No,No,"54,10,444",29-Oct-2021 09:00 AM,60,No,Online,,,1,10-Nov-2021 11:00 AM,assessment,Price Bid Opening Date,,"5,589,117.22",,PWD,2021-2022
ocds-kjhdrl-2021_PWD_53520_1,tender,tender,1,2024-11-08,2021_PWD_53520_1,NIT NO.15812-71 DT.05.11.2021-BHAWARNA,Providing and laying Annual Surfacing (Periodic Maintenance) on Bag Buhla to Dehan Khas Km 0/0 to 2/0 under performance based Financial Incentive 2019-20 (during the year 2020-21) of PMGSY roads in the state of HP,Works,Open Tender,Item Rate,Civil Works - Roads,,No,No,"19,80,809",12-Nov-2021 04:00 PM,75,No,Online,,,1,18-Nov-2021 11:30 AM,assessment,Price Bid Opening Date,,"2,939,644",,PWD,2021-2022
ocds-kjhdrl-2021_PWD_53522_1,tender,tender,1,2024-11-08,2021_PWD_53522_1,NIT NO.15812-71 DT.05.11.2021-BHAWARNA,Providing and laying Annual Surfacing (Periodic Maintenance) on Dehan to Malag Buhli road Km 0/0 to 1/0 under performance based Financial Incentive 2019-20 (during the year 2020-21) of PMGSY roads in the state of HP,Works,Open Tender,Item Rate,Civil Works - Roads,,No,No,"9,28,911",12-Nov-2021 04:00 PM,75,No,Online,,,1,18-Nov-2021 11:30 AM,assessment,Price Bid Opening Date,,"1,387,018",,PWD,2021-2022
ocds-kjhdrl-2021_PWD_53526_1,tender,tender,1,2024-11-08,2021_PWD_53526_1,NIT NO.15812-71 DT.05.11.2021-BHAWARNA,Providing and laying Annual Surfacing (Periodic Maintenance) on Bhawarna Khas to Gadiara road Km 0/0 to 1/540 under performance based Financial Incentive 2019-20 (during the year 2020-21) of PMGSY roads in the state of HP,Works,Open Tender,Item Rate,Civil Works - Roads,,No,No,"13,05,551",12-Nov-2021 04:00 PM,75,No,Online,,,1,18-Nov-2021 11:30 AM,assessment,Price Bid Opening Date,,"1,938,389",,PWD,2021-2022
ocds-kjhdrl-2021_PWD_53529_1,tender,tender,1,2024-11-08,2021_PWD_53529_1,NIT NO.15812-71 DT.05.11.2021-BHAWARNA,Providing and laying Annual Surfacing (Periodic Maintenance) on Punner to Patrorak road Km 1/0 to 2/500 under performance based Financial Incentive 2019-20 (during the year 2020-21) of PMGSY roads in the state of HP,Works,Open Tender,Item Rate,Civil Works - Roads,,No,No,"12,16,107",12-Nov-2021 04:00 PM,75,No,Online,,,1,18-Nov-2021 11:30 AM,assessment,Price Bid Opening Date,,"1,805,646",,PWD,2021-2022
ocds-kjhdrl-2021_PWD_53536_1,tender,tender,1,2024-11-08,2021_PWD_53536_1,NIT NO.15812-71 DT.05.11.2021-BHAWARNA,Providing and laying Annual Surfacing (Periodic Maintenance) on Road from Santoshi Mata Mandir to Umri via Malander Gharthoon road Km 5/0 to 6/0 and Thural to Challah road Km 2/0 to 3/0 under Rural roads in the state of HP,Works,Open Tender,Item Rate,Civil Works - Roads,,No,No,"16,20,867",12-Nov-2021 04:30 PM,75,No,Online,,,1,18-Nov-2021 11:30 AM,assessment,Price Bid Opening Date,,"2,703,202",,PWD,2021-2022
ocds-kjhdrl-2021_PWD_53568_1,tender,tender,1,2024-11-08,2021_PWD_53568_1,TA-8703-07 Dt 08.11.2021,Construction of Dialysis Unit in CHC Nalagarh Distt. Solan HP (SH- C/o Building portion and water supply and sanitary installation).,Works,Open Tender,Item Rate,Civil Works,,No,No,,13-Nov-2021 05:30 PM,75,No,Online,,,1,25-Nov-2021 11:30 AM,assessment,Price Bid Opening Date,,"2,676,522",,PWD,2021-2022
ocds-kjhdrl-2021_PWD_53680_1,tender,tender,1,2024-11-08,2021_PWD_53680_1,PW-MDI-Tender-NIT- 13999-14034 dated 08.11.2021,Providing road side facilities (Rain Shelter) on Aut Takoli Prasher road,Works,Open Tender,Item Rate,Civil Works - Buildings,,No,No,"6,56,900",17-Nov-2021 04:00 PM,90,No,Both(Online/Offline),,,1,24-Nov-2021 11:30 AM,assessment,Price Bid Opening Date,,"670,020",,PWD,2021-2022
ocds-kjhdrl-2021_PWD_53791_1,tender,tender,1,2024-11-08,2021_PWD_53791_1,10665-10714 dated-12.11.2021,Construction of Dimber Chahri Gashini Seraj road Km.0/0 to 6/0.,Works,Open Tender,Item Rate,Civil Works - Roads,,No,No,"16,40,612",20-Nov-2021 03:00 PM,75,No,Offline,,,1,27-Nov-2021 11:00 AM,assessment,Price Bid Opening Date,,"1,722,330",,PWD,2021-2022
ocds-kjhdrl-2021_PWD_53809_2,tender,tender,1,2024-11-08,2021_PWD_53809_2,No.PW/RGH/Tender/21-7329-7428 dt. 17.11.21,Restoration of Rain damages on BBRC road Km 48/0 to 82/00 (SH C/O wire crate Retaining Wall at RD 64/205 to 64/215),Works,Open Tender,Item Rate,Civil Works - Roads,,No,No,"9,49,412",20-Nov-2021 05:00 PM,75,No,Online,,,1,27-Nov-2021 11:00 AM,assessment,Price Bid Opening Date,,"845,470.8",,PWD,2021-2022
ocds-kjhdrl-2021_PWD_54190_4,tender,tender,1,2024-11-08,2021_PWD_54190_4,PW-JD/E-Tender/2021-22 -7577-79 DT 24.11.2021,M/T works to Road from main road Jubbal mangauta to Kaina Dogri Km 0/0 to 1/0,Works,Open Tender,Item Rate,Civil Works - Roads,,No,No,"9,81,118",01-Dec-2021 02:00 PM,120,No,Online,,,1,08-Dec-2021 11:30 AM,assessment,Price Bid Opening Date,,"949,646",,PWD,2021-2022
ocds-kjhdrl-2021_PWD_54207_1,tender,tender,1,2024-11-08,2021_PWD_54207_1,PW-MDI-Tender-NIT- 13431-65 dated 25.10.2021,Construction of road Bazir Ka Baag from Mandi Kataula road to Nichla Chhipnu road Km 0/0 to 1/500.,Works,Open Tender,Item Rate,Civil Works - Roads,,No,No,"16,43,544",01-Dec-2021 05:00 PM,90,No,Both(Online/Offline),,,1,08-Dec-2021 11:30 AM,assessment,Price Bid Opening Date,,"1,276,615.54",,PWD,2021-2022
ocds-kjhdrl-2021_PWD_54252_1,tender,tender,1,2024-11-08,2021_PWD_54252_1,PW-MDI-Tender-NIT- 14716-34 dated 20.11.2021,Construction of Govt. Senior Secondary School building at Kamand Tehsil Sadar Distt. Mandi (H.P.),Works,Open Tender,Item Rate,Civil Works - Buildings,,No,No,"24,47,256",02-Dec-2021 04:00 PM,90,No,Both(Online/Offline),,,1,08-Dec-2021 11:30 AM,assessment,Price Bid Opening Date,,"2,207,416.48",,PWD,2021-2022
ocds-kjhdrl-2021_PWD_54463_1,tender,tender,1,2024-11-08,2021_PWD_54463_1,PW-MDI-Tender-NIT- 13431-65 dated 25.10.2021,Construction of Navlay to Gad road Km 0/0 to 1/500,Works,Open Tender,Percentage,Civil Works - Roads,,No,No,"34,61,581",08-Dec-2021 05:00 PM,90,No,Both(Online/Offline),,,1,16-Dec-2021 11:30 AM,assessment,Price Bid Opening Date,,"2,547,723.87",,PWD,2021-2022
ocds-kjhdrl-2021_PWD_54539_9,tender,tender,1,2024-11-08,2021_PWD_54539_9,PW-RD-GA-T-10809-908DT20-11-21,C/O Dalgaon to Baretly Khanani road km 0/0 to 1/0,Works,Open Tender,Item Wise,Civil Works - Roads,,No,No,"24,12,807",10-Dec-2021 02:00 PM,45,No,Online,,,1,16-Dec-2021 11:00 AM,assessment,Price Bid Opening Date,,"2,398,591",,PWD,2021-2022
ocds-kjhdrl-2021_PWD_54604_3,tender,tender,1,2024-11-08,2021_PWD_54604_3,PWD-TA-Tender/2021-22- 10600-49 dated 30.11.2021,C/O Link road from Bhari Ghattu to Tunera Km. 0/0 to 0/630,Works,Open Tender,Item Rate,Civil Works,,No,No,"29,92,782",14-Dec-2021 10:00 AM,75,No,Online,,,1,22-Dec-2021 03:30 PM,assessment,Price Bid Opening Date,,"26,518,279",,PWD,2021-2022
ocds-kjhdrl-2021_PWD_54829_1,tender,tender,1,2024-11-08,2021_PWD_54829_1,TA-10665-69 dt. 15.12.2021,C/o Link road to village Malgan km 0/0 to 2/250 (SH- C/o of breast wall in km 0/800 to 0/860),Works,Open Tender,Item Rate,Civil Works,,No,No,"5,42,480",21-Dec-2021 09:00 AM,75,No,Online,,,1,06-Jan-2022 11:30 AM,assessment,Price Bid Opening Date,,"521,970",,PWD,2021-2022
ocds-kjhdrl-2021_PWD_54862_2,tender,tender,1,2024-11-08,2021_PWD_54862_2,PW-JD/E-Tender/2021-22 -8299-8301 DT 16.12.2021,Providing Metalling and Tarring Works Santoshinager Kaina Road Km 0/0 to 1/500 under MP LAD,Works,Open Tender,Item Rate,Civil Works - Roads,,No,No,"9,59,181",21-Dec-2021 12:10 PM,120,No,Online,,,1,29-Dec-2021 11:30 AM,assessment,Price Bid Opening Date,,"998,412",,PWD,2021-2022
ocds-kjhdrl-2021_PWD_55004_1,tender,tender,1,2024-11-08,2021_PWD_55004_1,PW/THD/CB-tend/10157-72,Construction of Chailla Mohari Narkanda road km. 0.00to 220,Works,Open Tender,Item Rate,Civil Works - Roads,,No,No,"16,59,257",23-Dec-2021 05:00 PM,90,No,Online,,,1,04-Jan-2022 11:00 AM,assessment,Price Bid Opening Date,,"1,161,480",,PWD,2021-2022
ocds-kjhdrl-2021_PWD_55084_1,tender,tender,1,2024-11-08,2021_PWD_55084_1,No.BGN/2020-21-10494-525 dated 20.12.2021Job3,C/O link road Saily to Handola via Kamoon Patian Km 0/000 to 11/120,Works,Open Tender,Item Rate,Civil Works - Roads,,No,No,"10,48,629",29-Dec-2021 11:00 AM,120,No,Online,,,1,12-Jan-2022 11:00 AM,assessment,Price Bid Opening Date,,"1,303,168",,PWD,2021-2022
ocds-kjhdrl-2021_PWD_55085_1,tender,tender,1,2024-11-08,2021_PWD_55085_1,No.BGN/2020-21-10494-525 dated 20.12.2021Job4,C/O link road Saily to Handola via Kamoon Patian Km 0/000 to 11/120,Works,Open Tender,Item Rate,Civil Works - Roads,,No,No,"10,47,146",29-Dec-2021 11:00 AM,120,No,Online,,,1,12-Jan-2022 11:00 AM,assessment,Price Bid Opening Date,,"1,301,327",,PWD,2021-2022
ocds-kjhdrl-2021_PWD_55087_1,tender,tender,1,2024-11-08,2021_PWD_55087_1,No.BGN/2020-21-10494-525 dated 20.12.2021Job5,C/O link road Saily to Handola via Kamoon Patian Km 0/000 to 11/120,Works,Open Tender,Item Rate,Civil Works - Roads,,No,No,"10,47,146",29-Dec-2021 11:00 AM,120,No,Online,,,1,12-Jan-2022 11:00 AM,assessment,Price Bid Opening Date,,"1,301,327",,PWD,2021-2022
ocds-kjhdrl-2021_PWD_55160_4,tender,tender,1,2024-11-08,2021_PWD_55160_4,PWD-TA-Tender-2021-22- 11870-78 dated 22.12.2021,Construction of Link road Nagali to Sanjap Km. 0/0 to 8/450,Works,Open Tender,Item Rate,Civil Works,,No,No,"1,58,06,694",30-Dec-2021 01:00 PM,75,No,Online,,,1,05-Jan-2022 03:30 PM,assessment,Price Bid Opening Date,,"11,064,687",,PWD,2021-2022
ocds-kjhdrl-2021_PWD_55226_1,tender,tender,1,2024-11-08,2021_PWD_55226_1,S/R Chief Engineer Office at Hamirpur,Special repair to Chief Engineer Office at Hamirpur,Works,Open Tender,Item Rate,Civil Works - Buildings,,No,No,"22,46,232",31-Dec-2021 06:00 PM,60,No,Online,,,1,07-Jan-2022 11:00 AM,assessment,Price Bid Opening Date,,"3,210,682.7",,PWD,2021-2022
ocds-kjhdrl-2022_DAH1_66830_1,tender,tender,1,2024-11-08,2022_DAH1_66830_1,HPLDB-2/2005-Meeting-Vol.-II,"Hiring of One No Toyota Etios / Swift Dezire (4plus1), with A.C. Model Not earlier than 2019 commercial vehicle on outsource basis",Services,Open Tender,Item Wise,Miscellaneous Services,,No,No,"5,00,000",19-Dec-2022 10:00 AM,365,No,Offline,,,1,16-Jan-2023 11:00 AM,assessment,Price Bid Opening Date,,"40,500",,Directorate Animal Husbandry,2022-2023
ocds-kjhdrl-2022_DAH1_66906_1,tender,tender,1,2024-11-08,2022_DAH1_66906_1,4734.0,Outsourcing of unskilled workers,Services,Open Tender,Item Rate,Miscellaneous Services,,No,No,,24-Dec-2022 06:00 PM,120,No,Offline,,,1,17-Jan-2023 11:00 AM,assessment,Price Bid Opening Date,,"2,892.31",,Directorate Animal Husbandry,2022-2023
ocds-kjhdrl-2022_DFHW_61890_1,tender,tender,1,2024-11-08,2022_DFHW_61890_1,TBS(DMP)IRLEQUIPMENT/Thermocol Boxes/2021-22,Procurement of thermocol boxes,Goods,Open Tender,Item Wise,Miscellaneous Goods,,No,No,"12,00,000",20-Jun-2022 06:00 PM,180,No,Both(Online/Offline),,,1,13-Jul-2022 02:30 PM,assessment,Price Bid Opening Date,,"1,068,600",,Department of Health and Family Welfare,2022-2023
ocds-kjhdrl-2022_DMEHP_55919_1,tender,tender,1,2024-11-08,2022_DMEHP_55919_1,SLBSGMCH/TCCC(1)/2022,E TENDER DOCUMENT FOR PROCUREMENT OF LOW ENERGY LINEAR ACCELERATOR WITH MULTI-LEAF COLLIMATORS AND INTENSITY MODULATED RADIOTHERAPY SYSTEM FOR THE TERTIARY CARE CANCER CENTER DEPARTMENT OF RADIATION ONCOLOGY,Goods,Global Tenders,Lump-sum,Miscellaneous Goods,,Yes,No,,20-Jan-2022 01:30 PM,365,No,Offline,,,1,09-Mar-2022 03:00 PM,assessment,Price Bid Opening Date,,"170,269,831",,Directorate of Medical Education and Research,2021-2022
ocds-kjhdrl-2022_DMEHP_62306_1,tender,tender,1,2024-11-08,2022_DMEHP_62306_1,SLBSGMCH/TCCC(02)/2022,E TENDER FOR PROCUREMENT OF 16 SLICES 4DCT SIMULATOR WITH VIRTUAL SIMULATION LATEST MODEL WITH GANTRY BORE 80CM OR MORE THAN 80CM FOR THE TERTIARY CARE CANCER CENTER DEPARTMENT OF RADIATION ONCOLOGY,Goods,Global Tenders,Lump-sum,Miscellaneous Goods,,Yes,No,,29-Jun-2022 06:00 PM,365,No,Offline,,,1,29-Aug-2022 03:00 PM,assessment,Price Bid Opening Date,,"70,884,900",,Directorate of Medical Education and Research,2022-2023
ocds-kjhdrl-2022_DOH_65436_1,tender,tender,1,2024-11-08,2022_DOH_65436_1,DOH-Animal Proof Solar Fencing-CW14A,Works for Animal Proof Solar Fencing-1,Works,Open Tender,Item Rate,Civil Works,,No,No,,23-Sep-2022 05:00 PM,180,No,Offline,,,1,02-Nov-2022 11:00 AM,assessment,Price Bid Opening Date,,"265,152,780",,Directorate of Horticulture,2022-2023
ocds-kjhdrl-2022_DOH_65480_1,tender,tender,1,2024-11-08,2022_DOH_65480_1,DOH-Field Preparation-CW12A,"Field Preparation for Planting, including Layout Planning, Land Levelling and Pit Digging",Works,Open Tender,Item Rate,Civil Works,,No,No,,23-Sep-2022 06:00 PM,180,No,Offline,,,1,18-Nov-2022 11:00 AM,assessment,Price Bid Opening Date,,"488,058,348",,Directorate of Horticulture,2022-2023
ocds-kjhdrl-2022_DRDPR_55677_1,tender,tender,1,2024-11-08,2022_DRDPR_55677_1,PCH-HC(10)5/II-P.Ghar Pujarli,Construction Panchayat Community Centre Panchayat Ghar in Gram Panchayat Pujarli Block MashobraDistt Shimla,Works,Open Tender,Item Rate,Civil Works,,No,No,"32,59,656",22-Jan-2022 11:00 AM,90,No,Offline,,,1,08-Feb-2022 12:00 PM,assessment,Price Bid Opening Date,,"28,000,169",,Directorate Rural Development and Panchayati Ra,2021-2022
ocds-kjhdrl-2022_DRDPR_55680_1,tender,tender,1,2024-11-08,2022_DRDPR_55680_1,PCH-HC(10)5/II-P.Ghar Dhagoli,Construction Panchayat Community Centre Panchayat Ghar in Gram Panchayat Dhagoli Block Chhohra Distt Shimla,Works,Open Tender,Item Rate,Civil Works - Buildings,,No,No,"32,59,656",22-Jan-2022 11:00 AM,90,No,Offline,,,1,08-Feb-2022 12:00 PM,assessment,Price Bid Opening Date,,"2,507,410",,Directorate Rural Development and Panchayati Ra,2021-2022
ocds-kjhdrl-2022_DRDPR_55681_1,tender,tender,1,2024-11-08,2022_DRDPR_55681_1,PCH-HC(10)5/II-P.Ghar Kharla,Construction Panchayat Community Centre Panchayat Ghar in Gram Panchayat Kharla Block Rohru Distt Shimla,Works,Open Tender,Item Rate,Civil Works - Buildings,,No,No,"32,59,656",22-Jan-2022 11:00 AM,90,No,Offline,,,1,08-Feb-2022 12:00 PM,assessment,Price Bid Opening Date,,"2,609,432",,Directorate Rural Development and Panchayati Ra,2021-2022
ocds-kjhdrl-2022_DRDPR_56530_1,tender,tender,1,2024-11-08,2022_DRDPR_56530_1,Electricity Narkanda Part-I,Construction Block Development Office at Narkanda Distt Shimla H.P SH Providing Electrical Installation therein,Works,Open Tender,Item Rate,Electrical Works,,No,No,"13,07,796",10-Feb-2022 11:00 AM,90,No,Offline,,,1,18-Feb-2022 12:00 PM,assessment,Price Bid Opening Date,,"1,589,720",,Directorate Rural Development and Panchayati Ra,2021-2022
ocds-kjhdrl-2022_DRDPR_57042_1,tender,tender,1,2024-11-08,2022_DRDPR_57042_1,GSSS Khatnol,Repair Maintance of GSSS Khatnol Distt Shimla SH Construction of Botanical Garden Repaifr of Old Rooms Kota Stone Flooring White Washing Plastering Steel Benches in Ground and Gate Prepainted Sheet Roofing,Works,Open Tender,Item Rate,Civil Works - Buildings,,No,No,"18,55,256",22-Feb-2022 11:00 AM,90,No,Offline,,,1,03-Mar-2022 12:00 PM,assessment,Price Bid Opening Date,,"1,490,875",,Directorate Rural Development and Panchayati Ra,2021-2022
ocds-kjhdrl-2022_DRDPR_57667_1,tender,tender,1,2024-11-08,2022_DRDPR_57667_1,Nahan Block Electrical,Construction of Block Office Buildin Nahan Distt Srimour SH Providing Electrical installation therein,Works,Open Tender,Item Rate,Electrical Works,,No,No,"19,04,921",09-Mar-2022 11:00 AM,90,No,Offline,,,1,15-Mar-2022 12:00 PM,assessment,Price Bid Opening Date,,"2,697,785",,Directorate Rural Development and Panchayati Ra,2021-2022
ocds-kjhdrl-2022_DRDPR_57682_1,tender,tender,1,2024-11-08,2022_DRDPR_57682_1,Banoti Chauhara,Construction Panchayat Community Centre Panchayat Ghar in Gram Panchayat Banoti Block ChauharaDistt Shimla,Works,Open Tender,Item Rate,Civil Works - Buildings,,No,No,"32,59,656",10-Mar-2022 11:00 AM,90,No,Offline,,,1,22-Mar-2022 12:00 PM,assessment,Price Bid Opening Date,,"3,095,386",,Directorate Rural Development and Panchayati Ra,2021-2022
ocds-kjhdrl-2022_DRDPR_57685_1,tender,tender,1,2024-11-08,2022_DRDPR_57685_1,Gawana Rohru,Construction Panchayat Community Centre Panchayat Ghar in Gram Panchayat Gawana Block Rohru Distt Shimla,Works,Open Tender,Item Rate,Civil Works - Buildings,,No,No,"32,59,656",10-Mar-2022 11:00 AM,90,No,Offline,,,1,22-Mar-2022 12:00 PM,assessment,Price Bid Opening Date,,"2,499,884",,Directorate Rural Development and Panchayati Ra,2021-2022
ocds-kjhdrl-2022_DRDPR_57688_1,tender,tender,1,2024-11-08,2022_DRDPR_57688_1,Poshna Nirmand,Construction Panchayat Community Centre Panchayat Ghar in Gram Panchayat Poshna Block NirmandDistt Kullu,Works,Open Tender,Item Rate,Civil Works - Buildings,,No,No,"32,59,656",10-Mar-2022 11:00 AM,90,No,Offline,,,1,22-Mar-2022 12:00 PM,assessment,Price Bid Opening Date,,"3,100,628",,Directorate Rural Development and Panchayati Ra,2021-2022
ocds-kjhdrl-2022_DRDPR_57694_1,tender,tender,1,2024-11-08,2022_DRDPR_57694_1,Dhanch Manva Rajgarh,Construction Panchayat Community Centre Panchayat Ghar in Gram Panchayat Dhanch Manva Block Rajgarh Distt Sirmour,Works,Open Tender,Item Rate,Civil Works - Buildings,,No,No,"32,59,656",11-Mar-2022 11:00 AM,90,No,Offline,,,1,23-Mar-2022 12:00 PM,assessment,Price Bid Opening Date,,"2,724,224",,Directorate Rural Development and Panchayati Ra,2021-2022
ocds-kjhdrl-2022_DRDPR_59137_1,tender,tender,1,2024-11-08,2022_DRDPR_59137_1,Dharoti Pacchad,Construction Panchayat Community Centre Panchayat Ghar in Gram Panchayat Dharoti Block Pacchad Distt Sirmour,Works,Open Tender,Item Rate,Civil Works - Buildings,,No,No,"32,59,656",06-Apr-2022 11:00 AM,120,No,Offline,,,1,19-Apr-2022 12:00 PM,assessment,Price Bid Opening Date,,"3,193,854",,Directorate Rural Development and Panchayati Ra,2021-2022
ocds-kjhdrl-2022_DRDPR_59139_1,tender,tender,1,2024-11-08,2022_DRDPR_59139_1,Thana Nankhari,Construction Panchayat Community Centre Panchayat Ghar in Gram Panchayat Thana Nankhari Block Nankhari Distt Shimla,Works,Open Tender,Item Rate,Civil Works - Buildings,,No,No,"32,59,656",06-Apr-2022 11:00 AM,120,No,Offline,,,1,19-Apr-2022 12:00 PM,assessment,Price Bid Opening Date,,"3,298,675",,Directorate Rural Development and Panchayati Ra,2021-2022
ocds-kjhdrl-2022_DRDPR_59870_1,tender,tender,1,2024-11-08,2022_DRDPR_59870_1,Bharli Agron Poanta Sahib,Construction Panchayat Community Centre Panchayat Ghar in Gram Panchayat Bharli Agron Block Poanta Sahib Distt Sirmour,Works,Open Tender,Item Rate,Civil Works - Buildings,,No,No,"32,59,656",27-Apr-2022 11:00 AM,120,No,Offline,,,1,05-May-2022 12:00 PM,assessment,Price Bid Opening Date,,"3,064,450",,Directorate Rural Development and Panchayati Ra,2022-2023
ocds-kjhdrl-2022_DRDPR_59871_1,tender,tender,1,2024-11-08,2022_DRDPR_59871_1,Negtha Poanta sahib,Construction Panchayat Community Centre Panchayat Ghar in Gram Panchayat Negtha Block Poanta sahib Distt Sirmour,Works,Open Tender,Item Rate,Civil Works - Buildings,,No,No,"32,59,656",27-Apr-2022 11:00 AM,120,No,Offline,,,1,05-May-2022 12:00 PM,assessment,Price Bid Opening Date,,"3,145,039",,Directorate Rural Development and Panchayati Ra,2022-2023
ocds-kjhdrl-2022_DRDPR_59872_1,tender,tender,1,2024-11-08,2022_DRDPR_59872_1,BHungrani Poanta sahib,Construction Panchayat Community Centre Panchayat Ghar in Gram Panchayat Bhungrani Block Poanta Sahib Distt Sirmour,Works,Open Tender,Item Rate,Civil Works - Buildings,,No,No,"32,59,656",27-Apr-2022 11:00 AM,120,No,Offline,,,1,05-May-2022 12:00 PM,assessment,Price Bid Opening Date,,"2,855,974",,Directorate Rural Development and Panchayati Ra,2022-2023
ocds-kjhdrl-2022_DRDPR_59931_1,tender,tender,1,2024-11-08,2022_DRDPR_59931_1,Puruwala Poanta sahib,Construction Panchayat Community Centre Panchayat Ghar in Gram Panchayat Puruwala Block Poanta Sahib Distt Sirmour,Works,Open Tender,Item Rate,Civil Works - Buildings,,No,No,"32,59,656",27-Apr-2022 11:00 AM,120,No,Offline,,,1,05-May-2022 12:00 PM,assessment,Price Bid Opening Date,,"3,298,658",,Directorate Rural Development and Panchayati Ra,2022-2023
ocds-kjhdrl-2022_DRDPR_59932_1,tender,tender,1,2024-11-08,2022_DRDPR_59932_1,Khodri Poanta sahib,Construction Panchayat Community Centre Panchayat Ghar in Gram Panchayat Khodri Block Poanta Sahib Distt Sirmour,Works,Open Tender,Item Rate,Civil Works - Buildings,,No,No,"32,59,656",27-Apr-2022 11:00 AM,120,No,Offline,,,1,05-May-2022 12:00 PM,assessment,Price Bid Opening Date,,"2,996,171",,Directorate Rural Development and Panchayati Ra,2022-2023
ocds-kjhdrl-2022_DRDPR_60843_1,tender,tender,1,2024-11-08,2022_DRDPR_60843_1,Kotlu Kunihar Block,Construction Panchayat Community Centre Panchayat Ghar in Gram Panchayat Kotlu Kunihar Distt Solan,Works,Open Tender,Item Rate,Civil Works - Buildings,,No,No,"32,59,656",25-May-2022 11:00 AM,120,No,Offline,,,1,03-Jun-2022 12:00 PM,assessment,Price Bid Opening Date,,"2,771,242",,Directorate Rural Development and Panchayati Ra,2022-2023
ocds-kjhdrl-2022_DRDPR_60850_1,tender,tender,1,2024-11-08,2022_DRDPR_60850_1,Dhar Tarpunu Theog,Construction Panchayat Community Centre Panchayat Ghar in Gram Panchayat Dhartarpunu Block Theog Distt Shimla,Works,Open Tender,Item Rate,Civil Works - Buildings,,No,No,"32,59,656",25-May-2022 11:00 AM,120,No,Offline,,,1,03-Jun-2022 12:00 PM,assessment,Price Bid Opening Date,,"3,127,859",,Directorate Rural Development and Panchayati Ra,2022-2023
ocds-kjhdrl-2022_DRDPR_60865_1,tender,tender,1,2024-11-08,2022_DRDPR_60865_1,3rd Floor Press Club Building Nahan,Construction of Press Club Building on 3rd Floor at Block Nahan Distt Sirmour SH Light Gauge Steel Framed super structure comprising of steel wall panel trusses purlins etc Sanitary Work Water Supply etc,Works,Open Tender,Item Rate,Civil Works - Buildings,,No,No,"12,24,679",26-May-2022 11:00 AM,120,No,Offline,,,1,04-Jun-2022 12:00 PM,assessment,Price Bid Opening Date,,"1,428,117",,Directorate Rural Development and Panchayati Ra,2022-2023
ocds-kjhdrl-2022_DRDPR_61306_1,tender,tender,1,2024-11-08,2022_DRDPR_61306_1,Panchayat Inspector Residence Rampur,Construction Proposed P I Residence in BDO Office Rampur Tehsil and Distt Rampur ( SH Civil work and Sanitary Work Complete of G Floor only ),Works,Open Tender,Item Rate,Civil Works - Buildings,,No,No,"27,05,173",03-Jun-2022 11:00 AM,120,No,Offline,,,1,16-Jun-2022 12:00 PM,assessment,Price Bid Opening Date,,"2,304,951",,Directorate Rural Development and Panchayati Ra,2022-2023
ocds-kjhdrl-2022_DRDPR_61796_1,tender,tender,1,2024-11-08,2022_DRDPR_61796_1,G.P Rajpur Block Nalagarh,Construction Panchayat Community Centre Panchayat Ghar multi Facilation Centre in Gram Panchayat Rajpur Block Nalagarh Distt Solan SH Ground Floor Only Fully Furnished,Works,Open Tender,Item Rate,Civil Works - Buildings,,No,No,"32,59,635",17-Jun-2022 11:00 AM,120,No,Offline,,,1,24-Jun-2022 12:00 PM,assessment,Price Bid Opening Date,,"3,178,772",,Directorate Rural Development and Panchayati Ra,2022-2023
ocds-kjhdrl-2022_DRDPR_61873_1,tender,tender,1,2024-11-08,2022_DRDPR_61873_1,Baha Nalagarh,Construction Panchayat Community Centre Panchayat Ghar in Gram Panchayat Baha Block Nalagarh Distt Solan,Works,Open Tender,Item Rate,Civil Works - Buildings,,No,No,"32,59,656",20-Jun-2022 11:00 AM,120,No,Offline,,,1,28-Jun-2022 12:00 PM,assessment,Price Bid Opening Date,,"2,857,963",,Directorate Rural Development and Panchayati Ra,2022-2023
ocds-kjhdrl-2022_DRDPR_61874_1,tender,tender,1,2024-11-08,2022_DRDPR_61874_1,Riya Nalahgarh,Construction Panchayat Community Centre Panchayat Ghar in Gram Panchayat Riya Block Nalagarh Distt Solan,Works,Open Tender,Item Rate,Civil Works - Buildings,,No,No,"32,59,656",20-Jun-2022 11:00 AM,120,No,Offline,,,1,28-Jun-2022 12:00 PM,assessment,Price Bid Opening Date,,"2,690,287",,Directorate Rural Development and Panchayati Ra,2022-2023
ocds-kjhdrl-2022_DRDPR_61875_1,tender,tender,1,2024-11-08,2022_DRDPR_61875_1,Sanarsa Rampur Block,Construction Panchayat Community Centre Panchayat Ghar in Gram Panchayat Sanarsa Block Rampur Distt Shimla,Works,Open Tender,Item Rate,Civil Works - Buildings,,No,No,"32,59,656",20-Jun-2022 11:00 AM,120,No,Offline,,,1,28-Jun-2022 12:00 PM,assessment,Price Bid Opening Date,,"3,174,999",,Directorate Rural Development and Panchayati Ra,2022-2023
ocds-kjhdrl-2022_DRDPR_61953_1,tender,tender,1,2024-11-08,2022_DRDPR_61953_1,Hunar Haat Duttnagar rampur,Construction Proposed Hunar Haat Cafe And Restaurant at Duttnagar Tehsil and Distt Rampur ( SH Civil work and Sanitary Work Complete of F Floor and Slab casting of G.Floor ( Unfurnished ) only,Works,Open Tender,Item Rate,Civil Works - Buildings,,No,No,"75,61,327",23-Jun-2022 11:00 AM,75,No,Offline,,,1,01-Jul-2022 12:00 PM,assessment,Price Bid Opening Date,,"6,358,581",,Directorate Rural Development and Panchayati Ra,2022-2023
ocds-kjhdrl-2022_DRDPR_62248_1,tender,tender,1,2024-11-08,2022_DRDPR_62248_1,Bindla Digwa Shillai,Construction Panchayat Community Centre Panchayat Ghar in Gram Panchayat Bindla Digwa Block Shillai Distt Sirmour,Works,Open Tender,Item Rate,Civil Works - Buildings,,No,No,"32,59,656",28-Jun-2022 11:30 AM,75,No,Offline,,,1,12-Jul-2022 12:00 PM,assessment,Price Bid Opening Date,,"3,297,873",,Directorate Rural Development and Panchayati Ra,2022-2023
ocds-kjhdrl-2022_DRDPR_62258_1,tender,tender,1,2024-11-08,2022_DRDPR_62258_1,Rahed Knadaghat,Construction Panchayat Community Centre Panchayat Ghar in Gram Panchayat Rahed Block Kandaghat Distt Solan,Works,Open Tender,Item Rate,Civil Works - Buildings,,No,No,"32,59,656",28-Jun-2022 12:55 PM,75,No,Offline,,,1,12-Jul-2022 12:00 PM,assessment,Price Bid Opening Date,,"2,832,949",,Directorate Rural Development and Panchayati Ra,2022-2023
ocds-kjhdrl-2022_DRDPR_62259_1,tender,tender,1,2024-11-08,2022_DRDPR_62259_1,Rahnu Nirmand,Construction Panchayat Community Centre Panchayat Ghar in Gram Panchayat Rahnu Block Nirmand Distt Kullu,Works,Open Tender,Item Rate,Civil Works - Buildings,,No,No,"32,59,656",28-Jun-2022 01:05 PM,75,No,Offline,,,1,12-Jul-2022 12:00 PM,assessment,Price Bid Opening Date,,"3,094,064",,Directorate Rural Development and Panchayati Ra,2022-2023
ocds-kjhdrl-2022_DRDPR_62261_1,tender,tender,1,2024-11-08,2022_DRDPR_62261_1,Samog Kunihar,Construction Panchayat Community Centre Panchayat Ghar in Gram Panchayat Samog Block Kunihar Distt Solan,Works,Open Tender,Item Rate,Civil Works - Buildings,,No,No,"32,59,656",28-Jun-2022 02:30 PM,75,No,Offline,,,1,12-Jul-2022 12:00 PM,assessment,Price Bid Opening Date,,"2,742,439",,Directorate Rural Development and Panchayati Ra,2022-2023
ocds-kjhdrl-2022_DRDPR_63588_1,tender,tender,1,2024-11-08,2022_DRDPR_63588_1,Sharog Rohru,Construction Panchayat Community Centre Panchayat Ghar in Gram Panchayat Sharog Barara Block Rohru Distt Shimla,Works,Open Tender,Item Rate,Civil Works - Buildings,,No,No,"32,59,656",12-Aug-2022 11:00 AM,75,No,Offline,,,1,23-Aug-2022 12:00 PM,assessment,Price Bid Opening Date,,"2,495,894",,Directorate Rural Development and Panchayati Ra,2022-2023
ocds-kjhdrl-2022_DRDPR_63590_1,tender,tender,1,2024-11-08,2022_DRDPR_63590_1,Baridhar Rohru,Construction Panchayat Community Centre Panchayat Ghar in Gram Panchayat Baridhar Block Rohru Distt Shimla,Works,Open Tender,Item Rate,Civil Works - Buildings,,No,No,"32,59,656",12-Aug-2022 11:00 AM,75,No,Offline,,,1,23-Aug-2022 12:00 PM,assessment,Price Bid Opening Date,,"2,481,662",,Directorate Rural Development and Panchayati Ra,2022-2023
ocds-kjhdrl-2022_DRDPR_63613_1,tender,tender,1,2024-11-08,2022_DRDPR_63613_1,Koti Bounch,Construction Panchayat Community Centre Panchayat Ghar in Gram Panchayat Koti Bhounch Block Shillai Distt Sirmour,Works,Open Tender,Item Rate,Civil Works - Buildings,,No,No,"32,59,656",12-Aug-2022 11:00 AM,75,No,Offline,,,1,23-Aug-2022 12:00 PM,assessment,Price Bid Opening Date,,"3,297,178",,Directorate Rural Development and Panchayati Ra,2022-2023
ocds-kjhdrl-2022_DRDPR_63615_1,tender,tender,1,2024-11-08,2022_DRDPR_63615_1,Dahar Shillai,Construction Panchayat Community Centre Panchayat Ghar in Gram Panchayat Dahar Block Shillai Distt Sirmour,Works,Open Tender,Item Rate,Civil Works - Buildings,,No,No,"32,59,656",12-Aug-2022 11:00 AM,75,No,Offline,,,1,23-Aug-2022 12:00 PM,assessment,Price Bid Opening Date,,"3,298,363",,Directorate Rural Development and Panchayati Ra,2022-2023
ocds-kjhdrl-2022_DRDPR_64616_1,tender,tender,1,2024-11-08,2022_DRDPR_64616_1,Manpur Tilroldhar,Construction Panchayat Community Centre Panchayat Ghar in Gram Panchayat Guddi Manpur Block Tilor dhar Distt Sirmour,Works,Open Tender,Item Rate,Civil Works - Buildings,,No,No,"32,59,656",09-Sep-2022 11:00 AM,75,No,Offline,,,1,20-Sep-2022 02:00 PM,assessment,Price Bid Opening Date,,"3,298,445",,Directorate Rural Development and Panchayati Ra,2022-2023
ocds-kjhdrl-2022_DRDPR_64663_1,tender,tender,1,2024-11-08,2022_DRDPR_64663_1,Batala Anni,Construction Panchayat Community Centre Panchayat Ghar in Gram Panchayat Batala Block Anni Distt Kullu,Works,Open Tender,Item Rate,Civil Works - Buildings,,No,No,"32,59,656",09-Sep-2022 11:00 AM,75,No,Offline,,,1,20-Sep-2022 02:00 PM,assessment,Price Bid Opening Date,,"2,760,775",,Directorate Rural Development and Panchayati Ra,2022-2023
ocds-kjhdrl-2022_DRDPR_64671_1,tender,tender,1,2024-11-08,2022_DRDPR_64671_1,Roudi Dharampur Solan,Construction Panchayat Community Centre Panchayat Ghar in Gram Panchayat Roudi Block Dharmpur Distt Solan,Works,Open Tender,Item Rate,Civil Works - Buildings,,No,No,"32,59,656",09-Sep-2022 11:00 AM,75,No,Offline,,,1,20-Sep-2022 02:00 PM,assessment,Price Bid Opening Date,,"2,747,922",,Directorate Rural Development and Panchayati Ra,2022-2023
ocds-kjhdrl-2022_DRDPR_65463_1,tender,tender,1,2024-11-08,2022_DRDPR_65463_1,Staff Quarter Narkanda,Construction of Staff Residence in BDO Complex Narkanda Distt Shimla SH Civil work and Sanitary Work Complete of Ground Floor First Floor only including Costruction of Septic Tank Complete,Works,Open Tender,Item Rate,Civil Works - Buildings,,No,No,"58,53,000",24-Sep-2022 11:00 AM,120,No,Offline,,,1,03-Oct-2022 02:00 PM,assessment,Price Bid Opening Date,,"5,192,032",,Directorate Rural Development and Panchayati Ra,2022-2023
ocds-kjhdrl-2022_DRDPR_65466_1,tender,tender,1,2024-11-08,2022_DRDPR_65466_1,Mehlo Dharmpur solan,Construction Panchayat Community Centre Panchayat Ghar in Gram Panchayat Mehlo Block Dharmpur Distt Solan,Works,Open Tender,Item Rate,Civil Works - Buildings,,No,No,"32,59,656",24-Sep-2022 11:00 AM,120,No,Offline,,,1,03-Oct-2022 12:00 PM,assessment,Price Bid Opening Date,,"2,753,268",,Directorate Rural Development and Panchayati Ra,2022-2023
ocds-kjhdrl-2022_DRDPR_65805_1,tender,tender,1,2024-11-08,2022_DRDPR_65805_1,Gaguwal Nalagarh,Construction Panchayat Community Centre Panchayat Ghar in Gram Panchayat Gaguwal Block Nalagarh Distt Solan,Works,Open Tender,Item Rate,Civil Works - Buildings,,No,No,"32,59,656",01-Oct-2022 11:00 AM,75,No,Offline,,,1,11-Oct-2022 12:00 PM,assessment,Price Bid Opening Date,,"3,296,248",,Directorate Rural Development and Panchayati Ra,2022-2023
ocds-kjhdrl-2022_HPAIC_56927_1,tender,tender,1,2024-11-08,2022_HPAIC_56927_1,AIC.15-18(RC)/2018-19-V,Bio Fertilizers,Goods,Open Tender,Item Wise,Miscellaneous Goods,,No,No,,19-Feb-2022 11:00 AM,120,No,Offline,,,1,15-Mar-2022 12:30 PM,assessment,Price Bid Opening Date,,"100,000",,HP Agro Industries Corporation Ltd,2021-2022
ocds-kjhdrl-2022_HPAIC_56929_1,tender,tender,1,2024-11-08,2022_HPAIC_56929_1,AIC.15-18(RC)/2018-19-V,Micronutrients,Goods,Open Tender,Item Wise,Miscellaneous Goods,,No,No,,19-Feb-2022 11:00 AM,120,No,Offline,,,1,15-Mar-2022 11:30 AM,assessment,Price Bid Opening Date,,"1,000,000",,HP Agro Industries Corporation Ltd,2021-2022
ocds-kjhdrl-2022_HPAIC_56931_1,tender,tender,1,2024-11-08,2022_HPAIC_56931_1,AIC.15-18(RC)/2018-19-V,Organic Fertilizers,Goods,Open Tender,Item Wise,Miscellaneous Goods,,No,No,,19-Feb-2022 11:00 AM,120,No,Offline,,,1,15-Mar-2022 02:30 PM,assessment,Price Bid Opening Date,,"600,000",,HP Agro Industries Corporation Ltd,2021-2022
ocds-kjhdrl-2022_HPAIC_56936_1,tender,tender,1,2024-11-08,2022_HPAIC_56936_1,AIC.15-18(RC)/2018-19-V,Pesticides-Agriculture,Goods,Open Tender,Item Wise,Pesticide,,No,No,,19-Feb-2022 11:00 AM,120,No,Offline,,,1,14-Mar-2022 11:00 AM,assessment,Price Bid Opening Date,,"8,000,000",,HP Agro Industries Corporation Ltd,2021-2022
ocds-kjhdrl-2022_HPAIC_56939_1,tender,tender,1,2024-11-08,2022_HPAIC_56939_1,AIC.15-18(RC)/2018-19-V,Plant Protection Equipments (Sprayers),Goods,Open Tender,Item Wise,Miscellaneous Goods,,No,No,,19-Feb-2022 11:00 AM,120,No,Offline,,,1,14-Mar-2022 02:00 PM,assessment,Price Bid Opening Date,,"10,000,000",,HP Agro Industries Corporation Ltd,2021-2022
ocds-kjhdrl-2022_HPInd_63877_3,tender,tender,1,2024-11-08,2022_HPInd_63877_3,No. Ind.SP/F/(NIT)148/94-Vol-III,Supply of Reinforced Cement Concrete (R.C.C) Pipes and Collars (ISI Marked) (M-08),Goods,Open Tender,Item Wise,Miscellaneous Goods,,No,No,"2,78,20,519",23-Aug-2022 05:00 PM,120,No,Online,,,1,14-Sep-2022 11:00 AM,assessment,Price Bid Opening Date,,"2,782,051.9",,Industries Department,2022-2023
ocds-kjhdrl-2022_HPInd_66838_3,tender,tender,1,2024-11-08,2022_HPInd_66838_3,No. Ind.SP/F/(NIT)148/94-Vol-II -3487,M-30(02) Interlink Chain (ISI Marked),Goods,Open Tender,Item Wise,Miscellaneous Goods,,No,No,"4,08,19,341",23-Dec-2022 05:00 PM,120,No,Online,,,1,17-Jan-2023 11:00 AM,assessment,Price Bid Opening Date,,"4,535,482.33",,Industries Department,2022-2023
ocds-kjhdrl-2022_HPInd_66838_4,tender,tender,1,2024-11-08,2022_HPInd_66838_4,No. Ind.SP/F/(NIT)148/94-Vol-II -3487,M-124 (Supply of Water Proofing Material),Goods,Open Tender,Item Wise,Miscellaneous Goods,,No,No,"26,37,459",23-Dec-2022 05:00 PM,120,No,Online,,,1,18-Jan-2023 11:00 AM,assessment,Price Bid Opening Date,,"2,637,459",,Industries Department,2022-2023
ocds-kjhdrl-2022_HPInd_66838_6,tender,tender,1,2024-11-08,2022_HPInd_66838_6,No. Ind.SP/F/(NIT)148/94-Vol-II -3487,E-18(Electric Motors (ISI Marked),Goods,Open Tender,Item Wise,Miscellaneous Goods,,No,No,"28,94,300",23-Dec-2022 05:00 PM,120,No,Online,,,1,18-Jan-2023 11:00 AM,assessment,Price Bid Opening Date,,"1,447,150",,Industries Department,2022-2023
ocds-kjhdrl-2022_HPInd_66838_8,tender,tender,1,2024-11-08,2022_HPInd_66838_8,No. Ind.SP/F/(NIT)148/94-Vol-II -3487,M-121 RCC Fence Posts.,Goods,Open Tender,Item Wise,Miscellaneous Goods,,No,No,"26,30,747",23-Dec-2022 05:00 PM,120,No,Online,,,1,19-Jan-2023 11:00 AM,assessment,Price Bid Opening Date,,"375,821",,Industries Department,2022-2023
ocds-kjhdrl-2022_HPIPH_56063_1,tender,tender,1,2024-11-08,2022_HPIPH_56063_1,EE IPHD TSA EA I E Tender 8175 8225 Dated 24 01 22,C O Divisional building Tissa at Bhanjraru in tehsil Churah Distt Chamba HP SH C o ground floor first floor electrical wiring water supply and sanitary fittings and breast wall,Works,Open Tender,Item Rate,Civil Works - Water Works,,No,No,"87,68,030",27-Jan-2022 10:00 AM,120,No,Online,,,1,03-Feb-2022 11:00 AM,assessment,Price Bid Opening Date,,"9,103,828",,HP Irrigation and Public Health,2021-2022
ocds-kjhdrl-2022_HPIPH_57847_1,tender,tender,1,2024-11-08,2022_HPIPH_57847_1,EE-JSV-IND-13987-14030,Remodelling and extention of old twell in indora area twell no 11 13 14 28 38 49 53 54 58 and twell jindri twell in indora,Works,Open Tender,Item Rate,Civil Works,,No,No,,11-Mar-2022 05:00 PM,120,No,Online,,,1,21-Mar-2022 11:30 AM,assessment,Price Bid Opening Date,,"3,565,173",,HP Irrigation and Public Health,2021-2022
ocds-kjhdrl-2022_HPIPH_59958_1,tender,tender,1,2024-11-08,2022_HPIPH_59958_1,1176-1225(2),"Providing LWSS to Sub-Villages Nishani Kuikod,Daregh, Togi, Garahana, etc, of CV Dingidhar in Anni Block Distt, Kullu (HP)",Works,Open Tender,Item Rate,Civil Works,,No,No,"45,12,865",26-Apr-2022 06:00 PM,120,No,Both(Online/Offline),,,1,05-May-2022 12:30 PM,assessment,Price Bid Opening Date,,"4,109,704",,HP Irrigation and Public Health,2022-2023
ocds-kjhdrl-2022_HPIPH_60519_1,tender,tender,1,2024-11-08,2022_HPIPH_60519_1,JSV-DM-Tender-1108-14/1,Deployment of man power of various skilled and unskilled category for annual Running and operation for one year For LWSS Jawoo Shatiyan in G.P Shatiyan in Tehsil Theog Distt Shimla H.P,Services,Open Tender,Item Rate,Manpower Supply,,No,No,,11-May-2022 05:00 PM,120,No,Both(Online/Offline),,,1,24-May-2022 11:30 AM,assessment,Price Bid Opening Date,,"1,795,660",,HP Irrigation and Public Health,2022-2023
ocds-kjhdrl-2022_HPIPH_60523_1,tender,tender,1,2024-11-08,2022_HPIPH_60523_1,JSV-DM-Tender-1108-14/2,JSV-DM-Tender-1108-14/2,Services,Open Tender,Item Rate,Manpower Supply,,No,No,,11-May-2022 05:00 PM,120,No,Both(Online/Offline),,,1,24-May-2022 11:30 AM,assessment,Price Bid Opening Date,,"1,933,789",,HP Irrigation and Public Health,2022-2023
ocds-kjhdrl-2022_HPIPH_60530_1,tender,tender,1,2024-11-08,2022_HPIPH_60530_1,1350-99 dated 11.05.2022,Improvement of water distribution system in GP Kataula Kamand and aug of WSS Riyagri Lanjhnoo in Tehsil Sadar in Distt Mandi HP,Works,Open Tender,Item Rate,Civil Works - Water Works,,No,No,"73,52,222",11-May-2022 05:00 PM,120,No,Offline,,,1,18-May-2022 11:30 AM,assessment,Price Bid Opening Date,,"7,959,808",,HP Irrigation and Public Health,2022-2023
ocds-kjhdrl-2022_HPIPH_60854_1,tender,tender,1,2024-11-08,2022_HPIPH_60854_1,No. EE-JSVD-CB-NIT-22-23-5298-5398,Providing Flood Protection works on left bank of River Beas from Village Beri to Palahi Phase-II in Tehsil Sujanpur District Hamirpur,Works,Open Tender,Item Rate,Civil Works,,No,No,"6,12,60,530",20-May-2022 04:00 PM,120,No,Both(Online/Offline),,,1,03-Jun-2022 11:30 AM,assessment,Price Bid Opening Date,,0,,HP Irrigation and Public Health,2022-2023
ocds-kjhdrl-2022_HPIPH_61067_1,tender,tender,1,2024-11-08,2022_HPIPH_61067_1,BLP-BLP00-736 NIT No. 4993-5092 dt. 25-05-2022,"Improvement of LWSS Jungle Sungle Harizan Basti village Jungle Sungle and Nichla in Tehsil Sadar District Bilaspur (SH Construction of storage tank at Node A, 41KL litr capacity and Node-B-RCC storage tank 17 KL litr capacity and laying jointing of G",Works,Open Tender,Item Rate,Civil Works,,No,No,,25-May-2022 05:00 PM,120,No,Both(Online/Offline),,,1,01-Jun-2022 11:30 AM,assessment,Price Bid Opening Date,,"694,344",,HP Irrigation and Public Health,2022-2023
ocds-kjhdrl-2022_HPIPH_61291_1,tender,tender,1,2024-11-08,2022_HPIPH_61291_1,EE.BHJ.tender-22-1360-1420 DT 31-05-22,Providing drinking water facilities to Harizan Basti of village Mundkhar Gainda Mundkhar Tulsi Kangri and Talai in Tehsil Bhoranj,Works,Open Tender,Item Wise,Civil Works,,No,No,"53,91,296",31-May-2022 05:00 PM,120,No,Both(Online/Offline),,,1,09-Jun-2022 11:30 AM,assessment,Price Bid Opening Date,,"4,248,799",,HP Irrigation and Public Health,2022-2023
ocds-kjhdrl-2022_HPIPH_61812_1,tender,tender,1,2024-11-08,2022_HPIPH_61812_1,EE-JSD-RMP-E-TEN/21-2893-2943 DT. 16.6.22,Prov. GWSS to Group of Villages in GP Kinoo Tehsil Rampur Distt. Shimla HP,Works,Open Tender,Item Rate,Civil Works,,No,No,"1,40,62,476",16-Jun-2022 06:00 PM,120,No,Both(Online/Offline),,,1,23-Jun-2022 10:00 AM,assessment,Price Bid Opening Date,,"12,269,754",,HP Irrigation and Public Health,2022-2023
ocds-kjhdrl-2022_HPIPH_61863_1,tender,tender,1,2024-11-08,2022_HPIPH_61863_1,EE.BHJ.tender-22-2000-2060 DT 17-06-2022,"Construction of LWSS Amroh, Tan Amroh in Tehsil Bhoranj Distt Hamirpur",Works,Open Tender,Item Rate,Civil Works,,No,No,"19,71,320",18-Jun-2022 05:35 PM,120,No,Both(Online/Offline),,,1,25-Jun-2022 11:30 AM,assessment,Price Bid Opening Date,,"1,499,860",,HP Irrigation and Public Health,2022-2023
ocds-kjhdrl-2022_HPIPH_62255_1,tender,tender,1,2024-11-08,2022_HPIPH_62255_1,No. EE-JSV-HMR-CB-et-22-23 10328-10428,Providing LWSS for existing water supply scheme uner LWSS Logwalti Bomson for Block Tauni Devi in Distt. Hamirpur H.P-Under JJM,Works,Open Tender,Item Rate,Civil Works,,No,No,"21,15,25,570",28-Jun-2022 04:00 PM,180,No,Both(Online/Offline),,,1,12-Jul-2022 11:30 AM,assessment,Price Bid Opening Date,,0,,HP Irrigation and Public Health,2022-2023
ocds-kjhdrl-2022_HPIPH_63445_1,tender,tender,1,2024-11-08,2022_HPIPH_63445_1,BLP-BLP00736 NIT No. 13596-13695 Dated 05/08/2022,AR and MO LWSS Kanfara in Tehsil Sh. Naina Devi Ji District Bilaspur SH Supply of manpower for operating distribution system for one year,Works,Open Tender,Item Rate,Repair and Maintenance Works,,No,No,,05-Aug-2022 06:00 PM,120,No,Offline,,,1,20-Aug-2022 11:30 AM,assessment,Price Bid Opening Date,,"790,000",,HP Irrigation and Public Health,2022-2023
ocds-kjhdrl-2022_HPIPH_63622_1,tender,tender,1,2024-11-08,2022_HPIPH_63622_1,NGB-KNG01-773,Providing LWSS Luhna Mangrella in Tehsil Baroh,Works,Open Tender,Item Rate,Civil Works,,No,No,"14,11,864",11-Aug-2022 05:00 PM,60,No,Online,,,1,20-Aug-2022 11:30 AM,assessment,Price Bid Opening Date,,"1,018,184",,HP Irrigation and Public Health,2022-2023
ocds-kjhdrl-2022_HPIPH_63789_1,tender,tender,1,2024-11-08,2022_HPIPH_63789_1,PNT-SMR-02-720 No. 12350-12450 Dated 17/08/2022,Water Quality Monitoring and Surveillance under Jal Jeewan Mission Programme under District Sirmour HP,Works,Open Tender,Item Rate,Civil Works,,No,No,"6,20,048",17-Aug-2022 06:00 PM,120,No,Both(Online/Offline),,,1,25-Aug-2022 12:30 PM,assessment,Price Bid Opening Date,,"398,700",,HP Irrigation and Public Health,2022-2023
ocds-kjhdrl-2022_HPIPH_63939_1,tender,tender,1,2024-11-08,2022_HPIPH_63939_1,4347-4447 dated 22/08/2022,Source Strengthening of Various LWSS under JSV Tube well Sub Division Baddi in Tehsil Baddi District Solan HP,Works,Open Tender,Item Rate,Civil Works,,No,No,"1,77,65,405",23-Aug-2022 12:00 PM,120,No,Online,,,1,05-Sep-2022 11:30 AM,assessment,Price Bid Opening Date,,"16,020,000",,HP Irrigation and Public Health,2022-2023
ocds-kjhdrl-2022_HPIPH_64096_1,tender,tender,1,2024-11-08,2022_HPIPH_64096_1,JSV-DM-5218-23/2,Out source operation and running of LWSS Bhena Khad to Baragaun Bhareri Shivan Banhar and Shalotha in Tehsil Kumarsain Distt.Shimla H.P. For One Year,Services,Open Tender,Item Wise,Manpower Supply,,No,No,,26-Aug-2022 05:00 PM,120,No,Both(Online/Offline),,,1,08-Sep-2022 11:30 AM,assessment,Price Bid Opening Date,,"1,197,200",,HP Irrigation and Public Health,2022-2023
ocds-kjhdrl-2022_HPIPH_64101_1,tender,tender,1,2024-11-08,2022_HPIPH_64101_1,BLP-BLP-00736 NIT No. 14977-15076 Dated 25/08/2022,Augmentation of Lift Irrigation Scheme Nanawan in Tehsil Ghumarwin District Bilaspur. (SH Replacement of existing MSERW pipe replacement of existing pumping machinery C/o brick chamber 1x1x1m C/o pucca feeder channel repair of pump house and construc,Works,Open Tender,Item Rate,Civil Works,,No,No,,26-Aug-2022 05:00 PM,120,No,Offline,,,1,06-Sep-2022 11:30 AM,assessment,Price Bid Opening Date,,"3,049,082",,HP Irrigation and Public Health,2022-2023
ocds-kjhdrl-2022_HPIPH_64130_1,tender,tender,1,2024-11-08,2022_HPIPH_64130_1,HPIPH 9073-9115 DATED 26.08.2022,"Providing household connections by Ministry of Jal Shakti Har Ghar Nal se Jal in Warer Supply Scheme Holta Banuri in Palampur Constituency in Tehsil Palampur, Distt. Kangra H.P UNDER JAL JEEVAN MISSION",Works,Open Tender,Item Rate,Water Equipments/ Meter/ Drilling/ Boring,,No,No,"11,53,300",26-Aug-2022 06:00 PM,120,No,Online,,,1,02-Sep-2022 11:30 AM,assessment,Price Bid Opening Date,,"1,121,600",,HP Irrigation and Public Health,2022-2023
ocds-kjhdrl-2022_HPIPH_64263_1,tender,tender,1,2024-11-08,2022_HPIPH_64263_1,JSV-DM-5342-47/1,LWSS Bhena Khad to Baragaon Bhareri Shiwan and Banahar in Tehsil Kumarsain Distt Shimla H.P.,Works,Open Tender,Item Rate,Civil Works - Water Works,,No,No,,30-Aug-2022 05:00 PM,120,No,Both(Online/Offline),,,1,13-Sep-2022 11:30 AM,assessment,Price Bid Opening Date,,"24,529,970",,HP Irrigation and Public Health,2022-2023
ocds-kjhdrl-2022_HPIPH_64465_1,tender,tender,1,2024-11-08,2022_HPIPH_64465_1,No. JSV-1/E -tender/ 22-12516-45 dt 03-09-2022,Providing Multi Villages Piped Water Supply Scheme for Haroli Constituency in Haroli Block Distt. Una (H.P.),Works,Open Tender,Item Rate,Civil Works,,No,No,"8,42,327",03-Sep-2022 05:00 PM,120,No,Both(Online/Offline),Not Admitted-Finance,,1,13-Sep-2022 11:00 AM,assessment,Price Bid Opening Date,,"750,700",,HP Irrigation and Public Health,2022-2023
ocds-kjhdrl-2022_HPIPH_64467_1,tender,tender,1,2024-11-08,2022_HPIPH_64467_1,No. JSV-1/E -tender/ 22-12516-45 dt 03-09-2022,"Providing Multi Villages Piped Water Supply Scheme for Haroli Constituency in Haroli Block Distt. Una (H.P.) (SH Drilling, lowering of assembly development of 1 No. 175mm dia borewell ( Mini T/well 7 dia) 90 mtrs deep at vill. Lalehri (Mohalla",Works,Open Tender,Item Rate,Civil Works,,No,No,"7,57,233",03-Sep-2022 05:00 PM,120,No,Both(Online/Offline),,,1,13-Sep-2022 11:00 AM,assessment,Price Bid Opening Date,,"976,650",,HP Irrigation and Public Health,2022-2023
ocds-kjhdrl-2022_HPIPH_64469_1,tender,tender,1,2024-11-08,2022_HPIPH_64469_1,No. JSV-1/E -tender/ 22-12516-45 dt 03-09-2022,"Providing Multi Villages Piped Water Supply Scheme for Haroli Constituency in Haroli Block Distt. Una (H.P.) (SH Drilling, lowering of assembly development of 1 No. 175mm dia borewell ( Mini T/well 7 dia) 90 mtrs deep at vill. lower Palkwah in",Works,Open Tender,Item Rate,Civil Works,,No,No,"7,57,233",03-Sep-2022 05:00 PM,120,No,Both(Online/Offline),,,1,13-Sep-2022 11:00 AM,assessment,Price Bid Opening Date,,"657,980",,HP Irrigation and Public Health,2022-2023
ocds-kjhdrl-2022_HPIPH_64471_1,tender,tender,1,2024-11-08,2022_HPIPH_64471_1,No. JSV-1/E -tender/ 22-12516-45 dt 03-09-2022,"Providing Multi Villages Piped Water Supply Scheme for Haroli Constituency in Haroli Block Distt. Una (H.P.) (SH Drilling, lowering of assembly development of 1 No. 175mm dia borewell ( Mini T/well 7 dia) 90 mtrs deep at vill. Nangal Khurd (Ma",Works,Open Tender,Item Rate,Civil Works,,No,No,"7,57,233",03-Sep-2022 05:00 PM,120,No,Both(Online/Offline),,,1,13-Sep-2022 11:00 AM,assessment,Price Bid Opening Date,,"752,900",,HP Irrigation and Public Health,2022-2023
ocds-kjhdrl-2022_HPIPH_64475_1,tender,tender,1,2024-11-08,2022_HPIPH_64475_1,No. JSV-1/E -tender/ 22-12516-45 dt 03-09-2022,Providing Multi Villages Piped Water Supply Scheme for Haroli Constituency in Haroli Block Distt. Una (H.P.),Works,Open Tender,Item Rate,Civil Works,,No,No,"10,02,132",03-Sep-2022 05:00 PM,120,No,Both(Online/Offline),,,1,13-Sep-2022 11:00 AM,assessment,Price Bid Opening Date,,"989,200",,HP Irrigation and Public Health,2022-2023
ocds-kjhdrl-2022_HPIPH_65028_2,tender,tender,1,2024-11-08,2022_HPIPH_65028_2,NHN-SMROO-722- 11095-175 dt 14-9-22,Providing FHTC of LWSS Panjahal under JJM in GP Panjahal Tehsil Nahan Distt. Sirmour,Works,Open Tender,Item Rate,Pipe Laying Works,,No,No,,15-Sep-2022 05:00 PM,120,No,Both(Online/Offline),,,1,22-Sep-2022 11:30 AM,assessment,Price Bid Opening Date,,"619,290",,HP Irrigation and Public Health,2022-2023
ocds-kjhdrl-2022_HPIPH_65180_1,tender,tender,1,2024-11-08,2022_HPIPH_65180_1,9328-9427,"Annual repairs, Operation and maintenance of various water supply scheme under Jaswan Pragpur area in Tehsil Dadasiba / Jaswan District Kangra HP",Works,Open Tender,Lump-sum,Civil Works,,No,No,"10,02,61,900",23-Sep-2022 05:00 PM,120,No,Both(Online/Offline),,,1,14-Oct-2022 11:30 AM,assessment,Price Bid Opening Date,,"99,400,000",,HP Irrigation and Public Health,2022-2023
ocds-kjhdrl-2022_HPIPH_65564_1,tender,tender,1,2024-11-08,2022_HPIPH_65564_1,No. EE-JSD-RMP-E-TEN/22-7632-82 T 24.09.22,Providing LWSS Kashapat kahd to dansa in gp deothi tehsil rampur,Works,Open Tender,Item Rate,Civil Works,,No,No,"9,88,205",26-Sep-2022 05:00 PM,120,No,Both(Online/Offline),,,1,04-Oct-2022 10:00 AM,assessment,Price Bid Opening Date,,"997,025",,HP Irrigation and Public Health,2022-2023
ocds-kjhdrl-2022_HPIPH_65623_1,tender,tender,1,2024-11-08,2022_HPIPH_65623_1,No. JSV-1/E -tender/ 22-14247-76 dt 27-09-2022,"Providing IOT based Instrumentation to monitor quality and quantity of drinking water in G.P Tabba for WSS Jalgran Tabba G.P Nangran for WSS Nangran in Block Una Distt Una, HP (Including Operation and maintenance of whole system for 5 years",Works,Open Tender,Item Rate,Civil Works,,No,No,"49,97,915",27-Sep-2022 04:00 PM,120,No,Both(Online/Offline),,,1,04-Oct-2022 11:00 AM,assessment,Price Bid Opening Date,,"3,555,580",,HP Irrigation and Public Health,2022-2023
ocds-kjhdrl-2022_HPIPH_65624_1,tender,tender,1,2024-11-08,2022_HPIPH_65624_1,No. JSV-1/E -tender/ 22-14247-76 dt 27-09-2022,"Providing IOT based Instrumentation to monitor quality and quantity of drinking water in G.P Palkwah for WSS Palkwah G.P Panjawar for WSS Panjawar in Block Haroli Distt Una, HP (Including Operation and maintenance of whole system for 5 years.",Works,Open Tender,Item Rate,Civil Works,,No,No,"49,46,949",27-Sep-2022 04:00 PM,120,No,Both(Online/Offline),,,1,04-Oct-2022 11:00 AM,assessment,Price Bid Opening Date,,"3,524,980",,HP Irrigation and Public Health,2022-2023
ocds-kjhdrl-2022_HPIPH_65636_1,tender,tender,1,2024-11-08,2022_HPIPH_65636_1,HPIPH- 10782-10820 DATED 27.09.2022,Creation of infrastructure for vegetable other crop seed production CSKHPKV Palampurin Tehsil Palampur Distt. Kangra H P,Works,Open Tender,Item Rate,Civil Works,,No,No,"12,67,120",27-Sep-2022 06:00 PM,120,No,Online,,,1,04-Oct-2022 11:30 AM,assessment,Price Bid Opening Date,,"1,152,200",,HP Irrigation and Public Health,2022-2023
ocds-kjhdrl-2022_HPIPH_65710_1,tender,tender,1,2024-11-08,2022_HPIPH_65710_1,EE/JSD/FTR/EA/2022-9194-9234,Providing LWSS to SCSP village Roud Rehan Khas in Tehsil Fatehpur District Kangra,Works,Open Tender,Item Rate,Civil Works,,No,No,"5,05,058",29-Sep-2022 05:00 PM,90,No,Online,,,1,06-Oct-2022 11:30 AM,assessment,Price Bid Opening Date,,"352,043",,HP Irrigation and Public Health,2022-2023
ocds-kjhdrl-2022_HPIPH_65711_1,tender,tender,1,2024-11-08,2022_HPIPH_65711_1,EE/JSD/FTR/EA/2022-9194-9234,C Providing LWSS to SCSP village Rehan Dehri in Tehsil Fatehpur District Kangra,Works,Open Tender,Item Rate,Civil Works,,No,No,"5,05,058",29-Sep-2022 05:00 PM,90,No,Online,,,1,06-Oct-2022 11:30 AM,assessment,Price Bid Opening Date,,"390,258.42",,HP Irrigation and Public Health,2022-2023
ocds-kjhdrl-2022_HPIPH_66045_1,tender,tender,1,2024-11-08,2022_HPIPH_66045_1,HPIPH Baijnath 7104-05 dated 04.10.2022,Providing Sewerage Scheme to Baijnath and Paprola Town Nagar Panchayat in Tehsil Baijnath Distt. Kangra H.P. Sub Head Construction of STP capacity 2.18 MLD for Zone 2 and Operation Maintenance for 1 year,Works,Open Tender,Item Rate,Civil Works,,No,No,"4,07,34,263",05-Oct-2022 01:00 PM,120,No,Both(Online/Offline),,,1,02-Nov-2022 11:30 AM,assessment,Price Bid Opening Date,,"31,500,000",,HP Irrigation and Public Health,2022-2023
ocds-kjhdrl-2022_HPIPH_66144_1,tender,tender,1,2024-11-08,2022_HPIPH_66144_1,11045-11144,Setting up of water quality test laboratory (WQMSP) at Jal Shakti Sub-Division Dadasiba under Jal Shakti Division Jaswan Pragpur District Kangra HP,Works,Open Tender,Item Rate,Civil Works,,No,No,"6,23,000",07-Oct-2022 05:00 PM,120,No,Offline,,,1,14-Oct-2022 11:30 AM,assessment,Price Bid Opening Date,,"611,200",,HP Irrigation and Public Health,2022-2023
ocds-kjhdrl-2022_HPIPH_66164_1,tender,tender,1,2024-11-08,2022_HPIPH_66164_1,BLP-BLP-00736 NIT No. 19351-450 Dated 06/10/2022,Reliable drinking water sources Augmentation of existing sources for multi villages group piped water supply scheme part of Sadar Block of Bilaspur District SH Construction of additional storage tank 50000 litr capacity at Jamthal,Works,Open Tender,Item Rate,Civil Works,,No,No,"5,45,744",07-Oct-2022 05:00 PM,120,No,Offline,,,1,14-Oct-2022 11:30 AM,assessment,Price Bid Opening Date,,"467,811",,HP Irrigation and Public Health,2022-2023
ocds-kjhdrl-2022_HPIPH_66465_1,tender,tender,1,2024-11-08,2022_HPIPH_66465_1,12379-12478,Construction of Lift Irrigation scheme to village Jatoli and Kurial Khera in tehsil Rakkar District Kangra (HP),Works,Open Tender,Item Rate,Civil Works,,No,No,"18,78,573",13-Oct-2022 05:00 PM,120,No,Offline,,,1,20-Oct-2022 11:30 AM,assessment,Price Bid Opening Date,,"2,039,191",,HP Irrigation and Public Health,2022-2023
ocds-kjhdrl-2022_HPIPH_66504_1,tender,tender,1,2024-11-08,2022_HPIPH_66504_1,EE-JSV-CBA-2022- 9853-9903 dt 13.10.2022,Imp. Extenstion of water supply scheme of Chamba town,Works,Open Tender,Item Rate,Civil Works,,No,No,"6,36,38,773",13-Oct-2022 04:45 PM,120,No,Both(Online/Offline),,,1,03-Nov-2022 11:30 AM,assessment,Price Bid Opening Date,,"58,974,338",,HP Irrigation and Public Health,2022-2023
ocds-kjhdrl-2022_HPIPH_66519_1,tender,tender,1,2024-11-08,2022_HPIPH_66519_1,1320-99 dated 13-10-2022,"Improvement of LIS Lower Kothipura in Tehsil Sadar District Bilaspur (SH- Laying jointing and testing HDPE pipe of distribution system in various dia, C/o delivery tank, and C/o RCC outlets).",Works,Open Tender,Item Rate,Civil Works,,No,No,"13,19,607",13-Oct-2022 05:55 PM,120,No,Online,,,1,20-Oct-2022 11:30 AM,assessment,Price Bid Opening Date,,"1,171,421",,HP Irrigation and Public Health,2022-2023
ocds-kjhdrl-2022_HPSEB_55495_1,tender,tender,1,2024-11-08,2022_HPSEB_55495_1,OCN/DB-27/NIT-No-107/2021-22,OCN/DB-27/NIT-No-107/2021-22,Works,Open Tender,Item Rate,Electrical Works,,No,No,,10-Jan-2022 09:00 AM,60,No,Online,,,1,21-Jan-2022 11:30 AM,assessment,Price Bid Opening Date,,"1,296,273",,HPSEBL,2021-2022
ocds-kjhdrl-2022_HPSEB_55648_1,tender,tender,1,2024-11-08,2022_HPSEB_55648_1,OCN/DB-27/NIT-No-108/2021-22,OCN/DB-27/NIT-No-108/2021-22,Works,Open Tender,Item Rate,Electrical Works,,No,No,,13-Jan-2022 04:00 PM,60,No,Online,,,1,21-Jan-2022 11:30 AM,assessment,Price Bid Opening Date,,"495,630",,HPSEBL,2021-2022
ocds-kjhdrl-2022_HPSEB_57082_1,tender,tender,1,2024-11-08,2022_HPSEB_57082_1,OCN/DB-27/NIT-No-127/2021-22,OCN/DB-27/NIT-No-127/2021-22,Works,Open Tender,Item Wise,Electrical Works,,No,No,,22-Feb-2022 01:00 PM,90,No,Online,,,1,02-Mar-2022 11:30 AM,assessment,Price Bid Opening Date,,"736,080",,HPSEBL,2021-2022
ocds-kjhdrl-2022_HPSEB_57086_1,tender,tender,1,2024-11-08,2022_HPSEB_57086_1,OCN/DB-27/NIT-No-128/2021-22,OCN/DB-27/NIT-No-128/2021-22,Works,Open Tender,Item Wise,Electrical Works,,No,No,,22-Feb-2022 01:40 PM,90,No,Online,,,1,02-Mar-2022 11:30 AM,assessment,Price Bid Opening Date,,"670,225",,HPSEBL,2021-2022
ocds-kjhdrl-2022_HPSEB_57666_1,tender,tender,1,2024-11-08,2022_HPSEB_57666_1,OCN/DB-27/NIT-No-129/2021-22,OCN/DB-27/NIT-No-129/2021-22,Works,Open Tender,Item Rate,Electrical Works,,No,No,,10-Mar-2022 10:00 AM,90,No,Online,,,1,06-Apr-2022 11:30 AM,assessment,Price Bid Opening Date,,"467,390",,HPSEBL,2021-2022
ocds-kjhdrl-2022_HPSEB_57687_1,tender,tender,1,2024-11-08,2022_HPSEB_57687_1,OCN/DB-27/NIT-No-130/2021-22,OCN/DB-27/NIT-No-130/2021-22,Works,Open Tender,Item Rate,Electrical Works,,No,No,,10-Mar-2022 10:00 AM,90,No,Online,,,1,06-Apr-2022 11:30 AM,assessment,Price Bid Opening Date,,"554,310",,HPSEBL,2021-2022
ocds-kjhdrl-2022_HPSEB_57980_1,tender,tender,1,2024-11-08,2022_HPSEB_57980_1,OCN/DB-27/NIT-No-131/2021-22,OCN/DB-27/NIT-No-131/2021-22,Works,Open Tender,Item Rate,Electrical Works,,No,No,,15-Mar-2022 09:00 AM,90,No,Online,,,1,22-Mar-2022 11:30 AM,assessment,Price Bid Opening Date,,"799,166",,HPSEBL,2021-2022
ocds-kjhdrl-2022_HPSEB_58138_2,tender,tender,1,2024-11-08,2022_HPSEB_58138_2,CEON/Dep.-14/21-22,CEON-Dep-14/2021-22,Works,Open Tender,Turn-key,Electrical Works,,No,No,"45,23,63,138",23-Mar-2022 10:00 AM,180,No,Online,,,1,31-Mar-2022 03:45 PM,assessment,Price Bid Opening Date,,"432,006,798",,HPSEBL,2021-2022
ocds-kjhdrl-2022_HPSEB_58748_1,tender,tender,1,2024-11-08,2022_HPSEB_58748_1,OCN/DB-27/NIT-No-139/2021-22,OCN/DB-27/NIT-No-139/2021-22,Works,Open Tender,Item Rate,Electrical Works,,No,No,,01-Apr-2022 09:00 AM,90,No,Online,,,1,12-Apr-2022 11:30 AM,assessment,Price Bid Opening Date,,"637,518",,HPSEBL,2021-2022
ocds-kjhdrl-2022_HPSEB_58776_1,tender,tender,1,2024-11-08,2022_HPSEB_58776_1,OCN/DB-27/NIT-No-140/2021-22,OCN/DB-27/NIT-No-140/2021-22,Works,Open Tender,Item Rate,Electrical Works,,No,No,,01-Apr-2022 09:00 AM,90,No,Online,,,1,12-Apr-2022 11:30 AM,assessment,Price Bid Opening Date,,"901,212",,HPSEBL,2021-2022
ocds-kjhdrl-2022_HPSEB_60294_1,tender,tender,1,2024-11-08,2022_HPSEB_60294_1,CEON-Dep-05/2022-23,CEON-Dep-05/2022-23,Works,Open Tender,Turn-key,Electrical Works,,No,No,"1,31,73,005",04-May-2022 03:00 PM,180,No,Online,,,1,11-May-2022 03:30 PM,assessment,Price Bid Opening Date,,"14,574,876",,HPSEBL,2022-2023
ocds-kjhdrl-2022_HPSEB_61311_1,tender,tender,1,2024-11-08,2022_HPSEB_61311_1,HPSEBL/CEOCZ/NIT2/22-23,"Survey, Supply, design ,Erection testing ,Commissioning of 11 KV HT lines Stage I, II, III , 11 KV strengthening work, allied DTRs with civil works for providing SOP to LIS Hurla LIS Bahmi Nallah in tehsil Bhunter Kullu",Works,Open Tender,Turn-key,Electrical Works,,No,No,"1,58,80,261",01-Jun-2022 01:25 PM,180,No,Online,,,1,16-Jun-2022 11:30 AM,assessment,Price Bid Opening Date,,"15,152,945",,HPSEBL,2022-2023
ocds-kjhdrl-2022_HPSEB_61439_1,tender,tender,1,2024-11-08,2022_HPSEB_61439_1,OCN/DB-27/NIT-No-17/2022-23,OCN/DB-27/NIT-No-17/2022-23,Works,Open Tender,Percentage,Electrical Works,,No,No,,08-Jun-2022 04:25 PM,90,No,Online,,,1,16-Jun-2022 11:30 AM,assessment,Price Bid Opening Date,,"645,527",,HPSEBL,2022-2023
ocds-kjhdrl-2022_HPSEB_62455_1,tender,tender,1,2024-11-08,2022_HPSEB_62455_1,OCN/DB-27/NIT-No-18/2022-23,OCN/DB-27/NIT-No-18/2022-23,Works,Open Tender,Percentage,Electrical Works,,No,No,,06-Jul-2022 11:30 AM,90,No,Online,,,1,14-Jul-2022 11:30 AM,assessment,Price Bid Opening Date,,"666,574",,HPSEBL,2022-2023
ocds-kjhdrl-2022_HPSEB_62461_1,tender,tender,1,2024-11-08,2022_HPSEB_62461_1,OCN/DB-27/NIT-No-20/2022-23,OCN/DB-27/NIT-No-20/2022-23,Works,Open Tender,Percentage,Electrical Works,,No,No,,06-Jul-2022 12:10 PM,90,No,Online,,,1,14-Jul-2022 11:30 AM,assessment,Price Bid Opening Date,,"577,878",,HPSEBL,2022-2023
ocds-kjhdrl-2022_HPSEB_62462_1,tender,tender,1,2024-11-08,2022_HPSEB_62462_1,OCN/DB-27/NIT-No-21/2022-23,OCN/DB-27/NIT-No-21/2022-23,Works,Open Tender,Percentage,Electrical Works,,No,No,,06-Jul-2022 12:25 PM,90,No,Online,,,1,14-Jul-2022 11:30 AM,assessment,Price Bid Opening Date,,"565,448",,HPSEBL,2022-2023
ocds-kjhdrl-2022_HPSEB_62464_1,tender,tender,1,2024-11-08,2022_HPSEB_62464_1,OCN/DB-27/NIT-No-22/2022-23,OCN/DB-27/NIT-No-22/2022-23,Works,Open Tender,Percentage,Electrical Works,,No,No,,06-Jul-2022 12:35 PM,90,No,Online,,,1,14-Jul-2022 11:30 AM,assessment,Price Bid Opening Date,,"618,663",,HPSEBL,2022-2023
ocds-kjhdrl-2022_HPSEB_63361_1,tender,tender,1,2024-11-08,2022_HPSEB_63361_1,SE(CCA)/ALDC Totu/2022-01,Construction Control room for ALDC Totu,Works,Open Tender,Item Rate,Civil Works - Buildings,,No,No,"3,11,51,293",02-Aug-2022 03:00 PM,120,No,Online,,,1,30-Sep-2022 02:00 PM,assessment,Price Bid Opening Date,,"37,727,235",,HPSEBL,2022-2023
ocds-kjhdrl-2022_HPSEB_63458_1,tender,tender,1,2024-11-08,2022_HPSEB_63458_1,CEON-DEP-16/2022-23,CEON-DEP-16/2022-23,Works,Open Tender,Turn-key,Electrical Works,,No,No,"2,25,32,299",06-Aug-2022 12:00 PM,180,No,Online,,,1,17-Aug-2022 02:00 PM,assessment,Price Bid Opening Date,,"21,219,303",,HPSEBL,2022-2023
ocds-kjhdrl-2022_HPSEB_63539_1,tender,tender,1,2024-11-08,2022_HPSEB_63539_1,CEON-DEP-18/2022-23,CEON-DEP-18/2022-23,Works,Open Tender,Turn-key,Electrical Works,,No,No,"82,49,439",08-Aug-2022 05:50 PM,180,No,Online,,,1,17-Aug-2022 03:30 PM,assessment,Price Bid Opening Date,,"8,495,684",,HPSEBL,2022-2023
ocds-kjhdrl-2022_HPSEB_64384_3,tender,tender,1,2024-11-08,2022_HPSEB_64384_3,DB-Tender/No-01(63kVA S/Stn with HT/LT Kunch Karya,22/.4KV 63kVA S/Stn with HT LT line Kunch Karyali,Works,Open Tender,Turn-key,Electrical Works,,No,No,"5,11,577",14-Sep-2022 04:00 PM,90,No,Online,,,1,21-Sep-2022 02:00 PM,assessment,Price Bid Opening Date,,"524,366.99",,HPSEBL,2022-2023
ocds-kjhdrl-2022_HPSEB_64608_1,tender,tender,1,2024-11-08,2022_HPSEB_64608_1,OCN/DB-27/NIT-No-24/2022-23,OCN/DB-27/NIT-No-24/2022-23,Works,Open Tender,Percentage,Electrical Works,,No,No,,07-Sep-2022 09:00 AM,90,No,Online,,,1,17-Sep-2022 11:30 AM,assessment,Price Bid Opening Date,,"980,785",,HPSEBL,2022-2023
ocds-kjhdrl-2022_HPSEB_64639_1,tender,tender,1,2024-11-08,2022_HPSEB_64639_1,CE(MM)-18/2022,"Procurement of PCC Poles of sizes8M, 9M and 9.75M",Goods,Open Tender,Item Wise,Electrical Work/ Equipment,,No,No,"2,24,39,470",07-Sep-2022 05:00 PM,120,No,Online,,,1,15-Oct-2022 11:30 AM,assessment,Price Bid Opening Date,,"3,505,227",,HPSEBL,2022-2023
ocds-kjhdrl-2022_HPSEB_64696_1,tender,tender,1,2024-11-08,2022_HPSEB_64696_1,27-2022-23,27-2022-23,Works,Open Tender,Turn-key,Civil Works,,No,No,"4,12,999",09-Sep-2022 10:00 AM,90,No,Online,,,1,03-Oct-2022 11:30 AM,assessment,Price Bid Opening Date,,"417,826",,HPSEBL,2022-2023
ocds-kjhdrl-2022_HPSEB_64875_1,tender,tender,1,2024-11-08,2022_HPSEB_64875_1,HPSEBL/NIT-84/2022-23,"Providing 63 KVA ,11/0.4 KV S/Stn at village Palace Colony under ESD , HPSEB,Ltd.Sundernagar . T.S No.-163/22022-23 S/Amt.-4,51,737 /- WBS No.- Estimate for Prov. Re-Organisation of LT Distribution System from proposed",Works,Open Tender,Percentage,Electrical Works,,No,No,"3,13,955",12-Sep-2022 06:00 PM,90,No,Online,,,1,03-Oct-2022 03:00 PM,assessment,Price Bid Opening Date,,"266,603",,HPSEBL,2022-2023
ocds-kjhdrl-2022_HPSEB_64934_1,tender,tender,1,2024-11-08,2022_HPSEB_64934_1,HPSEBL/PHE/BAP_KAFNU/2022-2,BAP KAFNU BATTERY-1,Works,Open Tender,Turn-key,Electrical Works,,No,No,,14-Sep-2022 02:00 PM,180,No,Online,,,1,21-Oct-2022 04:00 PM,assessment,Price Bid Opening Date,,"1,450,138",,HPSEBL,2022-2023
ocds-kjhdrl-2022_HPSEB_65007_1,tender,tender,1,2024-11-08,2022_HPSEB_65007_1,HPSEBL/PHE/THIROT-BATTERY CHARGER/2022-1,DESIGN ENGINEERING MANUFACTURE SHOP ASSEMBLY TESTING BEFORE DISPATCH PACKING AND FORWARDING TRANSPORTATION INSURANCE HANDLING DELIVERY ERECTION TESTING COMMISSIONING OF 110V 30AMPS BATTERY CHARGER FOR 3X1.5 MW THIROT POWER HOUSE HP,Works,Open Tender,Turn-key,Electrical Works,,No,No,,15-Sep-2022 03:00 PM,180,No,Online,,,1,15-Oct-2022 11:30 AM,assessment,Price Bid Opening Date,,"725,700",,HPSEBL,2022-2023
ocds-kjhdrl-2022_HPSEB_65187_1,tender,tender,1,2024-11-08,2022_HPSEB_65187_1,OCN/DB-27/NIT No-28/2022-2,OCN/DB-27/NIT No-28/2022-23,Works,Open Tender,Item Rate,Scrap/Disposables,,No,No,,19-Sep-2022 03:30 PM,60,No,Online,,,1,24-Sep-2022 04:30 PM,assessment,Price Bid Opening Date,,"2,916,822",,HPSEBL,2022-2023
ocds-kjhdrl-2022_HPSEB_65232_1,tender,tender,1,2024-11-08,2022_HPSEB_65232_1,HPSEBL/NIT-93/2022-23,"Estimate for Providing 22 KV HT Line to proposed 63 KVA , 22/0.4 KV S/Stn at village Shall under ESD , HPSEB,Ltd. Nihri . T.S No.-128/2022-23 S/Amt.-11,81,305 /- WBS No.-32100136-001-SNR-HT-035 , Estimate for Providing 63 KVA ,22/0.4 KV S/St",Works,Open Tender,Percentage,Electrical Works,,No,No,"9,97,236",20-Sep-2022 03:05 PM,90,No,Online,,,1,27-Sep-2022 03:00 PM,assessment,Price Bid Opening Date,,"796,151",,HPSEBL,2022-2023
ocds-kjhdrl-2022_HPSEB_65317_4,tender,tender,1,2024-11-08,2022_HPSEB_65317_4,DB-Tender/No-02(63kVA S/Stn with HT/LT Nagan),DB-Tender/No-02(63kVA S/Stn with HT/LT Nagan)/2022-23.,Works,Open Tender,Turn-key,Electrical Works,,No,No,"7,42,399",22-Sep-2022 10:50 AM,90,No,Online,,,1,03-Oct-2022 02:00 PM,assessment,Price Bid Opening Date,,"631,039.66",,HPSEBL,2022-2023
ocds-kjhdrl-2022_HPSEB_65330_1,tender,tender,1,2024-11-08,2022_HPSEB_65330_1,DB-Tender/No-02(63kVA S/Stn with HT/LT Barau)/2022,DB-Tender/No-02(63kVA S/Stn with HT/LT Barau)/2022-23.,Works,Open Tender,Turn-key,Electrical Works,,No,No,"8,25,029",21-Sep-2022 06:55 PM,90,No,Online,,,1,03-Oct-2022 02:00 PM,assessment,Price Bid Opening Date,,"759,027.2",,HPSEBL,2022-2023
ocds-kjhdrl-2022_HPSEB_65492_1,tender,tender,1,2024-11-08,2022_HPSEB_65492_1,HPSEBL/OCHMR/NDN/E/2022-23/24,"Replacement of old / obsolete switchgear equipment /defective parts ofequipment 2x3.15MVA, 33/11KV Sub-Station, Galore on partial turnkey basis under ESD Galore (ED Nadaun) (SI Scheme).",Works,Open Tender,Turn-key,Electrical Works,,No,No,"33,93,000",27-Sep-2022 10:30 AM,180,No,Online,,,1,04-Oct-2022 03:00 PM,assessment,Price Bid Opening Date,,"3,750,846",,HPSEBL,2022-2023
ocds-kjhdrl-2022_HPSEB_65653_1,tender,tender,1,2024-11-08,2022_HPSEB_65653_1,CEO/MC/T No 06/Renovation Mod./NHN/ /2022,CEO/MC/T No 06/Renovation Mod./NHN/ /2022,Services,Open Tender,Percentage,Supply and Erection,,No,No,"1,13,95,069",30-Sep-2022 10:00 AM,180,No,Online,,,1,12-Oct-2022 11:30 AM,assessment,Price Bid Opening Date,,"10,825,315",,HPSEBL,2022-2023
ocds-kjhdrl-2022_HPSEB_65843_1,tender,tender,1,2024-11-08,2022_HPSEB_65843_1,KED26/2022-23,KED26/2022-23,Works,Open Tender,Turn-key,Electrical Works,,No,No,"6,67,680",03-Oct-2022 11:30 AM,90,No,Online,,,1,21-Nov-2022 11:30 AM,assessment,Price Bid Opening Date,,"534,144",,HPSEBL,2022-2023
ocds-kjhdrl-2022_HPSEB_65848_1,tender,tender,1,2024-11-08,2022_HPSEB_65848_1,HPSEBL/NIT-98/2022-23,"Estimate for Re-Conductoring of 22 KV HT line (Churag Feeder) from Behli to Mahota in ( E) section Behli under ESD , HPSEB,Ltd. Nihri . T.S No.-183/2022-23 S/Amt.-13,39,075 /- WBS-32100235-SNR-HT-040",Works,Open Tender,Percentage,Electrical Works,,No,No,"6,61,590",01-Oct-2022 12:45 PM,90,No,Online,,,1,26-Oct-2022 03:00 PM,assessment,Price Bid Opening Date,,"496,207",,HPSEBL,2022-2023
ocds-kjhdrl-2022_HPSEB_65944_1,tender,tender,1,2024-11-08,2022_HPSEB_65944_1,RED 124 and 125/2022-23,SOP to LWSS Kandrora Stage-I and Stage-II,Works,Open Tender,Turn-key,Electrical Works,,No,No,"17,40,345",03-Oct-2022 03:45 PM,90,No,Online,,,1,10-Nov-2022 11:00 AM,assessment,Price Bid Opening Date,,"1,597,637",,HPSEBL,2022-2023
ocds-kjhdrl-2022_HPSEB_65964_1,tender,tender,1,2024-11-08,2022_HPSEB_65964_1,HPSEBL/NIT-102/2022-23,"Estimate for Providing 11 KV HT Line to proposed 63 KVA , 11/0.4 KV S/Stn at village Mallog under ESD , HPSEB,Ltd. Slapper. T.S No.-224/2022-23 S/Amt.-3,25,449 /- WBS No.- , Estimate for Providing 63 KVA ,11/0.4 KV S/Stn at village Mahlog",Works,Open Tender,Percentage,Electrical Works,,No,No,"4,55,927",04-Oct-2022 11:00 AM,90,No,Online,,,1,17-Oct-2022 03:00 PM,assessment,Price Bid Opening Date,,"373,390",,HPSEBL,2022-2023
ocds-kjhdrl-2022_HPSEB_66004_1,tender,tender,1,2024-11-08,2022_HPSEB_66004_1,OCN/DB-27/NIT-No-31/2022-23,OCN/DB-27/NIT-No-31/2022-23,Works,Open Tender,Percentage,Electrical Works,,No,No,,05-Oct-2022 09:00 AM,90,No,Online,,,1,14-Oct-2022 11:30 AM,assessment,Price Bid Opening Date,,"552,974",,HPSEBL,2022-2023
ocds-kjhdrl-2022_HPSEB_66006_1,tender,tender,1,2024-11-08,2022_HPSEB_66006_1,OCN/DB-27/NIT-No-32/2022-23,OCN/DB-27/NIT-No-32/2022-23,Works,Open Tender,Percentage,Electrical Works,,No,No,,05-Oct-2022 09:00 AM,90,No,Online,,,1,14-Oct-2022 11:30 AM,assessment,Price Bid Opening Date,,"690,556",,HPSEBL,2022-2023
ocds-kjhdrl-2022_HPSEB_66014_2,tender,tender,1,2024-11-08,2022_HPSEB_66014_2,HPSEBL/OCHMR/NDN/E/2022-23/30,"Shifting of existing 33KV, 11KV and 3phase LT lines from the proposed Helipad site at Kohla on partial turnkey basis under ESD Nadaun (ED Nadaun).",Works,Open Tender,Turn-key,Electrical Works,,No,No,"18,13,000",07-Oct-2022 06:15 PM,180,No,Online,,,1,15-Oct-2022 02:15 PM,assessment,Price Bid Opening Date,,"1,595,281",,HPSEBL,2022-2023
ocds-kjhdrl-2022_HPSEB_66015_1,tender,tender,1,2024-11-08,2022_HPSEB_66015_1,OCN/DB-27/NIT-No-33/2022-23,OCN/DB-27/NIT-No-33/2022-23,Works,Open Tender,Percentage,Electrical Works,,No,No,,05-Oct-2022 09:00 AM,90,No,Online,,,1,14-Oct-2022 11:30 AM,assessment,Price Bid Opening Date,,"644,181",,HPSEBL,2022-2023
ocds-kjhdrl-2022_HPSEB_66018_1,tender,tender,1,2024-11-08,2022_HPSEB_66018_1,OCN/DB-27/NIT-No-34/2022-23,OCN/DB-27/NIT-No-34/2022-23,Works,Open Tender,Item Rate,Electrical Works,,No,No,,05-Oct-2022 09:00 AM,90,No,Online,,,1,14-Oct-2022 11:30 AM,assessment,Price Bid Opening Date,,"555,348",,HPSEBL,2022-2023
ocds-kjhdrl-2022_HPSEB_66027_1,tender,tender,1,2024-11-08,2022_HPSEB_66027_1,07-2022-23,07-2022-23,Works,Open Tender,Turn-key,Electrical Works,,No,No,"7,17,274",05-Oct-2022 10:00 AM,180,No,Online,,,1,10-Oct-2022 12:30 PM,assessment,Price Bid Opening Date,,"616,640",,HPSEBL,2022-2023
ocds-kjhdrl-2022_HPSEB_66455_1,tender,tender,1,2024-11-08,2022_HPSEB_66455_1,HPSEBL/NIT-104/2022-23,"Estimate for SOP to Hostel of Govt. Handicap ITI Sundernagar under ESD , HPSEB,Ltd. Sundernagar. T.S No.-237/2022-23 S/Amt-11,97,077",Works,Open Tender,Percentage,Electrical Works,,No,No,"8,18,101",13-Oct-2022 11:00 AM,90,No,Online,,,1,22-Nov-2022 03:30 PM,assessment,Price Bid Opening Date,,"638,691",,HPSEBL,2022-2023
ocds-kjhdrl-2022_HPSEB_66462_1,tender,tender,1,2024-11-08,2022_HPSEB_66462_1,HPSEBL/OCHMR/HMR/E/2022-23/32,"Construction 100KVA, 11/0.4KV Sub-Station a/w 11KV HT and 3Phase LT Lines to provide SOP to RTO Office at Daruhi on partial turnkey basis under ESD No.1, HPSEBL Hamirpur (ED Hamirpur) (Deposit).",Works,Open Tender,Turn-key,Electrical Works,,No,No,"8,50,000",13-Oct-2022 01:00 PM,180,No,Online,,,1,01-Nov-2022 02:00 PM,assessment,Price Bid Opening Date,,"923,032",,HPSEBL,2022-2023
ocds-kjhdrl-2022_HPSEB_66529_1,tender,tender,1,2024-11-08,2022_HPSEB_66529_1,CE(MM)-21/2022,Procurement of Porcelain Insulators of different types and ratings,Goods,Open Tender,Item Wise,Electrical Work/ Equipment,,No,No,"1,18,13,090",14-Oct-2022 11:30 AM,120,No,Online,,,1,29-Oct-2022 11:30 AM,assessment,Price Bid Opening Date,,"3,130,453.64",,HPSEBL,2022-2023
ocds-kjhdrl-2022_HPSEB_66562_1,tender,tender,1,2024-11-08,2022_HPSEB_66562_1,SSD 512/2022,Procurement of 12 kV Indoor Switchgear Panels,Goods,Open Tender,Item Wise,Electrical Work/ Equipment,,No,No,"2,00,00,000",14-Oct-2022 05:20 PM,240,No,Online,,,1,29-Nov-2022 03:00 PM,assessment,Price Bid Opening Date,,"12,976,811",,HPSEBL,2022-2023
ocds-kjhdrl-2022_HPSEB_66565_1,tender,tender,1,2024-11-08,2022_HPSEB_66565_1,CEON-DEP-23/2022-23,CEON-DEP-23/2022-23,Works,Open Tender,Turn-key,Electrical Works,,No,No,"57,51,319",14-Oct-2022 05:30 PM,180,No,Online,,,1,22-Oct-2022 12:00 PM,assessment,Price Bid Opening Date,,"6,143,745",,HPSEBL,2022-2023
ocds-kjhdrl-2022_HPSEB_66589_1,tender,tender,1,2024-11-08,2022_HPSEB_66589_1,OCRB/DB-Tender/2022-29,"providing Electrifica tion to LOH Baro Kanda by providing 22/0.4kV, 63kVA S/Stn. Baro Kanda along with its in Electrical Section Nichar , under Electrical Sub-Division, HPSEBL, Bahabanagar.",Works,Open Tender,Turn-key,Electrical Works,,No,No,"22,22,632",15-Oct-2022 03:30 PM,120,No,Online,,,1,17-Nov-2022 11:30 AM,assessment,Price Bid Opening Date,,"1,889,237",,HPSEBL,2022-2023
ocds-kjhdrl-2022_HPSEB_66677_1,tender,tender,1,2024-11-08,2022_HPSEB_66677_1,OCN/DB-27/NIT-No-37/2022-23,OCN/DB-27/NIT-No-37/2022-23,Works,Open Tender,Percentage,Electrical Works,,No,No,,25-Oct-2022 09:00 AM,90,No,Online,,,1,02-Nov-2022 11:30 AM,assessment,Price Bid Opening Date,,"912,873",,HPSEBL,2022-2023
ocds-kjhdrl-2022_HPSES_58655_1,tender,tender,1,2024-11-08,2022_HPSES_58655_1,HPSES-STARS-Voc(Skill Centers)-1/2022,Establishing fifty (50) Skill Training Centers,Services,Open Tender,Item Wise,Miscellaneous Services,,No,No,,29-Mar-2022 09:00 AM,120,No,Offline,,,1,06-May-2022 11:00 AM,assessment,Price Bid Opening Date,,"73,352,100",,Himachal Pradesh School Education Society,2022-2023
ocds-kjhdrl-2022_HPU_64281_1,tender,tender,1,2024-11-08,2022_HPU_64281_1,7-6/2020-21/HPU/SPS,Printing of Answer Book for the year 2022-23,Works,Open Tender,Item Rate,Miscellaneous Works,,No,No,"50,00,000",31-Aug-2022 03:00 PM,180,No,Offline,,,1,22-Sep-2022 11:30 AM,assessment,Price Bid Opening Date,,"11,447,000",,Himachal Pradesh University,2022-2023
ocds-kjhdrl-2022_MC_56134_10,tender,tender,1,2024-11-08,2022_MC_56134_10,48Dated04012022,Balance work of Park near Knollswood Colony in ward No 33,Works,Open Tender,Item Rate,Civil Works,,No,No,"9,10,222",28-Jan-2022 05:00 PM,120,No,Offline,,,1,11-Feb-2022 02:00 PM,assessment,Price Bid Opening Date,,"814,128",,Municipal Corporation Shimla,2021-2022
ocds-kjhdrl-2022_MC_56831_36,tender,tender,1,2024-11-08,2022_MC_56831_36,302Dated07022022,Channelization of Nallah and Construction of steps from NH 22 near Govt School Chakkar to M C Toilet Lower Chakkar near Bajaj Auto,Works,Open Tender,Item Rate,Civil Works,,No,No,"3,64,500",16-Feb-2022 05:00 PM,120,No,Offline,,,1,02-Mar-2022 02:00 PM,assessment,Price Bid Opening Date,,"513,603",,Municipal Corporation Shimla,2021-2022
ocds-kjhdrl-2022_MC_57361_27,tender,tender,1,2024-11-08,2022_MC_57361_27,430Dated21022022,Repair and Maintenance Rain Shelter at Divya Nagar in ward No 7 Majyath,Works,Open Tender,Item Rate,Civil Works,,No,No,"6,92,150",02-Mar-2022 04:00 PM,120,No,Offline,,,1,11-Mar-2022 02:00 PM,assessment,Price Bid Opening Date,,"712,900",,Municipal Corporation Shimla,2021-2022
ocds-kjhdrl-2022_MC_57361_29,tender,tender,1,2024-11-08,2022_MC_57361_29,430Dated21022022,Balance Work Construction of Ambulance road from M C Road to Aman Bhawan New Shimla ward No 32 (SH Repair and Maintenance Retaining wall and Providing and Fixing M S Channel railing),Works,Open Tender,Item Rate,Civil Works,,No,No,"7,10,043",02-Mar-2022 04:00 PM,120,No,Offline,,,1,11-Mar-2022 02:00 PM,assessment,Price Bid Opening Date,,"609,076",,Municipal Corporation Shimla,2021-2022
ocds-kjhdrl-2022_MC_60559_9,tender,tender,1,2024-11-08,2022_MC_60559_9,3397Dated06052022,Improvement of water draining platform near Lower Bazar tunnel ward No 15 under M C Head,Works,Open Tender,Item Rate,Civil Works,,No,No,"1,22,246",13-May-2022 11:40 AM,120,No,Offline,,,1,19-May-2022 02:00 PM,assessment,Price Bid Opening Date,,"128,353",,Municipal Corporation Shimla,2022-2023
ocds-kjhdrl-2022_MC_62424_1,tender,tender,1,2024-11-08,2022_MC_62424_1,3814Dated25062022,Restoration of rain Damages near Primary School Bakhrai in ward No 25 Malyana (SH Construction of Retaining wall Length 10 00 mtrs) RD 0 30 to 0 50,Works,Open Tender,Item Rate,Civil Works,,No,No,"5,49,412",04-Jul-2022 05:00 PM,120,No,Offline,,,1,16-Jul-2022 02:00 PM,assessment,Price Bid Opening Date,,"455,550",,Municipal Corporation Shimla,2022-2023
ocds-kjhdrl-2022_MC_63595_1,tender,tender,1,2024-11-08,2022_MC_63595_1,4102Dated29072022,Balance work Construction of Park at Ruldu Bhatta in ward No 2 under M C Head,Works,Open Tender,Item Rate,Civil Works,,No,No,"8,95,176",12-Aug-2022 05:00 PM,120,No,Offline,,,1,23-Aug-2022 02:00 PM,assessment,Price Bid Opening Date,,"767,442",,Municipal Corporation Shimla,2022-2023
ocds-kjhdrl-2022_MC_63595_4,tender,tender,1,2024-11-08,2022_MC_63595_4,4102Dated29072022,Repair and Maintenance of park near Sector 6 Bus Stand Kangna Dhar in ward No 3 under M C Head,Works,Open Tender,Item Rate,Civil Works,,No,No,"2,90,781",12-Aug-2022 05:00 PM,120,No,Offline,,,1,23-Aug-2022 02:00 PM,assessment,Price Bid Opening Date,,"283,458",,Municipal Corporation Shimla,2022-2023
ocds-kjhdrl-2022_MC_63656_7,tender,tender,1,2024-11-08,2022_MC_63656_7,4214Dated11082022,Replacement of SBL Flood Lights with LED Lights at Christ Church on Ridge,Works,Open Tender,Item Rate,Civil Works,,No,No,"8,82,765",16-Aug-2022 05:00 PM,120,No,Offline,,,1,25-Aug-2022 02:00 PM,assessment,Price Bid Opening Date,,"401,310",,Municipal Corporation Shimla,2022-2023
ocds-kjhdrl-2022_MC_64329_1,tender,tender,1,2024-11-08,2022_MC_64329_1,4294Dated24082022,Construction of retaining wall on Ambulance road to Mehta colony below IARI Tutikandi in ward No 10,Works,Open Tender,Item Rate,Civil Works,,No,No,"9,70,875",01-Sep-2022 05:00 PM,120,No,Offline,,,1,09-Sep-2022 02:00 PM,assessment,Price Bid Opening Date,,"849,524",,Municipal Corporation Shimla,2022-2023
ocds-kjhdrl-2022_MC_64329_2,tender,tender,1,2024-11-08,2022_MC_64329_2,4294Dated24082022,Fencing of Bhumiya Play ground in ward No 17 (Benmore),Works,Open Tender,Item Rate,Civil Works,,No,No,"7,62,876",01-Sep-2022 05:00 PM,120,No,Offline,,,1,09-Sep-2022 02:00 PM,assessment,Price Bid Opening Date,,"703,905",,Municipal Corporation Shimla,2022-2023
ocds-kjhdrl-2022_MC_64329_6,tender,tender,1,2024-11-08,2022_MC_64329_6,4294Dated24082022,Repair and Maintenance of M C Qtr Allotted to Sh Manohar Lal (Clerk) House No 239 Suzi Line Subzi Mandi in ward No 14 Ram Bazar,Works,Open Tender,Item Rate,Civil Works,,No,No,"1,27,134",01-Sep-2022 05:00 PM,120,No,Offline,,,1,09-Sep-2022 02:00 PM,assessment,Price Bid Opening Date,,"107,757",,Municipal Corporation Shimla,2022-2023
ocds-kjhdrl-2022_MC_64329_7,tender,tender,1,2024-11-08,2022_MC_64329_7,4294Dated24082022,Beautification of land in front of M C Office allotted in D C Office building in ward No 14,Works,Open Tender,Item Rate,Civil Works,,No,No,"5,29,670",01-Sep-2022 05:00 PM,120,No,Offline,,,1,09-Sep-2022 02:00 PM,assessment,Price Bid Opening Date,,"502,865",,Municipal Corporation Shimla,2022-2023
ocds-kjhdrl-2022_MC_64610_8,tender,tender,1,2024-11-08,2022_MC_64610_8,4381Dated01092022,Balance Work widening of road in front of towards hill side of car parking at Dhingu Dhar and painting work to car parking at Dhing Dhar in ward No 19 Sanjauli,Works,Open Tender,Item Rate,Civil Works,,No,No,"7,88,247",12-Sep-2022 05:00 PM,120,No,Offline,,,1,22-Sep-2022 02:00 PM,assessment,Price Bid Opening Date,,"774,888",,Municipal Corporation Shimla,2022-2023
ocds-kjhdrl-2022_MC_65001_1,tender,tender,1,2024-11-08,2022_MC_65001_1,4421Dated08092022,Construction of Steel Parking near Khachi Building H B colony Jakhu in ward No 17 Benmore,Works,Open Tender,Item Rate,Civil Works,,No,No,"7,28,380",15-Sep-2022 12:00 PM,120,No,Offline,,,1,22-Sep-2022 02:00 PM,assessment,Price Bid Opening Date,,"705,534",,Municipal Corporation Shimla,2022-2023
ocds-kjhdrl-2022_MC_65638_5,tender,tender,1,2024-11-08,2022_MC_65638_5,4579Dated22092022,Repair and Maintenance of Ground near B No D HIMUDA Colony Chotta Shimla ward No 28,Works,Open Tender,Item Rate,Civil Works,,No,No,"4,08,446",27-Sep-2022 05:00 PM,120,No,Offline,,,1,07-Oct-2022 02:00 PM,assessment,Price Bid Opening Date,,"307,983",,Municipal Corporation Shimla,2022-2023
ocds-kjhdrl-2022_MC_65772_2,tender,tender,1,2024-11-08,2022_MC_65772_2,4605Dated24092022,Restoration of rain damages (SH Construction of damaged Retaining wall Bangala Colony RD 0 120 to 0 129) in ward No 6 Totu,Works,Open Tender,Item Rate,Civil Works,,No,No,"7,52,119",29-Sep-2022 06:00 PM,120,No,Offline,,,1,07-Oct-2022 02:00 PM,assessment,Price Bid Opening Date,,"540,057",,Municipal Corporation Shimla,2022-2023
ocds-kjhdrl-2022_MC_65810_2,tender,tender,1,2024-11-08,2022_MC_65810_2,4620Dated26092020,Providing electrical Wiriing maintenance of different MC premises,Works,Open Tender,Item Rate,Civil Works,,No,No,"8,51,187",30-Sep-2022 05:00 PM,120,No,Offline,,,1,07-Oct-2022 02:00 PM,assessment,Price Bid Opening Date,,"679,740",,Municipal Corporation Shimla,2022-2023
ocds-kjhdrl-2022_MC_66444_1,tender,tender,1,2024-11-08,2022_MC_66444_1,4716Dated07102022,Construction of protection wall near house of Sangita Devi W O Hari Kumar (SH Construction of Retaining wall in CC 1 5 10) at Ram Nagar Ward No 12,Works,Open Tender,Item Rate,Civil Works,,No,No,"2,69,773",12-Oct-2022 06:30 PM,120,No,Offline,,,1,19-Oct-2022 02:00 PM,assessment,Price Bid Opening Date,,"188,841",,Municipal Corporation Shimla,2022-2023
ocds-kjhdrl-2022_MC_66444_10,tender,tender,1,2024-11-08,2022_MC_66444_10,4716Dated07102022,Public path from NH22 to Hotel Tara Regency Tara Devi in ward No 9 Kachighati RD 0 0 to 0 050 (SH Providing and Laying C C 1 5 10 1 3 6 and steel work etc),Works,Open Tender,Item Rate,Civil Works,,No,No,"2,26,263",12-Oct-2022 06:30 PM,120,No,Offline,,,1,19-Oct-2022 02:00 PM,assessment,Price Bid Opening Date,,"181,395",,Municipal Corporation Shimla,2022-2023
ocds-kjhdrl-2022_MC_66444_2,tender,tender,1,2024-11-08,2022_MC_66444_2,4716Dated07102022,Construction of Shed for Electrical Transformer in Vending Zone Complex near Subzi Mandi Ground,Works,Open Tender,Item Rate,Civil Works,,No,No,"8,98,998",12-Oct-2022 06:30 PM,120,No,Offline,,,1,19-Oct-2022 02:00 PM,assessment,Price Bid Opening Date,,"867,026",,Municipal Corporation Shimla,2022-2023
ocds-kjhdrl-2022_MC_66444_3,tender,tender,1,2024-11-08,2022_MC_66444_3,4716Dated07102022,Site development for stair and electrical Transformer platform at Vending Zone Complex near Lift Shimla (SH Construction of Retaining wall Stairs from Level 1812 to Cart Road Subzi Mandi in 1 2 4),Works,Open Tender,Item Rate,Civil Works,,No,No,"8,15,863",12-Oct-2022 06:30 PM,120,No,Offline,,,1,19-Oct-2022 02:00 PM,assessment,Price Bid Opening Date,,"794,000",,Municipal Corporation Shimla,2022-2023
ocds-kjhdrl-2022_MC_66444_4,tender,tender,1,2024-11-08,2022_MC_66444_4,4716Dated07102022,Hiring of Excavator cum Loader (Back Hoe) for removal of snow and slips in ward No 24 to 34,Works,Open Tender,Item Rate,Civil Works,,No,No,"3,90,600",12-Oct-2022 06:30 PM,120,No,Offline,,,1,19-Oct-2022 02:00 PM,assessment,Price Bid Opening Date,,"331,250",,Municipal Corporation Shimla,2022-2023
ocds-kjhdrl-2022_MC_66444_5,tender,tender,1,2024-11-08,2022_MC_66444_5,4716Dated07102022,Construction of Children Park in Khalini ward No 33 Shimla under MLALAD,Works,Open Tender,Item Rate,Civil Works,,No,No,"1,94,170",12-Oct-2022 06:00 PM,120,No,Offline,,,1,19-Oct-2022 02:00 PM,assessment,Price Bid Opening Date,,"135,924",,Municipal Corporation Shimla,2022-2023
ocds-kjhdrl-2022_MC_66444_8,tender,tender,1,2024-11-08,2022_MC_66444_8,4716Dated07102022,Renovation of Home Guard Building Roof near Lift Shimla ward No 13,Works,Open Tender,Item Rate,Civil Works,,No,No,"8,93,175",12-Oct-2022 06:30 PM,120,No,Offline,,,1,19-Oct-2022 02:00 PM,assessment,Price Bid Opening Date,,"830,985",,Municipal Corporation Shimla,2022-2023
ocds-kjhdrl-2022_MC_66461_1,tender,tender,1,2024-11-08,2022_MC_66461_1,4740Dated10102022,Restoration of rain damages on road near Petrol Pump Shanti Bihar (SH Construction of Retaining wall) in ward No 22,Works,Open Tender,Item Rate,Civil Works,,No,No,"2,87,109",13-Oct-2022 05:00 PM,120,No,Offline,,,1,20-Oct-2022 02:00 PM,assessment,Price Bid Opening Date,,"268,197",,Municipal Corporation Shimla,2022-2023
ocds-kjhdrl-2022_MC_66461_3,tender,tender,1,2024-11-08,2022_MC_66461_3,4740Dated10102022,Restoration of rain damages on ambulance road from Cart Road to Lal Pani Bye pass ward No 13 Krishna Nagar,Works,Open Tender,Item Rate,Civil Works,,No,No,"2,79,697",13-Oct-2022 05:00 PM,120,No,Offline,,,1,20-Oct-2022 02:00 PM,assessment,Price Bid Opening Date,,"266,769",,Municipal Corporation Shimla,2022-2023
ocds-kjhdrl-2022_MC_66461_4,tender,tender,1,2024-11-08,2022_MC_66461_4,4740Dated10102022,Construction and Development of path from Bahadur Singh House to Bhim Singh Chauhan House at Kamna Devi in ward No 8 Boileauganj,Works,Open Tender,Item Rate,Civil Works,,No,No,"1,94,032",13-Oct-2022 05:00 PM,120,No,Offline,,,1,20-Oct-2022 02:00 PM,assessment,Price Bid Opening Date,,"136,321",,Municipal Corporation Shimla,2022-2023
ocds-kjhdrl-2022_MC_66601_1,tender,tender,1,2024-11-08,2022_MC_66601_1,4785Dated12102022,Repair and maintenance of AP Branch in Padam Dev Complex in ward No 1,Works,Open Tender,Item Rate,Civil Works,,No,No,"3,72,927",15-Oct-2022 05:30 PM,120,No,Offline,,,1,22-Oct-2022 02:00 PM,assessment,Price Bid Opening Date,,"352,997",,Municipal Corporation Shimla,2022-2023
ocds-kjhdrl-2022_MC_66601_3,tender,tender,1,2024-11-08,2022_MC_66601_3,4785Dated12102022,Repair and maintenance of M C drain from Cart road to Hotel Hanimoon RD 0 0 to 0 060 in ward No 17 Benmore,Works,Open Tender,Item Rate,Civil Works,,No,No,"5,08,945",15-Oct-2022 05:30 PM,120,No,Offline,,,1,22-Oct-2022 02:00 PM,assessment,Price Bid Opening Date,,"415,678",,Municipal Corporation Shimla,2022-2023
ocds-kjhdrl-2022_MC_66601_4,tender,tender,1,2024-11-08,2022_MC_66601_4,4785Dated12102022,Road from 2nd Mashobra to Shukla Niwas RD 0 0 to 0 150 (SH Providing and Laying CC pavers block RD 0 0 to 0 080) ward No 21 Balance work,Works,Open Tender,Item Rate,Civil Works,,No,No,"2,61,817",15-Oct-2022 05:50 PM,120,No,Offline,,,1,22-Oct-2022 02:00 PM,assessment,Price Bid Opening Date,,"259,350",,Municipal Corporation Shimla,2022-2023
ocds-kjhdrl-2022_MC_66601_6,tender,tender,1,2024-11-08,2022_MC_66601_6,4785Dated12102022,Construction of protection retaining wall at Basant Vihar Block No 1200 Flat No 1210 in ward No 27 Kasumpti (SH Construction of Retaining wall 1 3 6 and CC 1 2 4),Works,Open Tender,Item Rate,Civil Works,,No,No,"2,54,458",15-Oct-2022 05:50 PM,120,No,Offline,,,1,22-Oct-2022 02:00 PM,assessment,Price Bid Opening Date,,"200,094",,Municipal Corporation Shimla,2022-2023
ocds-kjhdrl-2022_MC_66601_7,tender,tender,1,2024-11-08,2022_MC_66601_7,4785Dated12102022,Balance work Construction of Car Parking along road side leading to IAS Colony Parimahal near Rain Shelter in ward No 27 Kasumpti,Works,Open Tender,Item Rate,Civil Works,,No,No,"6,88,759",15-Oct-2022 05:50 PM,120,No,Offline,,,1,22-Oct-2022 02:00 PM,assessment,Price Bid Opening Date,,"671,391",,Municipal Corporation Shimla,2022-2023
ocds-kjhdrl-2022_MPP1_66523_1,tender,tender,1,2024-11-08,2022_MPP1_66523_1,HPSLDC-05/2022-23,Providing Consultancy support to the HP State Load Despatch Center Govt of HP Totu Shimla,Services,Open Tender,Item Rate,Consultancy,,No,No,"48,90,000",14-Oct-2022 01:15 PM,120,No,Offline,,,1,03-Dec-2022 03:00 PM,assessment,Price Bid Opening Date,,"5,366,711",,Department of MPP and Power Govt of Himachal Pradesh,2022-2023
ocds-kjhdrl-2022_PWD_55238_1,tender,tender,1,2024-11-08,2022_PWD_55238_1,PW-MDI-Tender-NIT- 16986-17021 dated 24.12.2021,Construction of Dharmehar Tarswan Dragar Garhgawn road Km 0/0 to 5/250,Works,Open Tender,Item Rate,Civil Works - Roads,,No,No,"28,13,765",01-Jan-2022 01:00 PM,90,No,Both(Online/Offline),,,1,07-Jan-2022 11:30 AM,assessment,Price Bid Opening Date,,"2,003,048.44",,PWD,2021-2022
ocds-kjhdrl-2022_PWD_55296_1,tender,tender,1,2024-11-08,2022_PWD_55296_1,PW-KD-E-Tender/2021-22-5405-07 dt 30-12-2021,R/R Damages on Chole to Kotkhai Bazar Road in K.M. 0/00 to 1/600,Works,Open Tender,Item Rate,Civil Works - Roads,,No,No,"5,74,198",05-Jan-2022 11:00 AM,90,No,Online,,,1,14-Jan-2022 11:00 AM,assessment,Price Bid Opening Date,,"629,916",,PWD,2021-2022
ocds-kjhdrl-2022_PWD_55402_1,tender,tender,1,2024-11-08,2022_PWD_55402_1,Tender/2021-22-9045-94 dated 28.12.2021,Construction of road from Kodewala. (SH- Construction of 10.80 mtr span RCC Box Cell culvert over Nimbu ka Khala at RD 1/0 to 1/015) Under MNP.,Works,Open Tender,Item Rate,Civil Works - Roads,,No,No,"17,32,600",06-Jan-2022 04:30 PM,75,No,Online,,,1,15-Jan-2022 11:00 AM,assessment,Price Bid Opening Date,,"865,910",,PWD,2021-2022
ocds-kjhdrl-2022_PWD_55602_1,tender,tender,1,2024-11-08,2022_PWD_55602_1,PW-MDI-Tender-NIT- 18156-77 dated 06.01.2022,Construction of Tandoo Matha Neol Shadhala Neri road Km in G.P. Tandoo Km 0/0 to 5/0 in Drang Constituency Distt. Mandi (H.P.) Under SCSP,Works,Open Tender,Percentage,Civil Works - Roads,,No,No,"5,52,541",13-Jan-2022 11:00 AM,90,No,Both(Online/Offline),,,1,20-Jan-2022 11:30 AM,assessment,Price Bid Opening Date,,"486,236.56",,PWD,2021-2022
ocds-kjhdrl-2022_PWD_55858_16,tender,tender,1,2024-11-08,2022_PWD_55858_16,Sangrah 10617-67 Dated 10.01.2022,R/R Damages On Andheri to Badwana road km. 0/00 to 6/00 (SH C/O B/Wall in wire crate at RD. 4/255 to 4/265).,Works,Open Tender,Item Rate,Civil Works,,No,No,"1,51,690",20-Jan-2022 05:00 PM,75,No,Online,,,1,28-Jan-2022 10:30 AM,assessment,Price Bid Opening Date,,"136,911",,PWD,2021-2022
ocds-kjhdrl-2022_PWD_55984_1,tender,tender,1,2024-11-08,2022_PWD_55984_1,PW-NBT/CB/Tender/2020/14176-79 dated 07.01.2022,C/o link road Chilla Chogla Behal Sai Kanaitan Km. 4/150 (SH- C/o 3.00 meter span culvert at RD 1/180 with wing walls both sides),Works,Open Tender,Item Rate,Civil Works,,No,No,"20,82,442",22-Jan-2022 10:00 AM,45,No,Online,,,1,27-Jan-2022 11:30 AM,assessment,Price Bid Opening Date,,"2,777,778",,PWD,2021-2022
ocds-kjhdrl-2022_PWD_56033_1,tender,tender,1,2024-11-08,2022_PWD_56033_1,TA-12352-56 dt-19.01.2022,Balance work for Construction of Retaining wall on Manpura to Theda Road near Karnail house and other at village Theda) (UNDER VKVNYY) ( DC Deposit),Works,Open Tender,Item Rate,Civil Works,,No,No,,24-Jan-2022 03:00 PM,75,No,Online,,,1,07-Feb-2022 11:30 AM,assessment,Price Bid Opening Date,,"132,726",,PWD,2021-2022
ocds-kjhdrl-2022_PWD_56071_1,tender,tender,1,2024-11-08,2022_PWD_56071_1,Job 11 Construction of Boundary wall at GSSS Jakhe,Job 11 Construction of Boundary wall at GSSS Jakhera Tehsil and Distt. Una Sub Head Balance work of Boundary wall Length 124 mtr. Deposit Work,Works,Open Tender,Item Rate,Civil Works - Buildings,,No,No,"8,00,198",28-Jan-2022 10:00 AM,75,No,Online,,,1,03-Feb-2022 11:00 AM,assessment,Price Bid Opening Date,,"554,172",,PWD,2021-2022
ocds-kjhdrl-2022_PWD_56085_1,tender,tender,1,2024-11-08,2022_PWD_56085_1,TA-12485-89 date-24.01.2022,Restoration of rain damages on Extension of Ramshehar Jeora upto Garloh road km 0/0 to 6/00 (SH- C/o 900mm dia hume pipe culvert at RD 0/600 and 0/430 and unlined drain),Works,Open Tender,Item Rate,Civil Works,,No,No,,28-Jan-2022 03:00 PM,75,No,Online,,,1,15-Feb-2022 11:30 AM,assessment,Price Bid Opening Date,,"399,989",,PWD,2021-2022
ocds-kjhdrl-2022_PWD_56090_6,tender,tender,1,2024-11-08,2022_PWD_56090_6,SD-I-CTR-Tender-2021-22- 23356 dt 17-01-2022,Construction of road from Cheri to HB village Nihri G.P. Nihari km. 0/00 to 2/700,Works,Open Tender,Item Rate,Civil Works,,No,No,,28-Jan-2022 06:00 PM,75,No,Online,,,1,04-Feb-2022 11:00 AM,assessment,Price Bid Opening Date,,"2,885,110",,PWD,2021-2022
ocds-kjhdrl-2022_PWD_56129_3,tender,tender,1,2024-11-08,2022_PWD_56129_3,PW-NBT/CB/Tender/2020/14452-56 dated 10.01.2022,"C/o Patwarkhana Plog Dunlgoo road Km. 0/0 to 7/0 (SH- C/o B/wall and R/wall and various RDs and C/o 900mm dia hume pipe culvert at RD 0/270, 0/370 and 0/525)",Works,Open Tender,Item Rate,Civil Works,,No,No,"25,01,366",28-Jan-2022 10:00 AM,90,No,Online,,,1,02-Feb-2022 11:30 AM,assessment,Price Bid Opening Date,,"4,745,949",,PWD,2021-2022
ocds-kjhdrl-2022_PWD_56172_16,tender,tender,1,2024-11-08,2022_PWD_56172_16,Tender/2021-22-9688-9737 dated 18.01.2022,"A/R and M/O to PWD Sub Division Office building at Paonta Sahib. (SH-C/O new boundary wall, Painting and distempering in existing boundary wall of Paonta Sub Division office Complex)",Works,Open Tender,Item Rate,Civil Works - Roads,,No,No,"5,43,800",25-Feb-2022 04:30 PM,75,No,Online,,,1,07-Mar-2022 11:00 AM,assessment,Price Bid Opening Date,,"410,412",,PWD,2021-2022
ocds-kjhdrl-2022_PWD_56172_17,tender,tender,1,2024-11-08,2022_PWD_56172_17,Tender/2021-22-9688-9737 dated 18.01.2022,"Construction of road from Kishanpura to Santoshgarh upto NH-72 Puruwala km 0/0 to 3/800 in Tehsil Paonta Sahib Distt. Sirmour H.P. (SH-C/O embankment, P/L C.C.1,3,6 in edge walls, GSB and wet mix macadam, RD 3/420 to 3/800) Under MNP.",Works,Open Tender,Item Rate,Civil Works - Roads,,No,No,"27,65,900",25-Feb-2022 04:30 PM,75,No,Online,,,1,07-Mar-2022 11:00 AM,assessment,Price Bid Opening Date,,"2,899,768",,PWD,2021-2022
ocds-kjhdrl-2022_PWD_56172_4,tender,tender,1,2024-11-08,2022_PWD_56172_4,Tender/2021-22-9688-9737 dated 18.01.2022,"Restoration of rain damages to various roads under Dhaulakuan Sub Division, HP.PWD Dhaulakuan. (SH-Providing and laying patch work on various roads at various RDs.)",Works,Open Tender,Item Rate,Civil Works - Roads,,No,No,"17,36,200",01-Feb-2022 04:30 PM,75,No,Online,,,1,18-Feb-2022 11:00 AM,assessment,Price Bid Opening Date,,"1,594,193",,PWD,2021-2022
ocds-kjhdrl-2022_PWD_56221_12,tender,tender,1,2024-11-08,2022_PWD_56221_12,PW-KD-E-Tender/2021-22-5626-28 dt 19-01-2022,C/o Maa Tuna Kali Mandir Road in K.M. 0/00 to 0/950,Works,Open Tender,Item Rate,Civil Works - Roads,,No,No,"9,96,168",31-Jan-2022 04:00 PM,90,No,Online,,,1,08-Feb-2022 11:00 AM,assessment,Price Bid Opening Date,,"998,495",,PWD,2021-2022
ocds-kjhdrl-2022_PWD_56292_1,tender,tender,1,2024-11-08,2022_PWD_56292_1,PW-MDI-Tender-NIT- 18996-19031 dated 24.01.2022,Construction of link road Kunnu to Baridhar via Gajaun Km 0/0 to 13/0,Works,Open Tender,Percentage,Civil Works - Roads,,No,No,"20,62,266",02-Feb-2022 11:00 AM,90,No,Both(Online/Offline),,,1,09-Feb-2022 11:30 AM,assessment,Price Bid Opening Date,,"1,814,793.87",,PWD,2021-2022
ocds-kjhdrl-2022_PWD_56297_1,tender,tender,1,2024-11-08,2022_PWD_56297_1,PW-MDI-Tender-NIT- 18996-19031 dated 24.01.2022,"Annual repair and maintenance of non residential building in Kamand Sub-Division, HPPWD Kamand under Mandi Division No. 1.",Works,Open Tender,Percentage,Civil Works - Roads,,No,No,"6,87,234",02-Feb-2022 11:00 AM,90,No,Both(Online/Offline),,,1,09-Feb-2022 11:30 AM,assessment,Price Bid Opening Date,,"498,244.74",,PWD,2021-2022
ocds-kjhdrl-2022_PWD_56300_1,tender,tender,1,2024-11-08,2022_PWD_56300_1,PW-MDI-Tender-NIT- 18996-19031 dated 24.01.2022,Construction of link road Lanjnu and Bridge on Uhl river,Works,Open Tender,Percentage,Civil Works - Roads,,No,No,"6,46,310",02-Feb-2022 11:00 AM,90,No,Both(Online/Offline),,,1,09-Feb-2022 11:30 AM,assessment,Price Bid Opening Date,,"452,417.2",,PWD,2021-2022
ocds-kjhdrl-2022_PWD_56407_1,tender,tender,1,2024-11-08,2022_PWD_56407_1,PW-MDI-Tender-NIT- 19169-99 dated 31.01.2022,Construction of Shilhbadhani Kungri Kortang road Km 0/0 to 8/255 (Shilhbadhani Forest Rest House to Kungri Kortang upto intel Portal of Bhubhu Jot Tunnel Total length 8.255 Km),Works,Open Tender,Percentage,Civil Works - Roads,,No,No,"44,35,392",04-Feb-2022 03:00 PM,90,No,Both(Online/Offline),,,1,11-Feb-2022 11:30 AM,assessment,Price Bid Opening Date,,"3,104,774.35",,PWD,2021-2022
ocds-kjhdrl-2022_PWD_56713_1,tender,tender,1,2024-11-08,2022_PWD_56713_1,Job 2 Construction of Link road from Mohalla Bharw,"Job 2 Construction of Link road from Mohalla Bharwalan to Bank of Swan River Tehsil Haroli Distt. Una Sub Head P.L GSB, WMM and BC at RD 0-0 to 0-500 Under MMGSY",Works,Open Tender,Item Rate,Civil Works - Roads,,No,No,"10,59,929",12-Feb-2022 05:00 PM,75,No,Online,,,1,18-Feb-2022 11:00 AM,assessment,Price Bid Opening Date,,"825,930",,PWD,2021-2022
ocds-kjhdrl-2022_PWD_56944_1,tender,tender,1,2024-11-08,2022_PWD_56944_1,PW-JD/E-Tender/2021-22 -9702-04 DT7.2.2022,Restoration of rain damages to Jubbal Kenchi to Santoshinager Road Km 0/0 to 6/0,Works,Open Tender,Item Rate,Civil Works - Roads,,No,No,"1,40,78,524",18-Feb-2022 01:45 PM,120,No,Online,,,1,25-Feb-2022 11:30 AM,assessment,Price Bid Opening Date,,"14,733,224",,PWD,2021-2022
ocds-kjhdrl-2022_PWD_56944_2,tender,tender,1,2024-11-08,2022_PWD_56944_2,PW-JD/E-Tender/2021-22 -9702-04 DT7.2.2022,Restoration of rain damages to Jubbal Kenchi to Santoshinager Road Km 0/0 to 6/0,Works,Open Tender,Item Rate,Civil Works - Roads,,No,No,"1,06,04,028",18-Feb-2022 01:45 PM,120,No,Online,,,1,25-Feb-2022 11:30 AM,assessment,Price Bid Opening Date,,"10,723,368",,PWD,2021-2022
ocds-kjhdrl-2022_PWD_57068_10,tender,tender,1,2024-11-08,2022_PWD_57068_10,Tender/10565-10614 dated 14.02.2022,"Periodical renewal on link to village Lohgarh km. 0/0 to 5/150. (SH- P/L Penetration Macadam (50mm), Bituminous concrete 30mm thick in km. 0/0 to 3/0). (Incentive during the year 2019-20)",Works,Open Tender,Item Rate,Civil Works - Roads,,No,No,"34,49,900",22-Feb-2022 04:30 PM,75,No,Online,,,1,02-Mar-2022 11:00 AM,assessment,Price Bid Opening Date,,"3,270,621",,PWD,2021-2022
ocds-kjhdrl-2022_PWD_57068_8,tender,tender,1,2024-11-08,2022_PWD_57068_8,Tender/10565-10614 dated 14.02.2022,Periodical renewal on link road to village Misserwala from NH-07 km. 0/0 to 1/0. (SH- Repair of pot holes with Penetration Macadam and 30mm bituminous concrete in km. 0/0 to 0/990 and C/O road side V-shape drain in various RDs). Under AMP.,Works,Open Tender,Item Rate,Civil Works - Roads,,No,No,"23,21,000",22-Feb-2022 04:30 PM,75,No,Online,,,1,02-Mar-2022 11:00 AM,assessment,Price Bid Opening Date,,"2,091,679",,PWD,2021-2022
ocds-kjhdrl-2022_PWD_57068_9,tender,tender,1,2024-11-08,2022_PWD_57068_9,Tender/10565-10614 dated 14.02.2022,Periodical renewal on Bata Bridge to Bias Left out portion Majra Bias Mandir road km 0/0 to 1/900.,Works,Open Tender,Item Rate,Civil Works - Roads,,No,No,"8,84,900",22-Feb-2022 04:30 PM,75,No,Online,,,1,02-Mar-2022 11:00 AM,assessment,Price Bid Opening Date,,"791,204",,PWD,2021-2022
ocds-kjhdrl-2022_PWD_57119_1,tender,tender,1,2024-11-08,2022_PWD_57119_1,C/O link road to village Baddu Km 0/0 to 1/500,Construction of link road to village Baddu km 0/0 to 1/500,Works,Open Tender,Item Rate,Civil Works - Roads,,No,No,"7,70,408",23-Feb-2022 06:00 PM,60,No,Online,,,1,02-Mar-2022 11:30 AM,assessment,Price Bid Opening Date,,"870,811.71",,PWD,2021-2022
ocds-kjhdrl-2022_PWD_57124_1,tender,tender,1,2024-11-08,2022_PWD_57124_1,PW-MDI-Tender-NIT- 20655-90 dated 15.02.2022,Construction of link road from Prem Nagar to Upper Bhiuli Mandi Km 0/0 to 0/250,Works,Open Tender,Percentage,Civil Works - Roads,,No,No,"10,10,892",23-Feb-2022 03:00 PM,90,No,Both(Online/Offline),,,1,02-Mar-2022 11:30 AM,assessment,Price Bid Opening Date,,"808,814.11",,PWD,2021-2022
ocds-kjhdrl-2022_PWD_57249_1,tender,tender,1,2024-11-08,2022_PWD_57249_1,PW-JD/E-Tender/2021-22 -10244-46 DT18.2.2022,Restoration of rain Damages on Jubbal Kenchi Santoshinager Road Km 0/0 to 6/0,Works,Open Tender,Item Rate,Civil Works - Roads,,No,No,"2,12,16,458",26-Feb-2022 12:40 PM,120,No,Online,,,1,03-Mar-2022 01:30 PM,assessment,Price Bid Opening Date,,"20,999,682",,PWD,2021-2022
ocds-kjhdrl-2022_PWD_57280_1,tender,tender,1,2024-11-08,2022_PWD_57280_1,PW-RD-GA-16025-124DT18-2-22,M/T on Link road to village Tikkari road km 0/0 to 1/840,Works,Open Tender,Item Rate,Civil Works - Roads,,No,No,,28-Feb-2022 11:00 AM,45,No,Online,,,1,07-Mar-2022 11:00 AM,assessment,Price Bid Opening Date,,"7,820,276",,PWD,2021-2022
ocds-kjhdrl-2022_PWD_57362_1,tender,tender,1,2024-11-08,2022_PWD_57362_1,14381-92 dated 24.02.2022,C O Health Sub Centre Building at Nabon Tehsil Kasauli and Distt Solan HP,Works,Open Tender,Item Rate,Civil Works,,No,No,"23,00,274",02-Mar-2022 12:45 PM,90,No,Online,,,1,15-Mar-2022 11:00 AM,assessment,Price Bid Opening Date,,"2,283,342",,PWD,2021-2022
ocds-kjhdrl-2022_PWD_57489_1,tender,tender,1,2024-11-08,2022_PWD_57489_1,PW-KD-E-Tender/2021-22 dt 25-02-2022,C/o Link rod from Jouni Barol Galu to Kali Mata Mandir Kuffer Road in K.M. 0/00 to 1/600,Works,Open Tender,Item Rate,Civil Works - Roads,,No,No,"73,43,775",05-Mar-2022 09:00 AM,90,No,Online,,,1,10-Mar-2022 11:00 AM,assessment,Price Bid Opening Date,,"7,674,032",,PWD,2021-2022
ocds-kjhdrl-2022_PWD_57533_1,tender,tender,1,2024-11-08,2022_PWD_57533_1,NIT No.24014-73 DT.21-02-2022-Bhawarna,Providing and laying Annual Surfacing (Periodic Maintenance) on Tikker to Ghandera road Km 2/0 to 3/0 under Rural roads for the year 2021-22 in the state of HP,Works,Open Tender,Item Rate,Civil Works - Roads,,No,No,"8,09,927",07-Mar-2022 10:00 AM,75,No,Online,,,1,21-Mar-2022 11:30 AM,assessment,Price Bid Opening Date,,"1,350,041",,PWD,2021-2022
ocds-kjhdrl-2022_PWD_57535_23,tender,tender,1,2024-11-08,2022_PWD_57535_23,PW-KD-E-Tender/2021-22-5917-19 dt 15-02-2022,C/o various roads under Kotkhai Sub-Division (Parshal Section),Works,Open Tender,Item Rate,Civil Works - Roads,,No,No,"9,99,659",07-Mar-2022 09:00 AM,90,No,Online,,,1,14-Mar-2022 11:00 AM,assessment,Price Bid Opening Date,,"999,654",,PWD,2021-2022
ocds-kjhdrl-2022_PWD_57936_1,tender,tender,1,2024-11-08,2022_PWD_57936_1,No. PW/NLD/Tender/21-22 13628-32 dated 18.02.22,C O Link road to Village Bahrota Km,Works,Open Tender,Item Rate,Civil Works,,No,No,,14-Mar-2022 11:00 AM,90,No,Online,,,1,24-Mar-2022 11:30 AM,assessment,Price Bid Opening Date,,"252,890",,PWD,2021-2022
ocds-kjhdrl-2022_PWD_58088_1,tender,tender,1,2024-11-08,2022_PWD_58088_1,Tender/2021-22-12775-12825 dated 05.03.2022,A/R and M/O to link road Harizan Basti Gulabgarh km 0/0 to 1/980 (SH-C/O Wing wall of existing box cell at RD 0/746 to 0/756 and wire crates in U/S side along the khala and C/O edge wall at RD 0/768 to 0/778 left side).,Works,Open Tender,Item Rate,Civil Works - Roads,,No,No,"12,51,300",17-Mar-2022 04:30 PM,75,No,Online,,,1,23-Mar-2022 11:00 AM,assessment,Price Bid Opening Date,,"875,910",,PWD,2021-2022
ocds-kjhdrl-2022_PWD_58090_1,tender,tender,1,2024-11-08,2022_PWD_58090_1,NAHAN 11817-50,Improvement of Panjahal Chai-Mehdog Road Km 0/0 to 3/525,Works,Open Tender,Item Rate,Civil Works - Roads,,No,No,"29,72,525",16-Mar-2022 05:00 PM,75,No,Online,,,1,24-Mar-2022 11:00 AM,assessment,Price Bid Opening Date,,"2,080,768",,PWD,2021-2022
ocds-kjhdrl-2022_PWD_58090_3,tender,tender,1,2024-11-08,2022_PWD_58090_3,NAHAN 11817-50,"C/o Kanyonghat, Ser Reshla, Gopatia, Siun Pudla, Ser Bedon, Sanoga Bagdhat, Rain Kun Arewali, Balka Baratal to Bandli Main Road Km 0/0 to 18/150",Works,Open Tender,Item Rate,Civil Works - Roads,,No,No,"14,53,625",16-Mar-2022 05:00 PM,75,No,Online,,,1,24-Mar-2022 11:00 AM,assessment,Price Bid Opening Date,,"1,017,538",,PWD,2021-2022
ocds-kjhdrl-2022_PWD_58130_1,tender,tender,1,2024-11-08,2022_PWD_58130_1,No.BGN/2020-21-15331-60 dated 10.03.2022Job12,Periodical Maintenance on Charara Arloo via Bagi road ( VR Code-HP1201VR010051102),Works,Open Tender,Item Rate,Civil Works - Roads,,No,No,"9,19,082",17-Mar-2022 11:00 AM,120,No,Online,,,1,05-Apr-2022 11:00 AM,assessment,Price Bid Opening Date,,"1,228,134",,PWD,2021-2022
ocds-kjhdrl-2022_PWD_58133_1,tender,tender,1,2024-11-08,2022_PWD_58133_1,No.BGN/2020-21-15331-60 dated 10.03.2022Job13,Periodical Maintenance on Charara Arloo via Bagi road ( VR Code-HP1201VR010051103),Works,Open Tender,Item Rate,Civil Works - Roads,,No,No,"9,19,082",17-Mar-2022 11:00 AM,120,No,Online,,,1,05-Apr-2022 06:00 PM,assessment,Price Bid Opening Date,,"1,228,134",,PWD,2021-2022
ocds-kjhdrl-2022_PWD_58201_1,tender,tender,1,2024-11-08,2022_PWD_58201_1,PW-NBT/CB/Tender/2020/17746-50 dated 11.03.2022,Annual Maintenance Plan for the year 2022-2023 (PMGSY Roads) Link Road Ghyal to Dabber Road Km 7/00 to 11/00 (SH- Providing and laying 30mm thick bituminous concrete (VR -0048),Works,Open Tender,Item Rate,Civil Works,,No,No,"53,46,588",21-Mar-2022 10:00 AM,75,No,Online,,,1,28-Mar-2022 11:30 AM,assessment,Price Bid Opening Date,,"5,316,455",,PWD,2021-2022
ocds-kjhdrl-2022_PWD_58274_10,tender,tender,1,2024-11-08,2022_PWD_58274_10,PW-RD-GA-T-17730-830dt26-2-22,C/O Link road to Jalwari to Kali Dholi km 0/0 to 2/500,Works,Open Tender,Item Rate,Civil Works - Roads,,No,No,"9,56,237",19-Mar-2022 06:00 PM,45,No,Online,,,1,26-Mar-2022 11:00 AM,assessment,Price Bid Opening Date,,"985,855",,PWD,2021-2022
ocds-kjhdrl-2022_PWD_58274_8,tender,tender,1,2024-11-08,2022_PWD_58274_8,PW-RD-GA-T-17730-830dt26-2-22,C/O datgaon baltadhar nasari road Km 0/0 to 5/00,Works,Open Tender,Item Rate,Civil Works - Roads,,No,No,"9,98,323",19-Mar-2022 05:30 PM,45,No,Online,,,1,26-Mar-2022 11:00 AM,assessment,Price Bid Opening Date,,"993,535",,PWD,2021-2022
ocds-kjhdrl-2022_PWD_58294_6,tender,tender,1,2024-11-08,2022_PWD_58294_6,PW-RD-GA-T-18927-19026dt7-3-22,C/O Rohru Barara Seri Nallah to Sharog Sadrali Arahl road km 0/0 to 2/0,Works,Open Tender,Item Rate,Civil Works - Roads,,No,No,"18,33,361",21-Mar-2022 10:00 AM,45,No,Online,,,1,28-Mar-2022 10:00 AM,assessment,Price Bid Opening Date,,"1,894,150",,PWD,2021-2022
ocds-kjhdrl-2022_PWD_58299_3,tender,tender,1,2024-11-08,2022_PWD_58299_3,THD/CB-tender/2021-16629-43,Construction of play ground at Senior Secondry School Building at Sarog Tehsil Theog Distt. Shimla,Works,Open Tender,Item Rate,Civil Works,,No,No,"12,48,846",21-Mar-2022 05:00 PM,60,No,Online,,,1,01-Apr-2022 11:00 AM,assessment,Price Bid Opening Date,,"1,007,969",,PWD,2021-2022
ocds-kjhdrl-2022_PWD_58314_19,tender,tender,1,2024-11-08,2022_PWD_58314_19,Tender/2021-22-13485-13534 dated 14.03.2022,Periodical renewal on km. 94/735 of NH-07 Patlion to Surajpur road. (SH- Repair of pot holes by Providing penetration for correction layer and 30mm thick bituminous concrete in km. 0/0 to 1/0 and km. 2/0 to 3/00). under AMP for the year 2022-23.,Works,Open Tender,Item Rate,Civil Works - Roads,,No,No,"28,17,200",21-Mar-2022 04:30 PM,75,No,Online,,,1,29-Mar-2022 11:00 AM,assessment,Price Bid Opening Date,,"2,386,627",,PWD,2021-2022
ocds-kjhdrl-2022_PWD_58314_22,tender,tender,1,2024-11-08,2022_PWD_58314_22,Tender/2021-22-13485-13534 dated 14.03.2022,Periodical renewal on link road to village Ghuttanpur and Rampurghat to Giri River road (SH- Repair of pot holes by Providing penetration for correction layer and 30mm thick bituminous concrete in km. 1/0 to 2/200 and km. 0/0 to 0/500). under AMP fo,Works,Open Tender,Item Rate,Civil Works - Roads,,No,No,"24,76,200",22-Mar-2022 05:45 PM,75,No,Online,,,1,29-Mar-2022 11:00 AM,assessment,Price Bid Opening Date,,"2,118,234",,PWD,2021-2022
ocds-kjhdrl-2022_PWD_58314_8,tender,tender,1,2024-11-08,2022_PWD_58314_8,Tender/2021-22-13485-13534 dated 14.03.2022,Periodical renewal to(i) link road from T-02 (Paonta Puruwala)to Dobri km.0/0 to 3/120. (SH-Providing and laying 50mm.Thick penetration macadam in essential reaches and 30mm.Thick bituminous concrete in km.2/0 to 3/120),Works,Open Tender,Item Rate,Civil Works - Roads,,No,No,"31,49,200",21-Mar-2022 04:30 PM,75,No,Online,,,1,29-Mar-2022 11:00 AM,assessment,Price Bid Opening Date,,"2,848,882",,PWD,2021-2022
ocds-kjhdrl-2022_PWD_58314_9,tender,tender,1,2024-11-08,2022_PWD_58314_9,Tender/2021-22-13485-13534 dated 14.03.2022,Periodical renewal to link road from T-02 (Paonta Puruwala)to Dobri km.0/0 to 3/120. (SH-Providing and laying 50mm.Thick penetration macadam in essential reaches and 30mm.Thick bituminous concrete in km.0/0 to 2/0). under AMP 2022-23,Works,Open Tender,Item Rate,Civil Works - Roads,,No,No,"29,71,000",21-Mar-2022 04:30 PM,75,No,Online,,,1,29-Mar-2022 11:00 AM,assessment,Price Bid Opening Date,,"2,687,625",,PWD,2021-2022
ocds-kjhdrl-2022_PWD_58415_3,tender,tender,1,2024-11-08,2022_PWD_58415_3,NAHAN 11021-40,Improvement of Various Roads under Nahan Division,Works,Open Tender,Item Rate,Civil Works - Roads,,No,No,"10,53,666",23-Mar-2022 05:00 PM,75,No,Online,,,1,02-Apr-2022 11:00 AM,assessment,Price Bid Opening Date,,"737,566",,PWD,2021-2022
ocds-kjhdrl-2022_PWD_58479_5,tender,tender,1,2024-11-08,2022_PWD_58479_5,PW-BLP1-CB-EPROC/221-16313-52 DT 21.2.22,Special repair to Govt. PG College Bilaspur HP.,Works,Open Tender,Item Rate,Civil Works - Others,,No,No,"7,93,468",24-Mar-2022 11:25 AM,120,No,Online,,,1,29-Mar-2022 12:00 PM,assessment,Price Bid Opening Date,,"1,026,077",,PWD,2021-2022
ocds-kjhdrl-2022_PWD_58496_1,tender,tender,1,2024-11-08,2022_PWD_58496_1,No-PW-NLD-Tender /2021-22 14389-93 Dated 11.03.202,PR under AMP for Souri Ambwala road K.M 0/0 to 3/260 HP1103VR015349103-4 ( SH P/L BC in K.M 2/0 to 3/260,Works,Open Tender,Item Rate,Civil Works,,No,No,"19,24,085",24-Mar-2022 04:00 PM,75,No,Online,,,1,01-Apr-2022 11:30 AM,assessment,Price Bid Opening Date,,"1,473,201",,PWD,2021-2022
ocds-kjhdrl-2022_PWD_58507_1,tender,tender,1,2024-11-08,2022_PWD_58507_1,No-PW-NLD-Tender /2021-22 14389-93 Dated 11.03.202,A/R M/O to Govt Non Residential Building at Nalagarh ( Sh Providing painting etc ),Works,Open Tender,Item Rate,Civil Works,,No,No,"4,11,563",24-Mar-2022 04:00 PM,75,No,Online,,,1,01-Apr-2022 11:30 AM,assessment,Price Bid Opening Date,,"312,074",,PWD,2021-2022
ocds-kjhdrl-2022_PWD_58661_1,tender,tender,1,2024-11-08,2022_PWD_58661_1,KOTLA BEHAR TENER NOTICE NO 8775-85 DATED 9.3.2022,PERIOIC RENEWAL ON KALOHA PRAGPUR DHALIARA DADA SIBA SANSARPUR TERRACE ROAD SH P.L 30MM THICK BITUMINOUS CONCRETE IN KM 58/.200 TO 60.200 MDR 046113161 AND 04613162,Works,Open Tender,Item Rate,Civil Works,,No,No,"44,56,739",26-Mar-2022 02:00 PM,30,No,Online,,,1,04-Apr-2022 11:00 AM,assessment,Price Bid Opening Date,,"4,290,290",,PWD,2021-2022
ocds-kjhdrl-2022_PWD_58675_6,tender,tender,1,2024-11-08,2022_PWD_58675_6,PWD-18444-93 dated 16.03.2022,Missing Culvert on Chowari Kainthly road Km. 0/ to 12/570,Works,Open Tender,Item Rate,Civil Works,,No,No,"15,36,110",26-Mar-2022 06:00 PM,75,No,Online,,,1,01-Apr-2022 03:30 PM,assessment,Price Bid Opening Date,,"1,075,276.3",,PWD,2021-2022
ocds-kjhdrl-2022_PWD_58769_1,tender,tender,1,2024-11-08,2022_PWD_58769_1,18937-19036 Dated-15.03.2022,Annual Maintenance plan for the year 2022 23 (PMGSY Road) on Damothi Bharthidhar road km 0-0 to 14-300,Works,Open Tender,Item Rate,Civil Works - Roads,,No,No,"65,84,357",01-Apr-2022 10:00 AM,75,No,Offline,,,1,08-Apr-2022 11:00 AM,assessment,Price Bid Opening Date,,"6,903,851",,PWD,2021-2022
ocds-kjhdrl-2022_PWD_58779_1,tender,tender,1,2024-11-08,2022_PWD_58779_1,19143-92 Dated-19.03.2022,Metalling and Tarring on road from Nagwain to Manikaran Chowk portion 242-00 to 272-00 and Nagwain Bazar Total length 28.690kilometers,Works,Open Tender,Item Rate,Civil Works - Roads,,No,No,"5,53,56,072",29-Mar-2022 03:00 PM,75,No,Offline,,,1,08-Apr-2022 11:00 AM,assessment,Price Bid Opening Date,,"58,110,055",,PWD,2021-2022
ocds-kjhdrl-2022_PWD_58786_1,tender,tender,1,2024-11-08,2022_PWD_58786_1,19143-92 Dated-19.03.2022,Metalling and Tarring on road from Nagwain to Manikaran Chowk portion 242-00 to 272-00 and Nagwain Bazar Total length 28.690kilometers,Works,Open Tender,Item Rate,Civil Works - Roads,,No,No,"5,42,55,457",29-Mar-2022 04:00 PM,75,No,Offline,,,1,08-Apr-2022 11:00 AM,assessment,Price Bid Opening Date,,"56,958,916",,PWD,2021-2022
ocds-kjhdrl-2022_PWD_58788_1,tender,tender,1,2024-11-08,2022_PWD_58788_1,NAHAN 12425-50,Periodical Maintenance on Jhameria Rama Dhaun Road under AMP 2022-23,Works,Open Tender,Item Rate,Civil Works - Roads,,No,No,"1,50,95,745",29-Mar-2022 05:00 PM,75,No,Online,,,1,07-Apr-2022 11:00 AM,assessment,Price Bid Opening Date,,"13,424,896",,PWD,2021-2022
ocds-kjhdrl-2022_PWD_58853_1,tender,tender,1,2024-11-08,2022_PWD_58853_1,18937-19036 Dated-15.03.2022,Annual Maintenance plan for the year 2022 23 on Bajaura Kandi road km 3-700 to 12-540,Works,Open Tender,Item Rate,Civil Works - Roads,,No,No,"39,25,324",01-Apr-2022 10:00 AM,75,No,Offline,,,1,08-Apr-2022 11:00 AM,assessment,Price Bid Opening Date,,"4,082,367",,PWD,2021-2022
ocds-kjhdrl-2022_PWD_58899_1,tender,tender,1,2024-11-08,2022_PWD_58899_1,18937-19036 Dated-15.03.2022,Annual Maintenance plan for the year 2022 23 (village road) on Sainj Railla road Km.0/0 to 7/500.,Works,Open Tender,Item Rate,Civil Works - Roads,,No,No,"32,83,938",01-Apr-2022 10:00 AM,75,No,Offline,,,1,08-Apr-2022 11:00 AM,assessment,Price Bid Opening Date,,"3,443,296",,PWD,2021-2022
ocds-kjhdrl-2022_PWD_58910_1,tender,tender,1,2024-11-08,2022_PWD_58910_1,18937-19036 Dated-15.03.2022,Annual Maintenance plan for the year 2022 23 (PMGSY Road) on Banjar Khabal upto Chethar road Km.0-0 to 7-600.,Works,Open Tender,Item Rate,Civil Works - Roads,,No,No,"33,01,284",01-Apr-2022 10:00 AM,75,No,Offline,,,1,08-Apr-2022 11:00 AM,assessment,Price Bid Opening Date,,"3,458,059",,PWD,2021-2022
ocds-kjhdrl-2022_PWD_58911_1,tender,tender,1,2024-11-08,2022_PWD_58911_1,18937-19036 Dated-15.03.2022,Annual Maintenance plan for the year 2022 23 (PMGSY Road) on Salwar Kanon road Km.0-0 to 5-880.,Works,Open Tender,Item Rate,Civil Works - Roads,,No,No,"50,17,759",01-Apr-2022 10:00 AM,75,No,Offline,,,1,08-Apr-2022 11:00 AM,assessment,Price Bid Opening Date,,"5,258,864",,PWD,2021-2022
ocds-kjhdrl-2022_PWD_58939_1,tender,tender,1,2024-11-08,2022_PWD_58939_1,Beautification near Bus Stand Hamirpur,Beautification of Drainage System and Creation of facilities near Bus Stand Hamirpur,Works,Open Tender,Item Rate,Civil Works - Roads,,No,No,"6,65,880",01-Apr-2022 06:00 PM,60,No,Online,,,1,08-Apr-2022 11:30 AM,assessment,Price Bid Opening Date,,"84,866.25",,PWD,2021-2022
ocds-kjhdrl-2022_PWD_59019_5,tender,tender,1,2024-11-08,2022_PWD_59019_5,Elect. HPPWD Palampur,Warehouse for storage of Electronic Voting Machines (EVMs) and VVPATs at Dharamshala Distt. Kangra (HP) (SH- Providing Fire Alarm and PA system therein).,Works,Open Tender,Item Rate,Electrical Works,,No,No,"13,24,509",02-Apr-2022 06:00 PM,120,No,Online,,,1,11-Apr-2022 11:30 AM,assessment,Price Bid Opening Date,,"1,288,600",,PWD,2021-2022
ocds-kjhdrl-2022_PWD_59019_7,tender,tender,1,2024-11-08,2022_PWD_59019_7,Elect. HPPWD Palampur,C/O Ware house for Storage of EVMs and VVPATs at Baloo near Chamba in Tehsil and Distt. Chamba (HP) (SH- Providing Wireless Fire Alarm system therein),Works,Open Tender,Item Rate,Electrical Works,,No,No,"10,56,000",02-Apr-2022 06:00 PM,120,No,Online,,,1,11-Apr-2022 11:30 AM,assessment,Price Bid Opening Date,,"1,037,200",,PWD,2021-2022
ocds-kjhdrl-2022_PWD_59105_1,tender,tender,1,2024-11-08,2022_PWD_59105_1,No-PW-NLD-Tender /2021-22 15995-99 Dated 21.03.202,"Restoration of rain damages on Ramshehar Sunna Nerli road Km 0/0 to 25/070(SH- Construction of 2mtr , span R.C.C . slab culverts at RD 1/280)",Works,Open Tender,Item Rate,Civil Works,,No,No,"9,67,346",05-Apr-2022 11:30 AM,75,No,Online,,,1,13-Apr-2022 11:30 AM,assessment,Price Bid Opening Date,,"677,157",,PWD,2021-2022
ocds-kjhdrl-2022_PWD_59107_1,tender,tender,1,2024-11-08,2022_PWD_59107_1,PW-NBT/CB/Tender/2021/19204-08 dated 26.03.2022,"Performance Based financial incentive 2019-20 (Part-I) during the year 2020-21 for periodic maintenance etc. of PMGSY rural roads on Seola road Km. 0/0 to 2/0 (SH- Providing and laying, 30mm thick bituminous concrete and V-shape drain).",Works,Open Tender,Item Rate,Civil Works,,No,No,"16,79,393",06-Apr-2022 10:00 AM,90,No,Online,,,1,13-Apr-2022 11:30 AM,assessment,Price Bid Opening Date,,"2,627,620",,PWD,2021-2022
ocds-kjhdrl-2022_PWD_59117_2,tender,tender,1,2024-11-08,2022_PWD_59117_2,Tender/13981-14031 dated 29.03.2022,A/R and M/O to Badrinagar Jamniwala Parduni road Km. 0/0 to 14/500. (SH- Repair of pot holes in Km. 1/0 to 3/0 and 6/0 to 7/0),Works,Open Tender,Item Rate,Civil Works - Roads,,No,No,"7,48,400",06-Apr-2022 04:30 PM,75,No,Online,,,1,12-Apr-2022 11:00 AM,assessment,Price Bid Opening Date,,"625,000",,PWD,2021-2022
ocds-kjhdrl-2022_PWD_59151_4,tender,tender,1,2024-11-08,2022_PWD_59151_4,PW-RD-GA-T-21631-730DT23-3-22,Providing Periodical Maintanance on Sheelghat Bral Jharag road k.m. 0/0 to 7/00,Works,Open Tender,Item Rate,Civil Works - Roads,,No,No,"89,64,010",05-Apr-2022 05:35 PM,45,No,Online,,,1,11-Apr-2022 11:00 AM,assessment,Price Bid Opening Date,,"10,154,700",,PWD,2021-2022
ocds-kjhdrl-2022_PWD_59151_9,tender,tender,1,2024-11-08,2022_PWD_59151_9,PW-RD-GA-T-21631-730DT23-3-22,Providing Periodical Maintanance on Chirgaon Gushali road km 0/0 to 16/0,Works,Open Tender,Item Rate,Civil Works - Roads,,No,No,"33,01,774",05-Apr-2022 06:00 PM,45,No,Online,,,1,11-Apr-2022 11:00 AM,assessment,Price Bid Opening Date,,"4,139,950",,PWD,2021-2022
ocds-kjhdrl-2022_PWD_59249_1,tender,tender,1,2024-11-08,2022_PWD_59249_1,No-PW-NLD-Tender /2021-22 16932-36 Dated 28.03.202,"P/R under AMP for Nalagarh, Dabhota road Km 0/00 to 9/400 HP1103MDR01249103-107 (SH- P/L B.C. in km 2/00 to 3/00 6/00 TO 7/00)",Works,Open Tender,Item Rate,Civil Works,,No,No,"74,04,380",06-Apr-2022 06:30 PM,75,No,Online,,,1,18-Apr-2022 11:30 AM,assessment,Price Bid Opening Date,,"6,475,247",,PWD,2021-2022
ocds-kjhdrl-2022_PWD_59543_1,tender,tender,1,2024-11-08,2022_PWD_59543_1,SD-III638-55Dt.12-4-22,Re Construction of type III winter field Cottages set No 1and 2 on old lines at winter field Shimla SH Construction of building portion water supply sanitary Installation site development and rain water harvesting tank etc,Works,Open Tender,Item Rate,Civil Works - Buildings,,No,No,"1,09,62,802",13-Apr-2022 05:00 PM,75,No,Online,,,1,20-Apr-2022 11:00 AM,assessment,Price Bid Opening Date,,"10,782,637",,PWD,2021-2022
ocds-kjhdrl-2022_PWD_59638_1,tender,tender,1,2024-11-08,2022_PWD_59638_1,No-PW-NLD-Tender /2021-22- 193-97 Dated 08.04.2022,Working estimate for the construction of link road From Rowkhan Ramshehar Sai road to Teyamu Dayardu Matuli Harijan basti Km 0/00 to 3/500 (SH- C/O 900 mm dia RCC Hume pipe culvert at R.D 2/010.) (Under SCSP.,Works,Open Tender,Item Rate,Civil Works,,No,No,"3,81,975",18-Apr-2022 04:55 PM,75,No,Online,,,1,29-Apr-2022 11:30 AM,assessment,Price Bid Opening Date,,"283,768",,PWD,2021-2022
ocds-kjhdrl-2022_PWD_59640_1,tender,tender,1,2024-11-08,2022_PWD_59640_1,No-PW-NLD-Tender /2021-22- 193-97 Dated 08.04.2022,C/O Link road Ramshehar Sai road to Row Khan Katlu road Km 0/0 to 4/500(SH- C/o 600 mm dia NP 2 RCC Hume pipe culvert R.D 2/240 and 2/465).,Works,Open Tender,Item Rate,Civil Works,,No,No,"3,10,886",18-Apr-2022 05:15 PM,75,No,Online,,,1,29-Apr-2022 11:30 AM,assessment,Price Bid Opening Date,,"230,825",,PWD,2021-2022
ocds-kjhdrl-2022_PWD_59771_1,tender,tender,1,2024-11-08,2022_PWD_59771_1,SD-III/22 1046-61Dt.19-4-22,Special Repair to type-IV Qtrs Barnes Court at Raj Bhawan Shimla SH- Construction of additional alteration rooms left side of set No.1 3 5 and 7 and back side of Set No 2 4 6 and 8 with MS hollow section CGI sheet roofing and aluminium work etc,Works,Open Tender,Item Wise,Civil Works - Buildings,,No,No,"39,38,752",21-Apr-2022 05:00 PM,75,No,Online,,,1,29-Apr-2022 11:00 AM,assessment,Price Bid Opening Date,,"3,662,948",,PWD,2021-2022
ocds-kjhdrl-2022_PWD_59779_1,tender,tender,1,2024-11-08,2022_PWD_59779_1,Job 3 A.R and M.O on link road to Gurplah to Gondp,"Job 3 A.R and M.O on link road to Gurplah to Gondpur road km. 0-0 to 6-500, Link road to Village lower Manuwal to Upper Manuwal, Santoshgarh Polian road, Link road to Mahadaiyan village Saloh km. 0-0 to 2-0, Link road to Village from Subowana Baliwal",Works,Open Tender,Item Rate,Civil Works - Roads,,No,No,"14,15,230",23-Apr-2022 10:00 AM,75,No,Online,,,1,29-Apr-2022 11:00 AM,assessment,Price Bid Opening Date,,"1,221,588",,PWD,2021-2022
ocds-kjhdrl-2022_PWD_59786_1,tender,tender,1,2024-11-08,2022_PWD_59786_1,Job 5 A-R anM-O on Panjawar Bathri road km. 9-0 to,"Job 5 A-R and M-O on Panjawar Bathri road km. 9-0 to 34-0, Una Rampur Jaijon road km. 14-0 to 23-0 Una Distt. Una Sub Head P.L Patch work and repair of pot holes at various RDs",Works,Open Tender,Item Rate,Civil Works - Roads,,No,No,"11,75,667",23-Apr-2022 10:00 AM,75,No,Online,,,1,29-Apr-2022 11:00 AM,assessment,Price Bid Opening Date,,"981,320",,PWD,2021-2022
ocds-kjhdrl-2022_PWD_60033_1,tender,tender,1,2024-11-08,2022_PWD_60033_1,No.PWC-WA- 954-1053 dated 24.4.2022,Repair and Maintenance of P.G. College Building at Chamba (SH Providing Protection work/drain and laying of interlocking Paver,Works,Open Tender,Item Rate,Civil Works,,No,No,"21,41,339",29-Apr-2022 10:00 AM,75,No,Online,,,1,07-May-2022 11:30 AM,assessment,Price Bid Opening Date,,"1,712,553",,PWD,2022-2023
ocds-kjhdrl-2022_PWD_60087_1,tender,tender,1,2024-11-08,2022_PWD_60087_1,No-PW-NLD-Tender /2021-22- 1332-36 Dated 20.04.202,C/o Road from Lodhimajra to Village Kharianaupto the boundary of BBNDA km 0/0 to 2/00 (SH P/L WMM Bituminious concrete in km 0/0 to 1/300),Works,Open Tender,Item Rate,Civil Works,,No,No,"24,48,710",28-Apr-2022 03:40 PM,75,No,Online,,,1,04-May-2022 11:30 AM,assessment,Price Bid Opening Date,,"1,982,688",,PWD,2022-2023
ocds-kjhdrl-2022_PWD_60118_1,tender,tender,1,2024-11-08,2022_PWD_60118_1,No-PW-NLD-Tender /2021-22- 1570-74 Dated 20.04.202,Restoration of rain damages on Bhini Johri to Lunas road K.M0/0 to 7/0 ( SH C/O 3.00 mtr Spoan RCC Slab culvert at RD 1/010 interlocking tiles,Works,Open Tender,Item Rate,Civil Works,,No,No,"10,14,724",29-Apr-2022 11:20 AM,75,No,Online,,,1,12-May-2022 11:30 AM,assessment,Price Bid Opening Date,,"791,594",,PWD,2022-2023
ocds-kjhdrl-2022_PWD_60231_1,tender,tender,1,2024-11-08,2022_PWD_60231_1,TENDER NOTICE NO 435-42 DATED 22.4.2022,METALLING OF ROAD FROM THE HOUSE OF MALKIAT SINGH HOUSE TO THE HOUSE OF HARPAL SINGH ON PRAGPUR DANGRLA ROAD SUB HEAD P.L INTERLCOKING PAVER AT RD 0.0 TO 0.120 UNDER MMGSY,Works,Open Tender,Item Rate,Civil Works,,No,No,"6,51,096",02-May-2022 02:00 PM,30,No,Online,,,1,10-May-2022 11:00 AM,assessment,Price Bid Opening Date,,"531,842",,PWD,2022-2023
ocds-kjhdrl-2022_PWD_60261_1,tender,tender,1,2024-11-08,2022_PWD_60261_1,1478-1577 Dated-26.04.2022,Annual Repair and maintenance of various roads under Larji sub division,Works,Open Tender,Item Rate,Civil Works - Roads,,No,No,"27,54,268",04-May-2022 10:00 AM,75,No,Offline,,,1,10-May-2022 11:00 AM,assessment,Price Bid Opening Date,,"2,889,608",,PWD,2022-2023
ocds-kjhdrl-2022_PWD_60270_1,tender,tender,1,2024-11-08,2022_PWD_60270_1,PW-KSG--Tender/657-63,Periodical Maintenance on Kandi to Bagail road VR No. HP 0806 VR 003629301 to HP 0806 VR 003629305,Works,Open Tender,Percentage,Civil Works - Roads,,No,No,"93,84,847",04-May-2022 02:00 PM,90,No,Offline,,,1,12-May-2022 02:00 PM,assessment,Price Bid Opening Date,,"9,290,998.59",,PWD,2022-2023
ocds-kjhdrl-2022_PWD_60273_1,tender,tender,1,2024-11-08,2022_PWD_60273_1,PW-JD/E-Tender/2021-22 -671-73 DT28.4.2022,Providing Periodical Maintenance to Chamaru Jachali RoadKm 1/0 to 4/0 under AMP 2021-22 (Revalidated 2022-23),Works,Open Tender,Item Rate,Civil Works - Roads,,No,No,"50,73,918",04-May-2022 12:15 PM,120,No,Online,,,1,11-May-2022 11:30 AM,assessment,Price Bid Opening Date,,"5,299,223",,PWD,2022-2023
ocds-kjhdrl-2022_PWD_60275_1,tender,tender,1,2024-11-08,2022_PWD_60275_1,Tender/2021-641-71,Annual Surfacing on Madholi to Tappa road under Annual maintenance plan for the year 2021-22 on ( PMGSY Road),Works,Open Tender,Item Rate,Civil Works - Roads,,No,No,"18,26,527",04-May-2022 01:00 PM,120,No,Online,,,1,10-May-2022 11:00 AM,assessment,Price Bid Opening Date,,"2,275,260",,PWD,2022-2023
ocds-kjhdrl-2022_PWD_60283_1,tender,tender,1,2024-11-08,2022_PWD_60283_1,PW-KSG--Tender/657-63,Periodical Maintenance on Chalog to Kandi road VR No. HP 0806 VR 003529303 to HP 0806 VR 003529305,Works,Open Tender,Percentage,Civil Works - Roads,,No,No,"48,37,041",04-May-2022 02:00 PM,90,No,Offline,,,1,12-May-2022 02:00 PM,assessment,Price Bid Opening Date,,"4,933,781.98",,PWD,2022-2023
ocds-kjhdrl-2022_PWD_60468_1,tender,tender,1,2024-11-08,2022_PWD_60468_1,PW-NBT/CB/Tender/2021/1977-81 dated 29.04.2022,C/o residential accommodation for CHC Markand at Bilaspur (HP) (SH- C/o 4 Nos. Quarters i/c W.S. and S.I. on ground floor and first floor) Deposit work,Works,Open Tender,Item Rate,Civil Works,,No,No,"36,85,662",11-May-2022 10:00 AM,90,No,Online,,,1,18-May-2022 11:30 AM,assessment,Price Bid Opening Date,,"6,449,533",,PWD,2022-2023
ocds-kjhdrl-2022_PWD_60769_1,tender,tender,1,2024-11-08,2022_PWD_60769_1,No-PW-NLD-Tender /2022-23- 2495-99 Dated 09.05.202,"Construction of 5 Nos. 900 mm dia HPC Culverts on different link roads under Nalka panchayat (Doon) and P/L Grading -1 Soling on link road Kathnar kanaita to Maroa, Link road Jakhad kanaita and Link road Kangi mohal under Gram panchayat Nalka. (Under",Works,Open Tender,Item Rate,Civil Works,,No,No,"9,55,004",19-May-2022 09:50 AM,75,No,Online,,,1,03-Jun-2022 11:30 AM,assessment,Price Bid Opening Date,,"668,509",,PWD,2022-2023
ocds-kjhdrl-2022_PWD_60824_1,tender,tender,1,2024-11-08,2022_PWD_60824_1,1244-50,Periodical Maintenance on Shimla Mandi road,Works,Open Tender,Percentage,Civil Works,,No,No,"41,79,458",20-May-2022 09:00 AM,90,No,Offline,,,1,27-May-2022 11:00 AM,assessment,Price Bid Opening Date,,"4,387,176.58",,PWD,2022-2023
ocds-kjhdrl-2022_PWD_60839_1,tender,tender,1,2024-11-08,2022_PWD_60839_1,PW-JD/E- Tender /2022 -23 1368-70 Dt13.05.2022,M.T.on Chamaru Jachali Madhaik up to Garnu Road Km 0/0 to 4/810,Works,Open Tender,Item Rate,Civil Works - Roads,,No,No,"9,55,422",20-May-2022 12:00 PM,120,No,Online,,,1,27-May-2022 11:30 AM,assessment,Price Bid Opening Date,,"960,519",,PWD,2022-2023
ocds-kjhdrl-2022_PWD_60866_1,tender,tender,1,2024-11-08,2022_PWD_60866_1,PW-RD-GA-2095-2194T9-5-22,C/O Sports Hostel Block at GSSS Rohru,Works,Open Tender,Item Rate,Civil Works - Buildings,,No,No,"2,10,90,804",20-May-2022 05:00 PM,75,No,Online,,,1,30-May-2022 11:00 AM,assessment,Price Bid Opening Date,,"22,130,775",,PWD,2022-2023
ocds-kjhdrl-2022_PWD_60936_4,tender,tender,1,2024-11-08,2022_PWD_60936_4,PW-KD-E-Tender/2022-23-1800-02 dated 23-04-2022,Improvement of Gazta Joney Garaog road in K.M. 0/00 to 16/00,Works,Open Tender,Item Rate,Civil Works - Roads,,No,No,"7,99,818",21-May-2022 04:00 PM,90,No,Online,,,1,27-May-2022 11:00 AM,assessment,Price Bid Opening Date,,"848,854",,PWD,2022-2023
ocds-kjhdrl-2022_PWD_60936_7,tender,tender,1,2024-11-08,2022_PWD_60936_7,PW-KD-E-Tender/2022-23-1800-02 dated 23-04-2022,Improvement of Link road to Maa Tuna Kali Mandir road in K.M. 0/00 to 0/950,Works,Open Tender,Item Rate,Civil Works - Roads,,No,No,"7,80,610",21-May-2022 05:00 PM,90,No,Online,,,1,27-May-2022 11:00 AM,assessment,Price Bid Opening Date,,"828,027",,PWD,2022-2023
ocds-kjhdrl-2022_PWD_61103_14,tender,tender,1,2024-11-08,2022_PWD_61103_14,PW-RD-GA-T-2111-24dt17-3-22,R/R damages on Kharapather Sheelghat Sharontha Tikkar road km 7/0 to 33/560,Works,Open Tender,Item Rate,Civil Works - Roads,,No,No,"6,81,320",26-May-2022 05:30 PM,45,No,Online,,,1,01-Jun-2022 11:00 AM,assessment,Price Bid Opening Date,,"1,055,667",,PWD,2022-2023
ocds-kjhdrl-2022_PWD_61116_1,tender,tender,1,2024-11-08,2022_PWD_61116_1,Job 2 Annual maintenance plan on link road Pandog,Job 2 Annual maintenance plan on link road Pandoga Ispur road to kiarian GP Pandoga RD. 0-0 to 2-900 Sub Head C.O C.C. Pavement at RD. 0-515 to 0-815 and 0-850 to 0-900 and Paver block in km. 0-815 to 0-850 and 0-900 to 1-100,Works,Open Tender,Item Rate,Civil Works - Roads,,No,No,"26,53,120",03-Jun-2022 10:00 AM,75,No,Online,,,1,09-Jun-2022 11:00 AM,assessment,Price Bid Opening Date,,"1,857,184",,PWD,2022-2023
ocds-kjhdrl-2022_PWD_61183_1,tender,tender,1,2024-11-08,2022_PWD_61183_1,R/R damages on Solan Meenus R/wall at RD8/600 to 8,Restoration of rain damages on Solan Meeus road Km.2/0 to 9/300,Works,Open Tender,Item Rate,Civil Works,,No,No,"15,09,501",01-Jun-2022 10:00 AM,90,No,Online,,,1,10-Jun-2022 11:00 AM,assessment,Price Bid Opening Date,,"1,194,532",,PWD,2022-2023
ocds-kjhdrl-2022_PWD_61216_1,tender,tender,1,2024-11-08,2022_PWD_61216_1,A/R and M/O Choru Bhou Jeehan road,A/R and M/O Choru Bhou Jeehan road km 0/0 to 6/500,Works,Open Tender,Item Rate,Civil Works - Roads,,No,No,"5,85,420",30-May-2022 06:00 PM,60,No,Online,,,1,06-Jun-2022 11:00 AM,assessment,Price Bid Opening Date,,"4,964,444",,PWD,2022-2023
ocds-kjhdrl-2022_PWD_61342_6,tender,tender,1,2024-11-08,2022_PWD_61342_6,PW-RD-GA-T-22611-17DT31-3-22,C/O Kimu Nallah to Sarswati Vidya Mandir Bauti Nallah road km 0/0 to 0/900,Works,Open Tender,Item Rate,Civil Works - Roads,,No,No,"9,36,125",03-Jun-2022 10:00 AM,45,No,Online,,,1,10-Jun-2022 11:00 AM,assessment,Price Bid Opening Date,,"855,644",,PWD,2022-2023
ocds-kjhdrl-2022_PWD_61388_1,tender,tender,1,2024-11-08,2022_PWD_61388_1,No.PWCWA-Contract/22- 3056-3155 dated 26/05/2022,Annual Repair and Maintenance of Chamba Khajjiar road Km. 0/0 to 19/0 (SH Providing balance patch work in Km. 8/0 to 15/0 )by manually,Works,Open Tender,Item Rate,Civil Works - Roads,,No,No,"26,43,030",03-Jun-2022 05:00 PM,75,No,Online,,,1,13-Jun-2022 11:30 AM,assessment,Price Bid Opening Date,,"2,622,699",,PWD,2022-2023
ocds-kjhdrl-2022_PWD_61388_2,tender,tender,1,2024-11-08,2022_PWD_61388_2,No.PWCWA-Contract/22- 3056-3155 dated 26/05/2022,Annual Repair and Maintenance of Chamba Khajjiar road Km. 0/0 to 19/0 (SH Providing balance patch work in Km. 15/0 to 18/0 ) by manually,Works,Open Tender,Item Rate,Civil Works - Roads,,No,No,"17,62,020",03-Jun-2022 05:00 PM,75,No,Online,,,1,13-Jun-2022 11:30 AM,assessment,Price Bid Opening Date,,"1,748,466",,PWD,2022-2023
ocds-kjhdrl-2022_PWD_61445_1,tender,tender,1,2024-11-08,2022_PWD_61445_1,TENDER NOTICE 821-840 DT 24.5.2022,C.O LINK ROAD HARIJAN BASTI SALUHI ROAD KM 0.0 TO 3.200 SH P.L 20MM THICK PREMIX CARPET WITH SEALCOAT INKM 2.500 TO 3.00 UNDER SCSP,Works,Open Tender,Item Rate,Civil Works,,No,No,"4,62,762",06-Jun-2022 09:00 AM,30,No,Online,,,1,13-Jun-2022 11:00 AM,assessment,Price Bid Opening Date,,"485,190",,PWD,2022-2023
ocds-kjhdrl-2022_PWD_61478_10,tender,tender,1,2024-11-08,2022_PWD_61478_10,PW-KD-E-Tender/2022-23-2911-13 dt 28-05-2022,AMP on Ratnari Link road in K.M. 0/00 to 2/740,Works,Open Tender,Item Rate,Civil Works - Roads,,No,No,"7,27,760",08-Jun-2022 10:00 AM,90,No,Online,,,1,15-Jun-2022 11:00 AM,assessment,Price Bid Opening Date,,"558,482",,PWD,2022-2023
ocds-kjhdrl-2022_PWD_61478_11,tender,tender,1,2024-11-08,2022_PWD_61478_11,PW-KD-E-Tender/2022-23-2911-13 dt 28-05-2022,"Addition / Alteration to Vetty. Hospital at Kotkhai Distt Shimla, H.P.",Works,Open Tender,Item Rate,Civil Works - Buildings,,No,No,"7,57,265",08-Jun-2022 09:00 AM,90,No,Online,,,1,15-Jun-2022 11:00 AM,assessment,Price Bid Opening Date,,"747,269",,PWD,2022-2023
ocds-kjhdrl-2022_PWD_61478_7,tender,tender,1,2024-11-08,2022_PWD_61478_7,PW-KD-E-Tender/2022-23-2911-13 dt 28-05-2022,A/R and M/O on Mail Matlu road in K.M. 0/00 to 6/300,Works,Open Tender,Item Rate,Civil Works - Roads,,No,No,"9,96,580",08-Jun-2022 10:00 AM,90,No,Online,,,1,15-Jun-2022 09:00 AM,assessment,Price Bid Opening Date,,"810,657",,PWD,2022-2023
ocds-kjhdrl-2022_PWD_61478_8,tender,tender,1,2024-11-08,2022_PWD_61478_8,PW-KD-E-Tender/2022-23-2911-13 dt 28-05-2022,A/R and M/o on Mail Matlu road in K.M. 0/00 to 6/300,Works,Open Tender,Item Rate,Civil Works - Roads,,No,No,"9,96,580",08-Jun-2022 10:00 AM,90,No,Online,,,1,15-Jun-2022 11:00 AM,assessment,Price Bid Opening Date,,"810,657",,PWD,2022-2023
ocds-kjhdrl-2022_PWD_61478_9,tender,tender,1,2024-11-08,2022_PWD_61478_9,PW-KD-E-Tender/2022-23-2911-13 dt 28-05-2022,A/R and M/O on Mail Matlu road in K.M. 0/00 to 6/300,Works,Open Tender,Item Rate,Civil Works - Roads,,No,No,"9,96,580",08-Jun-2022 10:00 AM,90,No,Online,,,1,15-Jun-2022 11:00 AM,assessment,Price Bid Opening Date,,"810,657",,PWD,2022-2023
ocds-kjhdrl-2022_PWD_61561_1,tender,tender,1,2024-11-08,2022_PWD_61561_1,NIT 3539-43 dated 1-06-2022,R/O rain damages on Galot to Randhala road in km 0/0 to 3/280 (SH C/O B/wall at RD 9/220 to 9/240).,Works,Open Tender,Item Rate,Civil Works,,No,No,,09-Jun-2022 10:00 AM,75,No,Online,,,1,16-Jun-2022 11:30 AM,assessment,Price Bid Opening Date,,"110,202",,PWD,2022-2023
ocds-kjhdrl-2022_PWD_61612_2,tender,tender,1,2024-11-08,2022_PWD_61612_2,PW-KD-E-Tender/2022-23-2914-16 dt 28-5-2022,R/R Damages on Dhali Dhakal Jakrari road in K.M. 0/00 to 7/075,Works,Open Tender,Item Rate,Civil Works - Roads,,No,No,"8,50,813",10-Jun-2022 10:00 AM,90,No,Online,,,1,16-Jun-2022 11:00 AM,assessment,Price Bid Opening Date,,"910,385",,PWD,2022-2023
ocds-kjhdrl-2022_PWD_61685_1,tender,tender,1,2024-11-08,2022_PWD_61685_1,Link road Sastar Balhi to Ghanotla,Construction of link road Sastar Balhi to Ghanotla km 0/0 to 2/790,Works,Open Tender,Item Rate,Civil Works - Roads,,No,No,"19,41,165",13-Jun-2022 06:00 PM,60,No,Online,,,1,20-Jun-2022 11:00 AM,assessment,Price Bid Opening Date,,"1,957,839.4",,PWD,2022-2023
ocds-kjhdrl-2022_PWD_61755_1,tender,tender,1,2024-11-08,2022_PWD_61755_1,PW-RD-GA-T-4290-4389dt-7-6-22,C/O Gujar Kotha to Junidhar road km 0/0 to 3/540,Works,Open Tender,Item Rate,Civil Works - Roads,,No,No,"93,43,091",15-Jun-2022 06:40 PM,45,No,Online,,,1,22-Jun-2022 11:00 AM,assessment,Price Bid Opening Date,,"9,966,644.5",,PWD,2022-2023
ocds-kjhdrl-2022_PWD_61755_2,tender,tender,1,2024-11-08,2022_PWD_61755_2,PW-RD-GA-T-4290-4389dt-7-6-22,C/O Khorsu Kuttu road km 3/540 to 5/645,Works,Open Tender,Item Rate,Civil Works - Roads,,No,No,,15-Jun-2022 06:40 PM,45,No,Online,,,1,22-Jun-2022 11:00 AM,assessment,Price Bid Opening Date,,"9,928,490.68",,PWD,2022-2023
ocds-kjhdrl-2022_PWD_61819_21,tender,tender,1,2024-11-08,2022_PWD_61819_21,Sangrah 2058-83 Dated 07.06.2022,"C/O CD and M/T on Jabrog to Uncha Tikkar road km. 0/00 to 3/500 (SH C/O Hume Pipe Culvert at RD. 0/180,0/740,1/530 and 1/960)",Works,Open Tender,Item Rate,Civil Works,,No,No,"17,79,589",21-Jun-2022 05:00 PM,75,No,Online,,,1,29-Jun-2022 10:30 AM,assessment,Price Bid Opening Date,,"1,831,554",,PWD,2022-2023
ocds-kjhdrl-2022_PWD_61862_1,tender,tender,1,2024-11-08,2022_PWD_61862_1,PW-KD-E-Tender/2022-23-3632-34 dt 10-06-2022,A/R and M/O on Mail Matlu road in K.M. 0/00 to 6/300,Works,Open Tender,Item Rate,Civil Works - Roads,,No,No,"9,96,580",20-Jun-2022 09:00 AM,90,No,Online,,,1,27-Jun-2022 11:00 AM,assessment,Price Bid Opening Date,,"810,657",,PWD,2022-2023
ocds-kjhdrl-2022_PWD_61862_2,tender,tender,1,2024-11-08,2022_PWD_61862_2,PW-KD-E-Tender/2022-23-3632-34 dt 10-06-2022,A/R and M/O on Mail Matlu road in K.M. 0/00 to 6/300,Works,Open Tender,Item Rate,Civil Works - Roads,,No,No,"9,96,580",20-Jun-2022 09:00 AM,90,No,Online,,,1,27-Jun-2022 11:00 AM,assessment,Price Bid Opening Date,,"810,657",,PWD,2022-2023
ocds-kjhdrl-2022_PWD_61862_3,tender,tender,1,2024-11-08,2022_PWD_61862_3,PW-KD-E-Tender/2022-23-3632-34 dt 10-06-2022,A/R and M/O on Mail Matlu road in K.M. 0/00 to 6/300,Works,Open Tender,Item Rate,Civil Works - Roads,,No,No,"9,96,580",20-Jun-2022 09:00 AM,90,No,Online,,,1,27-Jun-2022 11:00 AM,assessment,Price Bid Opening Date,,"810,657",,PWD,2022-2023
ocds-kjhdrl-2022_PWD_61862_4,tender,tender,1,2024-11-08,2022_PWD_61862_4,PW-KD-E-Tender/2022-23-3632-34 dt 10-06-2022,A/R and M/O Mail Matlu road in K.M. 0/00 to 6/300,Works,Open Tender,Item Rate,Civil Works - Roads,,No,No,"9,96,580",20-Jun-2022 09:00 AM,90,No,Online,,,1,27-Jun-2022 11:00 AM,assessment,Price Bid Opening Date,,"810,657",,PWD,2022-2023
ocds-kjhdrl-2022_PWD_61862_5,tender,tender,1,2024-11-08,2022_PWD_61862_5,PW-KD-E-Tender/2022-23-3632-34 dt 10-06-2022,A/R and M/O Mail Matlu road in K.M. 0/00 to 6/300,Works,Open Tender,Item Rate,Civil Works - Roads,,No,No,"9,96,580",20-Jun-2022 09:00 AM,90,No,Online,,,1,27-Jun-2022 11:00 AM,assessment,Price Bid Opening Date,,"810,657",,PWD,2022-2023
ocds-kjhdrl-2022_PWD_61862_6,tender,tender,1,2024-11-08,2022_PWD_61862_6,PW-KD-E-Tender/2022-23-3632-34 dt 10-06-2022,A/R and M/O on Mail Matlu road in K.M. 0/00 to 6/300,Works,Open Tender,Item Rate,Civil Works - Roads,,No,No,"9,96,580",20-Jun-2022 09:00 AM,90,No,Online,,,1,27-Jun-2022 11:00 AM,assessment,Price Bid Opening Date,,"810,657",,PWD,2022-2023
ocds-kjhdrl-2022_PWD_61877_1,tender,tender,1,2024-11-08,2022_PWD_61877_1,PW-RD-GA-Tender/22-3395-3494 dt.27.05.22,C O Rohru Barara Seri Nallah Sharog to Sadrali Arhal road Km 0.0 to 2.00,Works,Open Tender,Item Rate,Civil Works,,No,No,"23,37,222",27-Jun-2022 06:00 PM,45,No,Online,,,1,05-Jul-2022 11:00 AM,assessment,Price Bid Opening Date,,"2,387,766",,PWD,2022-2023
ocds-kjhdrl-2022_PWD_61965_1,tender,tender,1,2024-11-08,2022_PWD_61965_1,NIT 4406-10 dated 18-06-2022,"C/O link road Nalagarh Bharatgarh road in Village Dabhota (Nasrali) GP Dabhota (SH C/O 3.00 mtr span RCC Slab Culvert at Km 0/110 P/L Gr-II, Gr-III B.T in km 0/0 to 1/00) Under SCCP",Works,Open Tender,Item Rate,Civil Works,,No,No,"26,98,132",22-Jun-2022 03:10 PM,75,No,Online,,,1,30-Jun-2022 11:30 AM,assessment,Price Bid Opening Date,,"2,020,710",,PWD,2022-2023
ocds-kjhdrl-2022_PWD_61978_1,tender,tender,1,2024-11-08,2022_PWD_61978_1,4308-12 dated 16-06-2022,Construction of Degree Collage at Ramshehar Distt. Solan HP,Works,Open Tender,Item Rate,Civil Works,,No,No,,22-Jun-2022 04:00 PM,75,No,Online,,,1,06-Jul-2022 11:30 AM,assessment,Price Bid Opening Date,,"84,460,246",,PWD,2022-2023
ocds-kjhdrl-2022_PWD_62016_1,tender,tender,1,2024-11-08,2022_PWD_62016_1,NIT No 4148-52 dated 13-06-2022,"C/O Ambwala Rator Rajwahan Jablu Jamlidhar Brahm in km 0/0 to 7/00 (SH R.O.F.D, soling land c/o 900 MM dia hume pipe culvert in km 4/00 to 5/00) Under SCCP",Works,Open Tender,Item Rate,Civil Works,,No,No,"9,46,096",23-Jun-2022 10:00 AM,75,No,Online,,,1,04-Jul-2022 11:30 AM,assessment,Price Bid Opening Date,,"662,267",,PWD,2022-2023
ocds-kjhdrl-2022_PWD_62017_1,tender,tender,1,2024-11-08,2022_PWD_62017_1,NIT No.4148-52 dated 13-06-2022,"C/O Rana Basti Basot road km 0/0 to 1/00 (SH P/L Gr-II, Gr-III, Tarring in km 0/0 to 1/00) under MNP",Works,Open Tender,Item Rate,Civil Works,,No,No,"21,58,364",23-Jun-2022 10:00 AM,75,No,Online,,,1,04-Jul-2022 11:30 AM,assessment,Price Bid Opening Date,,"1,525,880",,PWD,2022-2023
ocds-kjhdrl-2022_PWD_62026_1,tender,tender,1,2024-11-08,2022_PWD_62026_1,NIT No. 4148-52 dated 13-06-2022,"C/O link road to Gamber Mod G.P Nand km 0/0 to 2/800 (SHF.C in km 0/0 to 0/500, 900mm dia pipe culvert at Km 0/0 unlined drain various reaches in km 0/0 to 0/500) under MNP",Works,Open Tender,Item Rate,Civil Works,,No,No,"7,67,191",23-Jun-2022 11:10 AM,75,No,Online,,,1,04-Jul-2022 11:30 AM,assessment,Price Bid Opening Date,,"537,033",,PWD,2022-2023
ocds-kjhdrl-2022_PWD_62039_1,tender,tender,1,2024-11-08,2022_PWD_62039_1,PW-JD/E-Tender/2022-23 -2795-97 DT. 18.06.2022,P/L M.T. to link Road Santoshinager to Kaina Km 0/0 to 1/500,Works,Open Tender,Item Rate,Civil Works - Roads,,No,No,"9,78,323",23-Jun-2022 01:30 PM,120,No,Online,,,1,29-Jun-2022 11:30 AM,assessment,Price Bid Opening Date,,"971,258",,PWD,2022-2023
ocds-kjhdrl-2022_PWD_62053_1,tender,tender,1,2024-11-08,2022_PWD_62053_1,NIT 4148-52 dated 13-06-2022,C/O Missing C.D on Panjehra Bhartgarh road km 0/0 to 4/300 (SH C/O 2.00 mtr span RCC slab culvert at km 0/220),Works,Open Tender,Item Rate,Civil Works,,No,No,"5,76,004",23-Jun-2022 02:55 PM,75,No,Online,,,1,04-Jul-2022 11:30 AM,assessment,Price Bid Opening Date,,"403,202.8",,PWD,2022-2023
ocds-kjhdrl-2022_PWD_62054_1,tender,tender,1,2024-11-08,2022_PWD_62054_1,Job 6 Construction of Link road to Raipur Harizan,Job 6 Construction of Link road to Raipur Harizan Abadi from Bangarh Nangran road km. 0-0 to 1-500 Sub Head P.L Cement Concrete Pavement in RD. 0-165 to 0-360 with Retaining wall,Works,Open Tender,Item Rate,Civil Works - Roads,,No,No,"18,52,313",24-Jun-2022 05:00 PM,75,No,Online,,,1,30-Jun-2022 11:00 AM,assessment,Price Bid Opening Date,,"1,863,023",,PWD,2022-2023
ocds-kjhdrl-2022_PWD_62064_1,tender,tender,1,2024-11-08,2022_PWD_62064_1,Job 8 Construction of Link road from Vill. Kuthar,"Job 8 Construction of Link road from Vill. Kuthar Beet to Abadi Jodian km. 0-0 to 1-800 Sub Head P.L GSB, WMM and BC in km. 1-400 to 1-800 Under OTMNP",Works,Open Tender,Item Rate,Civil Works - Roads,,No,No,"14,14,790",24-Jun-2022 05:00 PM,75,No,Online,,,1,30-Jun-2022 11:00 AM,assessment,Price Bid Opening Date,,"1,279,391",,PWD,2022-2023
ocds-kjhdrl-2022_PWD_62085_1,tender,tender,1,2024-11-08,2022_PWD_62085_1,Job 12 A.R and M.O link road Subowana Baliwal ro,Job 12 A.R and M.O link road Subowana Baliwal road RD 0-0 to 5-500 Sub Head C.O CC Pavement RD 3-880 to 3-950,Works,Open Tender,Item Rate,Civil Works - Roads,,No,No,"5,98,029",24-Jun-2022 05:00 PM,75,No,Online,,,1,30-Jun-2022 11:00 AM,assessment,Price Bid Opening Date,,"607,654",,PWD,2022-2023
ocds-kjhdrl-2022_PWD_62163_1,tender,tender,1,2024-11-08,2022_PWD_62163_1,PW-KMS-AB-NIT/2022-23-2275-76 dt 30.05.2022,C/O road from Dokhari Nallah Rogha Kotgarh via Khobal Nallah SH Fomation Cutting 5/7 mtrs wide in Km 1/255 to 2/000,Works,Open Tender,Item Rate,Civil Works - Roads,,No,No,"33,16,263",25-Jun-2022 05:00 PM,90,No,Online,,,1,04-Jul-2022 11:00 AM,assessment,Price Bid Opening Date,,"2,321,384",,PWD,2022-2023
ocds-kjhdrl-2022_PWD_62195_9,tender,tender,1,2024-11-08,2022_PWD_62195_9,PW-RD-GA-Tender/22-3581-3680 dt.28.05.22,A R and MO HPPWD Rest House at Khadrala,Works,Open Tender,Item Rate,Civil Works,,No,No,"13,65,477",06-Jul-2022 06:00 PM,45,No,Online,,,1,14-Jul-2022 11:00 AM,assessment,Price Bid Opening Date,,"1,356,702",,PWD,2022-2023
ocds-kjhdrl-2022_PWD_62225_1,tender,tender,1,2024-11-08,2022_PWD_62225_1,3771-3820 Dated-13.06.2022,Annual Repair and maintenance of Jibhi Bahu Gadagushaini road Km 0-0 to 20-0,Works,Open Tender,Item Rate,Civil Works - Roads,,No,No,"19,25,829",27-Jun-2022 04:00 PM,75,No,Offline,,,1,04-Jul-2022 11:00 AM,assessment,Price Bid Opening Date,,"2,018,692",,PWD,2022-2023
ocds-kjhdrl-2022_PWD_62267_1,tender,tender,1,2024-11-08,2022_PWD_62267_1,EE Salooni Letter No. 4667-4717 dated 17-06-2022,Construction of Link road from Birwari to Thadal K.M. 0/0 to 3/165,Works,Open Tender,Percentage,Civil Works,,No,No,"48,65,434",29-Jun-2022 03:00 PM,75,No,Online,,,1,07-Jul-2022 11:30 AM,assessment,Price Bid Opening Date,,"3,466,622.61",,PWD,2022-2023
ocds-kjhdrl-2022_PWD_62283_2,tender,tender,1,2024-11-08,2022_PWD_62283_2,Tender/3092-3141 dated 17.06.2022,"Periodical renewal on Mehat Gawana Khali Achon to Naddi road km. 0/0 to 12/0 (SH- P/L Penetration macadam (50mm.), Bituminous concrete 30mm.in km.0/0 to 4/0). (Incentive during the year 2019-20). Under PMGSY.",Works,Open Tender,Item Rate,Civil Works - Roads,,No,No,"49,24,199",01-Jul-2022 04:30 PM,75,No,Online,,,1,07-Jul-2022 11:00 AM,assessment,Price Bid Opening Date,,"4,355,372",,PWD,2022-2023
ocds-kjhdrl-2022_PWD_62300_1,tender,tender,1,2024-11-08,2022_PWD_62300_1,Tender/3732-82 dated 27.06.2022,Construction of link road from Lohgarh to Banda Bahadur Gurudwara Sahib Km. 0/0 to 4/200. (SH-Providing and laying GSB and C.D. in Km 0/0 to 1/0) Under MNP.,Works,Open Tender,Item Rate,Civil Works - Roads,,No,No,"33,05,100",01-Jul-2022 04:30 PM,75,No,Online,,,1,12-Jul-2022 11:00 AM,assessment,Price Bid Opening Date,,"2,313,570",,PWD,2022-2023
ocds-kjhdrl-2022_PWD_62301_1,tender,tender,1,2024-11-08,2022_PWD_62301_1,PW-JD/E-Tender/2022-23 2909-11 Dt.23.06.2022,Restoration of rain damages on Kharapather Patsari RAOD Km 0/0 to 13/120 Km,Works,Open Tender,Item Rate,Civil Works - Roads,,No,No,"9,81,369",29-Jun-2022 04:00 PM,120,No,Online,,,1,05-Jul-2022 11:30 AM,assessment,Price Bid Opening Date,,"999,876",,PWD,2022-2023
ocds-kjhdrl-2022_PWD_62301_2,tender,tender,1,2024-11-08,2022_PWD_62301_2,PW-JD/E-Tender/2022-23 2909-11 Dt.23.06.2022,Restoration of rain damages on Chiewa Link Road Km 2/0 to 3/0 and Kharapather Patsari RAOD Km 11/0 to 11/500 Km,Works,Open Tender,Item Rate,Civil Works - Roads,,No,No,"9,58,372",29-Jun-2022 04:00 PM,120,No,Online,,,1,05-Jul-2022 11:30 AM,assessment,Price Bid Opening Date,,"999,739",,PWD,2022-2023
ocds-kjhdrl-2022_PWD_62481_16,tender,tender,1,2024-11-08,2022_PWD_62481_16,PW-RD-CB-Tender/22-3688-3787 dt.30.05.22,C O Todsa Gummna Shagli road Km. 0.0 to 5.500,Works,Open Tender,Item Rate,Civil Works,,No,No,"9,23,251",14-Jul-2022 06:00 PM,45,No,Online,,,1,25-Jul-2022 11:00 AM,assessment,Price Bid Opening Date,,"923,251",,PWD,2022-2023
ocds-kjhdrl-2022_PWD_62499_1,tender,tender,1,2024-11-08,2022_PWD_62499_1,4853-57 dated 28-06-2022,C/O GSSS ( Boy) Nalagarh (SH C/O U shape drain and levelling of ground etc,Works,Open Tender,Item Rate,Civil Works,,No,No,"13,18,371",07-Jul-2022 03:10 PM,75,No,Online,,,1,18-Jul-2022 11:30 AM,assessment,Price Bid Opening Date,,"982,130",,PWD,2022-2023
ocds-kjhdrl-2022_PWD_62524_1,tender,tender,1,2024-11-08,2022_PWD_62524_1,NIT No. 4853-57 dated 28-06-2022,"C/O link road from main road to Jhandian Behli GP Keori in Tehsil Nalagarh km 0/0 to 1/500 (SH P/L Gr-II, Gr-III, tarring in km 0/0 to 0/675) MNP",Works,Open Tender,Item Rate,Civil Works,,No,No,"13,16,861",07-Jul-2022 04:15 PM,75,No,Online,,,1,18-Jul-2022 11:30 AM,assessment,Price Bid Opening Date,,"1,063,366",,PWD,2022-2023
ocds-kjhdrl-2022_PWD_62587_1,tender,tender,1,2024-11-08,2022_PWD_62587_1,NAHAN 3067-96,"Repair of 2nd, 3rd and 4th Floor of Science Block, currently in the possession of District Ayurvedic Hospital at Nahan, Sirmaur (HP)",Works,Open Tender,Item Rate,Civil Works - Buildings,,No,No,"1,43,59,123",08-Jul-2022 05:15 PM,75,No,Online,,,1,16-Jul-2022 11:00 AM,assessment,Price Bid Opening Date,,"12,849,582",,PWD,2022-2023
ocds-kjhdrl-2022_PWD_62629_3,tender,tender,1,2024-11-08,2022_PWD_62629_3,PW-SRDD-CB-CTR/2022-9812-9861 DT.02.7.2022,Construction of Dhanpar Sandoa Gallah Sareh road km. 0/00 to 08/100,Works,Open Tender,Item Rate,Civil Works - Roads,,No,No,"58,59,359",11-Jul-2022 05:00 PM,120,No,Online,,,1,19-Jul-2022 11:00 AM,assessment,Price Bid Opening Date,,"6,133,970",,PWD,2022-2023
ocds-kjhdrl-2022_PWD_62687_1,tender,tender,1,2024-11-08,2022_PWD_62687_1,5252-56 dated 7-7-2022,C/O Residential Quarters for ITI at Nalagarh (SH C/O Type IV quarters building portion including W.S and SI balance work thereof,Works,Open Tender,Item Rate,Civil Works,,No,No,"1,29,517",13-Jul-2022 11:55 AM,75,No,Online,,,1,21-Jul-2022 11:30 AM,assessment,Price Bid Opening Date,,"154,725",,PWD,2022-2023
ocds-kjhdrl-2022_PWD_62727_1,tender,tender,1,2024-11-08,2022_PWD_62727_1,NAHAN 5769-98,"C/o GSSS Building at Bhedon, Tehsil Nahan, Sirmaur (HP)",Works,Open Tender,Item Rate,Civil Works - Roads,,No,No,"31,72,995",13-Jul-2022 06:00 PM,75,No,Online,,,1,21-Jul-2022 11:00 AM,assessment,Price Bid Opening Date,,"2,748,869",,PWD,2022-2023
ocds-kjhdrl-2022_PWD_62745_1,tender,tender,1,2024-11-08,2022_PWD_62745_1,SD-I-CTR-Tender-2021-2022- 6739 dated 05-07-2022,"Construction of open Stadium at Sanjauli near S.P.M School. (SH Development works for ground, fencing , stage, railings and sitting area) (Under Shimla SMART City)",Works,Open Tender,Item Rate,Civil Works,,No,No,,14-Jul-2022 06:00 PM,75,No,Online,,,1,22-Jul-2022 11:00 AM,assessment,Price Bid Opening Date,,"17,156,215",,PWD,2022-2023
ocds-kjhdrl-2022_PWD_62767_1,tender,tender,1,2024-11-08,2022_PWD_62767_1,No.BGN/2022-23-3909-40 dated 01-07-2022,Construction of Newly upgraded 50 Bedded Civil Hospital Bangana in Distt. Una,Works,Open Tender,Item Rate,Civil Works - Buildings,,No,No,"8,10,54,761",16-Jul-2022 11:00 AM,120,No,Online,,,1,23-Jul-2022 10:30 AM,assessment,Price Bid Opening Date,,"71,300,000",,PWD,2022-2023
ocds-kjhdrl-2022_PWD_62811_17,tender,tender,1,2024-11-08,2022_PWD_62811_17,PW-RD-GA-Tender/22-3886-3985 dt.31.05.22,AR and M O RCD road Km. 0.0 to 21.195,Works,Open Tender,Item Rate,Civil Works,,No,No,"14,85,506",25-Jul-2022 06:00 PM,45,No,Online,,,1,01-Aug-2022 11:00 AM,assessment,Price Bid Opening Date,,"1,489,567",,PWD,2022-2023
ocds-kjhdrl-2022_PWD_62811_6,tender,tender,1,2024-11-08,2022_PWD_62811_6,PW-RD-GA-Tender/22-3886-3985 dt.31.05.22,C O Jagothi Nallah Janari road Km. 0.0 to 2.500,Works,Open Tender,Item Rate,Civil Works,,No,No,"12,53,861",25-Jul-2022 06:00 PM,45,No,Online,,,1,01-Aug-2022 11:00 AM,assessment,Price Bid Opening Date,,"991,551",,PWD,2022-2023
ocds-kjhdrl-2022_PWD_62811_8,tender,tender,1,2024-11-08,2022_PWD_62811_8,PW-RD-GA-Tender/22-3886-3985 dt.31.05.22,AR and MO kjhadrala Khangeteri road 0.0 to 3.500,Works,Open Tender,Item Rate,Civil Works,,No,No,"19,00,445",25-Jul-2022 06:00 PM,45,No,Online,,,1,01-Aug-2022 11:00 AM,assessment,Price Bid Opening Date,,"1,876,230",,PWD,2022-2023
ocds-kjhdrl-2022_PWD_62820_1,tender,tender,1,2024-11-08,2022_PWD_62820_1,PW-MDI(P)Tender-NIT- 5712-47 dated 11.07.2022,Construction of Bhiuli to Ropru road Km 0/0 to 2/0,Works,Open Tender,Percentage,Civil Works - Roads,,No,No,"7,25,406",18-Jul-2022 01:00 PM,90,No,Online,,,1,25-Jul-2022 11:30 AM,assessment,Price Bid Opening Date,,"507,783.97",,PWD,2022-2023
ocds-kjhdrl-2022_PWD_62859_1,tender,tender,1,2024-11-08,2022_PWD_62859_1,Harijan Basti Bhanjal Under Bharwain Division.,AR and MO link road Harijan Basti Bhanjal km 000 to 40 SH Providing and laying 80mm thick interlocking paver block between km 0075 to 0090 0290 to 0340 and 0450 to 0525 and CO 900mm dia RCC Hume pipe culvert at RD 0500,Works,Open Tender,Item Rate,Civil Works,,No,No,,19-Jul-2022 02:00 PM,75,No,Online,,,1,26-Jul-2022 11:30 AM,assessment,Price Bid Opening Date,,"511,090",,PWD,2022-2023
ocds-kjhdrl-2022_PWD_62866_5,tender,tender,1,2024-11-08,2022_PWD_62866_5,Sangrah 3970-4000 dated 14.07.2022,C/O Piplighat Bag Baunal road km. 0/00 to 3/00 (SH- P/f Interlocking Paver Block and C/O PCC road side drain from RD. 2/00 to 2/270),Works,Open Tender,Item Rate,Civil Works,,No,No,"19,65,364",21-Jul-2022 05:00 PM,75,No,Online,,,1,29-Jul-2022 10:30 AM,assessment,Price Bid Opening Date,,"1,847,427",,PWD,2022-2023
ocds-kjhdrl-2022_PWD_62941_1,tender,tender,1,2024-11-08,2022_PWD_62941_1,Tender/2022-23- 5584-5633 dated 14.07.2022,C/o link road Harizan Basti Sainwala road Km. 0/0 to 5/0. (SH- P/L Underground pipe 450 mm dia and chamber at RD 0/930 to 1/290 and U-shape drain at RD 1/290 to 1/370) under deposit.,Works,Open Tender,Item Rate,Civil Works - Roads,,No,No,"15,96,290",21-Jul-2022 04:30 PM,75,No,Online,,,1,28-Jul-2022 11:00 AM,assessment,Price Bid Opening Date,,"1,671,902",,PWD,2022-2023
ocds-kjhdrl-2022_PWD_62972_11,tender,tender,1,2024-11-08,2022_PWD_62972_11,PW-RD-GA-Tender/22-5701-5800 dt.27.06.22,RR Damages to Machoti Padd Nallah road Km. 0.0 to 9.00,Works,Open Tender,Item Rate,Civil Works,,No,No,"6,79,902",04-Aug-2022 06:00 PM,45,No,Online,,,1,11-Aug-2022 11:00 AM,assessment,Price Bid Opening Date,,"697,441",,PWD,2022-2023
ocds-kjhdrl-2022_PWD_62972_4,tender,tender,1,2024-11-08,2022_PWD_62972_4,PW-RD-GA-Tender/22-5701-5800 dt.27.06.22,C/O Kakoi Shawli road under,Works,Open Tender,Item Rate,Civil Works - Water Works,,No,No,"25,90,065",04-Aug-2022 06:00 PM,45,No,Online,,,1,11-Aug-2022 11:00 AM,assessment,Price Bid Opening Date,,"2,586,113",,PWD,2022-2023
ocds-kjhdrl-2022_PWD_62977_1,tender,tender,1,2024-11-08,2022_PWD_62977_1,EE Salooni letter No. 5670-5720 dated 08-07-2022,Construction of Link road to village Noozal km 0/0 to 2/550,Works,Open Tender,Percentage,Civil Works,,No,No,"37,22,802",22-Jul-2022 12:00 PM,75,No,Online,,,1,29-Jul-2022 11:30 AM,assessment,Price Bid Opening Date,,"2,605,960.97",,PWD,2022-2023
ocds-kjhdrl-2022_PWD_63063_1,tender,tender,1,2024-11-08,2022_PWD_63063_1,Improvement of road Warehouse Chambaghat,Improvement of Existing Damages road from centre Ware House Office Complex area km0/0 to 0/340,Works,Open Tender,Item Rate,Civil Works,,No,No,"18,54,911",27-Jul-2022 10:00 AM,90,No,Online,,,1,05-Aug-2022 11:00 AM,assessment,Price Bid Opening Date,,"1,669,251",,PWD,2022-2023
ocds-kjhdrl-2022_PWD_63101_1,tender,tender,1,2024-11-08,2022_PWD_63101_1,EE Salooni letter No. 6204-54 dated 16-07-2022,Construction of link road to village Simni-I to Simni-II K.M. 0/0 to 1/0,Works,Open Tender,Percentage,Civil Works,,No,No,"29,75,848",27-Jul-2022 10:00 AM,75,No,Online,,,1,03-Aug-2022 11:30 AM,assessment,Price Bid Opening Date,,"2,083,093.85",,PWD,2022-2023
ocds-kjhdrl-2022_PWD_63112_1,tender,tender,1,2024-11-08,2022_PWD_63112_1,NIT 5648-52 dated 20-07-2022,Estimate for white washing three Building/ blocks (Exterior only) of Govt. Collage Nalagarh (Deposit work ) IInd call,Works,Open Tender,Item Rate,Civil Works,,No,No,"6,58,786",27-Jul-2022 10:00 AM,75,No,Online,,,1,06-Aug-2022 11:30 AM,assessment,Price Bid Opening Date,,"461,150",,PWD,2022-2023
ocds-kjhdrl-2022_PWD_63113_1,tender,tender,1,2024-11-08,2022_PWD_63113_1,NIT No.5648-52 dated 20-07-2022,"Restoration of rain damages on link road from Village Sitalpur to nanowal km 0/0 to 18/400 (SH C/O HPC Culverts at Rd 8/800, 8/980, 9/600, 9/700, 10/150, 10/300,10/500 and 10/650)",Works,Open Tender,Item Rate,Civil Works - Bridges,,No,No,"17,36,064",27-Jul-2022 10:00 AM,75,No,Online,,,1,06-Aug-2022 11:30 AM,assessment,Price Bid Opening Date,,"1,690,085",,PWD,2022-2023
ocds-kjhdrl-2022_PWD_63114_1,tender,tender,1,2024-11-08,2022_PWD_63114_1,NIT No. 5648-52 dated 20-07-2022,A/R M/O to Various road under Nalagarh Sub Division (SH Repair of RCC railing Painting on bridge railing),Works,Open Tender,Item Rate,Civil Works,,No,No,"13,36,652",27-Jul-2022 10:00 AM,75,No,Online,,,1,06-Aug-2022 11:30 AM,assessment,Price Bid Opening Date,,"935,656",,PWD,2022-2023
ocds-kjhdrl-2022_PWD_63124_1,tender,tender,1,2024-11-08,2022_PWD_63124_1,PWF/CB/II-C/TENDER/5188-5220 Dt 12-07-22,Construction of path from house of Daya Krishan to Giradghat village Bassa Km. 0/00 to 0/800,Works,Open Tender,Item Rate,Civil Works,,No,No,"6,20,824",27-Jul-2022 12:00 PM,75,No,Online,,,1,05-Aug-2022 11:00 AM,assessment,Price Bid Opening Date,,"726,221",,PWD,2022-2023
ocds-kjhdrl-2022_PWD_63134_1,tender,tender,1,2024-11-08,2022_PWD_63134_1,PW-NBT/CB/Tender/2022/6303-08 dated 23.07.2022,"C/O Bathoh Jeora Road km o/o to 6/0 (portion in Km 3/00 to 6/0 (SH- C/O R/wall at RD 3/900 to 3/915,C/O 900mm dia RCC Hume pipe Culvert at Rds 3/930 ,4/165,4/645 and 4/750 and P/L G I.in KM 3/0 to 4/500)",Works,Open Tender,Item Rate,Civil Works,,No,No,"34,58,053",28-Jul-2022 10:00 AM,75,No,Online,,,1,05-Aug-2022 11:30 AM,assessment,Price Bid Opening Date,,"2,420,637",,PWD,2022-2023
ocds-kjhdrl-2022_PWD_63138_1,tender,tender,1,2024-11-08,2022_PWD_63138_1,NIT No. 5648-52 dated 20--07-2022,"C/O Link road from Village Pandal to Jokhti Nirali vai Ram Nath Kaushal House to Dev Raj House km 0/0 to 0/600 (SH P/L Gr-I, Gr-II, Gr-III 7 tarring in km 0/500 to 0/700 and Drain various reaches).",Works,Open Tender,Item Rate,Civil Works,,No,No,"9,37,752",27-Jul-2022 02:10 PM,75,No,Online,,,1,06-Aug-2022 11:30 AM,assessment,Price Bid Opening Date,,"718,654",,PWD,2022-2023
ocds-kjhdrl-2022_PWD_63215_1,tender,tender,1,2024-11-08,2022_PWD_63215_1,Job 2 Improvement of black spot at Santokhgarh Pol,Job 2 Improvement of black spot at Santokhgarh Polian Road RD 0-00 to 13-400 Sub Head P.L W-beam crash Barrier at RD. 5-010 to 5-150 LHS and RCC Crash Barrier in RD 5-160 to 5-175 LHS and 5-190 to 5-230 RHS Under Black Spot,Works,Open Tender,Item Rate,Civil Works - Roads,,No,No,"17,34,368",01-Aug-2022 09:00 AM,75,No,Online,,,1,06-Aug-2022 11:00 AM,assessment,Price Bid Opening Date,,"1,494,028",,PWD,2022-2023
ocds-kjhdrl-2022_PWD_63293_1,tender,tender,1,2024-11-08,2022_PWD_63293_1,PW-RD-CB-Tender/22-6057-6156 dt. 29.06.2022,CO link road Kalgaon Teer to Prem Singh House Km. 0.0 to 0.300,Works,Open Tender,Item Rate,Civil Works - Roads,,No,No,"5,90,760",16-Aug-2022 06:00 PM,45,No,Online,,,1,23-Aug-2022 11:00 AM,assessment,Price Bid Opening Date,,"597,736",,PWD,2022-2023
ocds-kjhdrl-2022_PWD_63293_9,tender,tender,1,2024-11-08,2022_PWD_63293_9,PW-RD-CB-Tender/22-6057-6156 dt. 29.06.2022,RR Damages to TKHR road Km. 0.0 to 80.660 (Portion 69.0 to 80.600 ),Works,Open Tender,Item Rate,Civil Works,,No,No,"8,20,914",16-Aug-2022 06:00 PM,45,No,Online,,,1,23-Aug-2022 11:00 AM,assessment,Price Bid Opening Date,,"736,207",,PWD,2022-2023
ocds-kjhdrl-2022_PWD_63315_1,tender,tender,1,2024-11-08,2022_PWD_63315_1,Tender/ 6239-88 dated 28.07.2022,Improvement of black spot on Kolar Bilaspur road km. 0/0 to 12/00. (SH-C/O C.C. R wall and parapet from RD. 10/605 to 10/620).,Works,Open Tender,Item Rate,Civil Works - Roads,,No,No,"12,79,300",05-Aug-2022 04:30 PM,75,No,Online,,,1,12-Aug-2022 11:00 AM,assessment,Price Bid Opening Date,,"1,340,138",,PWD,2022-2023
ocds-kjhdrl-2022_PWD_63333_1,tender,tender,1,2024-11-08,2022_PWD_63333_1,pw-dpd-cb-tender 15075-77,C/O Science lab Govt. Senior secondary school baroti,Works,Open Tender,Item Rate,Civil Works - Buildings,,No,No,"27,35,948",01-Aug-2022 06:00 PM,75,No,Online,,,1,09-Aug-2022 11:00 AM,assessment,Price Bid Opening Date,,"2,803,999",,PWD,2022-2023
ocds-kjhdrl-2022_PWD_63343_1,tender,tender,1,2024-11-08,2022_PWD_63343_1,NIT 5643-47 dated 20-07-2022,C/O link road from Theon Kafleda to Harizan basti Mehala GP Jukhari (ria) km 0/0 to 2/800 (SH F.C in km 0/0 to 2/00 C.D work in km 0/0 to 2/00 P/L Gr-I in km 0/0 to 1/00 unlined drain km 0/0 to 2/00) Under SCCP,Works,Open Tender,Item Rate,Civil Works,,No,No,"24,85,436",01-Aug-2022 06:00 PM,75,No,Online,,,1,12-Aug-2022 11:30 AM,assessment,Price Bid Opening Date,,"1,739,805.2",,PWD,2022-2023
ocds-kjhdrl-2022_PWD_63363_1,tender,tender,1,2024-11-08,2022_PWD_63363_1,NIT No. 5643-47 dated 20-07-2022,"C/O road from Kawaj Khad pul to Manlog khad Harizan basti Nisal, Tikkar Harizan basti Chamdhar Tikkar Dharwala Harizan basti Jaghed to Dalchhamb km 0/0 to 7/800 (SH F.C in km 0/0 to 1/500 unlined drain km 0/0 to 1/00) RNS",Works,Open Tender,Item Rate,Civil Works,,No,No,"18,50,921",02-Aug-2022 01:20 PM,75,No,Online,,,1,12-Aug-2022 11:30 AM,assessment,Price Bid Opening Date,,"1,295,644.7",,PWD,2022-2023
ocds-kjhdrl-2022_PWD_63385_9,tender,tender,1,2024-11-08,2022_PWD_63385_9,No.PW.RGH.Tender-2022-23-4970 dt. 2.8.22,"Construction of Habban Dhamoon road via Bagna Km 0/0 to 4/0 (SH Providing and laying WBM G-II in km 0/0 to 2/0, C/o B/wall at RD 1/250 to 1/257 and R/wall at RD 1/510 to 1/517) Under SCSP",Works,Open Tender,Item Rate,Civil Works,,No,No,"14,96,205",03-Aug-2022 03:00 PM,75,No,Online,,,1,10-Aug-2022 11:00 AM,assessment,Price Bid Opening Date,,"1,241,313",,PWD,2022-2023
ocds-kjhdrl-2022_PWD_63390_1,tender,tender,1,2024-11-08,2022_PWD_63390_1,TENDER NOTIC NO 2584-90 DATED 27.7.2022,C.O LINK ROAD RAKKAR SHANTLA ROAD,Works,Open Tender,Item Rate,Civil Works,,No,No,"15,06,765",04-Aug-2022 05:00 PM,30,No,Online,,,1,12-Aug-2022 11:00 AM,assessment,Price Bid Opening Date,,"1,054,736",,PWD,2022-2023
ocds-kjhdrl-2022_PWD_63413_1,tender,tender,1,2024-11-08,2022_PWD_63413_1,EE Nerchowk Letter No 8891-8920 dated 26.07.2022,C/O 82.00 mtr span double lane bridge over Suketi Khad at Lassi Ka Padhar to Sai Bhardwan link road,Works,Open Tender,Percentage,Civil Works,,No,No,"40,68,272",05-Aug-2022 01:30 PM,120,No,Online,,,1,16-Aug-2022 11:30 AM,assessment,Price Bid Opening Date,,"3,661,445",,PWD,2022-2023
ocds-kjhdrl-2022_PWD_63522_1,tender,tender,1,2024-11-08,2022_PWD_63522_1,No.7074-7123 Dated-28.07.20222,Annual Repair and maintenance of Banjar Bathad road kilometer 0-0 to 20-0,Works,Open Tender,Item Rate,Civil Works - Roads,,No,No,"24,11,792",08-Aug-2022 03:00 PM,75,No,Offline,,,1,17-Aug-2022 11:00 AM,assessment,Price Bid Opening Date,,"3,632,861",,PWD,2022-2023
ocds-kjhdrl-2022_PWD_63547_1,tender,tender,1,2024-11-08,2022_PWD_63547_1,No.PW.RGH.Tender-2022-23-5311 dt.6.8.22,"Construction of Mangan to Antu road Km 0/0 to 3/0 (SH Improvement of curve at RD 0/195 to 0/235, ROFD between km. 0/600 to 1/00 and C/O 900mm dia RCC Hume pipe culvert alongwith both side wing walls at RD 0/920, 1/180, 1/350 and 1/650) under MNP",Works,Open Tender,Item Rate,Civil Works - Roads,,No,No,"14,82,289",09-Aug-2022 09:00 AM,75,No,Online,,,1,16-Aug-2022 11:00 AM,assessment,Price Bid Opening Date,,"1,099,190",,PWD,2022-2023
ocds-kjhdrl-2022_PWD_63549_1,tender,tender,1,2024-11-08,2022_PWD_63549_1,NIT No. 6199-203 dated 4-08-2022,A/R M/O Ramshehar Chamdar Luna road km 0/0 to 23/200 (SH C/O road side V-shape drain at 14/900 to 14/940 Interlocking tiles at Rd 19/160 to 19/310).,Works,Open Tender,Item Rate,Civil Works,,No,No,"5,69,120",11-Aug-2022 10:00 AM,75,No,Online,,,1,22-Aug-2022 11:30 AM,assessment,Price Bid Opening Date,,"511,289",,PWD,2022-2023
ocds-kjhdrl-2022_PWD_63571_1,tender,tender,1,2024-11-08,2022_PWD_63571_1,NIT No. 6199-203 dated 4-08-2022,"Link road Jakhol Upper Sunna km 0/0 to 3/500 (SH R.O.F.D in km 1/00 to 1/500, P/L RCC 900mm Dia pipe culvert between km 1/210 to 1/460 unlined drain in km 1/00 to 1/500) IInd call",Works,Open Tender,Item Rate,Civil Works,,No,No,"8,66,929",11-Aug-2022 10:00 AM,75,No,Online,,,1,22-Aug-2022 11:30 AM,assessment,Price Bid Opening Date,,"606,850",,PWD,2022-2023
ocds-kjhdrl-2022_PWD_63573_1,tender,tender,1,2024-11-08,2022_PWD_63573_1,NIT No. 6199-203 dated 4-08-2022,"C/O Metalling tarring soling drains Parapets from Village Harijan basti jandu Chanan, vani, harijan basti Chakli and Harijan basti Panedh km 0/0 to 2/800 (SH F.C in km 0/0 to 2/00, CD work in km 0/0 to 2/00 unlined drain km 0/0 to 2/00) RNS",Works,Open Tender,Item Rate,Civil Works,,No,No,"19,68,258",11-Aug-2022 10:00 AM,75,No,Online,,,1,22-Aug-2022 11:30 AM,assessment,Price Bid Opening Date,,"1,968,258",,PWD,2022-2023
ocds-kjhdrl-2022_PWD_63653_1,tender,tender,1,2024-11-08,2022_PWD_63653_1,7517-7566,Construction of Helipad with approach road to Dhameuli Banjar District Kullu HP kilometre 0-0 to 2-300,Works,Open Tender,Percentage,Civil Works - Roads,,No,No,"33,53,579",12-Aug-2022 01:00 PM,75,No,Offline,,,1,20-Aug-2022 11:00 AM,assessment,Price Bid Opening Date,,"3,429,789",,PWD,2022-2023
ocds-kjhdrl-2022_PWD_63752_1,tender,tender,1,2024-11-08,2022_PWD_63752_1,SD-III-Tender-13511-30dt. 6-8-2022,Special repair to Directorate of Industry at Majitha House Chotta Shimla (SH- Renovation of Directorate office and staff rooms at third floor).,Works,Open Tender,Item Rate,Civil Works - Buildings,,No,No,"74,36,192",16-Aug-2022 06:55 PM,75,No,Online,,,1,23-Aug-2022 11:00 AM,assessment,Price Bid Opening Date,,"5,205,335",,PWD,2022-2023
ocds-kjhdrl-2022_PWD_63846_2,tender,tender,1,2024-11-08,2022_PWD_63846_2,PW-RD-GA-Tender/22-6603-6702 dt.05.07.22,Improvement of black spot on Kansakoti Kutara Dalgaon road Km. 0.0 to 15.0,Works,Open Tender,Item Rate,Civil Works,,No,No,"7,28,033",23-Aug-2022 06:00 PM,45,No,Online,,,1,31-Aug-2022 11:00 AM,assessment,Price Bid Opening Date,,"749,653",,PWD,2022-2023
ocds-kjhdrl-2022_PWD_63847_12,tender,tender,1,2024-11-08,2022_PWD_63847_12,PW-RD-GA-Tender/22-5898-5994 dt. 28.06.2022,AR and MO of Govt . Polytech College Boys Hostal Gangtoli Rohru,Works,Open Tender,Item Rate,Civil Works,,No,No,"7,48,739",25-Aug-2022 06:00 PM,45,No,Online,,,1,01-Sep-2022 11:00 AM,assessment,Price Bid Opening Date,,"990,855",,PWD,2022-2023
ocds-kjhdrl-2022_PWD_63897_1,tender,tender,1,2024-11-08,2022_PWD_63897_1,dshala6621-27,"Construction of School of Computer Science and Engineering in Govt. College Dharamshala, Distt. Kangra H.P. (Deposit work)",Works,Open Tender,Item Rate,Civil Works - Buildings,,No,No,"2,18,15,991",23-Aug-2022 09:00 AM,75,No,Online,,,1,31-Aug-2022 11:30 AM,assessment,Price Bid Opening Date,,"20,079,514",,PWD,2022-2023
ocds-kjhdrl-2022_PWD_63900_1,tender,tender,1,2024-11-08,2022_PWD_63900_1,Job 4 Construction of link road connecting Gurudwa,"Job 4 Construction of link road connecting Gurudwaras i.e. Girgira Sahib, Roti Ram ka Dera, Rangi Ram Ka Dera and Tahli Sahib Under Haroli Constituency Distt. Una km. 0-/0 to 9-/700 Sub Head C./O Link road Girgira Sahib to Rangi Ram Ka Dera for For",Works,Open Tender,Item Rate,Civil Works - Roads,,No,No,"26,43,453",23-Aug-2022 05:00 PM,75,No,Online,,,1,29-Aug-2022 11:00 AM,assessment,Price Bid Opening Date,,"1,850,417.1",,PWD,2022-2023
ocds-kjhdrl-2022_PWD_63911_1,tender,tender,1,2024-11-08,2022_PWD_63911_1,TA/No. 4016-22 dated 08-08-2022,"C/o MCH Block in Regional Hospital Building Una, District Una (HP) (SH- Providing Campus Lighting therein).",Works,Open Tender,Item Rate,Electrical Works,,No,No,"5,26,238",23-Aug-2022 09:00 AM,75,No,Online,,,1,31-Aug-2022 11:30 AM,assessment,Price Bid Opening Date,,"410,990",,PWD,2022-2023
ocds-kjhdrl-2022_PWD_63916_1,tender,tender,1,2024-11-08,2022_PWD_63916_1,TA/No. 4016-22 dated 08-08-2022,"C/o Mini Sectt. Building at Una, Distt. Una (HP) (SH- Providing Campus Lighting therein).",Works,Open Tender,Item Rate,Electrical Works,,No,No,"6,98,932",23-Aug-2022 09:00 AM,75,No,Online,,,1,31-Aug-2022 11:30 AM,assessment,Price Bid Opening Date,,"540,360",,PWD,2022-2023
ocds-kjhdrl-2022_PWD_63923_1,tender,tender,1,2024-11-08,2022_PWD_63923_1,PW-NBT/CB/Tender/2022/7246-49 dated 16.08.2022,"C/o Science Laboratory building at Govt. Sr. Sec. School Ranikotla in Distt. Bilaspur (HP) (SH- C/o Buiding portion, water supply, Sanitary Installation, Septic Tank, Soak pit and Rain Harvesting Tank and Site Development)",Works,Open Tender,Percentage,Civil Works,,No,No,"1,31,90,066",22-Aug-2022 06:00 PM,90,No,Online,,,1,29-Aug-2022 11:30 AM,assessment,Price Bid Opening Date,,"11,343,457",,PWD,2022-2023
ocds-kjhdrl-2022_PWD_64123_1,tender,tender,1,2024-11-08,2022_PWD_64123_1,NAHAN 8096-8125,C/o L/R to Village Devka Pudla from Banog Kheri Road Km 0/0 to 3/705 under SCSP,Works,Open Tender,Item Rate,Civil Works - Roads,,No,No,"29,18,656",26-Aug-2022 05:00 PM,75,No,Online,,,1,03-Sep-2022 11:00 AM,assessment,Price Bid Opening Date,,"2,043,177",,PWD,2022-2023
ocds-kjhdrl-2022_PWD_64498_1,tender,tender,1,2024-11-08,2022_PWD_64498_1,NIT No.11772-11831 DT.30-08-2022-Bhawarna,Construction of AE office cum Residence Building at Thural Distt. Kangra (HP),Works,Open Tender,Item Rate,Civil Works - Buildings,,No,No,"11,95,406",05-Sep-2022 12:30 PM,75,No,Online,,,1,14-Sep-2022 11:30 AM,assessment,Price Bid Opening Date,,"1,720,320",,PWD,2022-2023
ocds-kjhdrl-2022_PWD_64549_1,tender,tender,1,2024-11-08,2022_PWD_64549_1,PW-NBT/CB/Tender/2022/7552-58 dated 20.08.2022,"C/O link road to village Makri to Bariwala km 0/00 to 4/500(SH- C/o R/wall at Rd 0/235 to 0/265, 0/360 to 0/375 and C/o 900 mm dia RCC hume pipe culvert at RDs. 1/298 and 1/508)",Works,Open Tender,Percentage,Civil Works,,No,No,"9,94,349",06-Sep-2022 12:00 PM,90,No,Online,,,1,12-Sep-2022 11:30 AM,assessment,Price Bid Opening Date,,"696,044.3",,PWD,2022-2023
ocds-kjhdrl-2022_PWD_64574_1,tender,tender,1,2024-11-08,2022_PWD_64574_1,NIT No. 7319-23 dated 01-09-2022,Repair of Indoor ward in CHC Hospital at Nalagarh (SH P/F panelled and glazed and concrete work etc).,Works,Open Tender,Item Rate,Civil Works,,No,No,"6,50,313",07-Sep-2022 10:00 AM,75,No,Online,,,1,17-Sep-2022 11:30 AM,assessment,Price Bid Opening Date,,"566,878",,PWD,2022-2023
ocds-kjhdrl-2022_PWD_64597_1,tender,tender,1,2024-11-08,2022_PWD_64597_1,NIT No. 7324-27 dated 1-09-2022,C/O Link road to Village Dhar Mokra km 0/0 to 3/500 (SH F.C in km 1/400 to 2/700).,Works,Open Tender,Item Rate,Civil Works,,No,No,"18,03,750",07-Sep-2022 10:00 AM,75,No,Online,,,1,17-Sep-2022 11:30 AM,assessment,Price Bid Opening Date,,"1,803,750",,PWD,2022-2023
ocds-kjhdrl-2022_PWD_64651_1,tender,tender,1,2024-11-08,2022_PWD_64651_1,PWF/CB/II-C/TENDER/22/7452-92 Dt 05-09-22,Construction of link road from main road to House of Sh.Bachiter Singh Freedom Fighter in village Batrahan km. 0/00 to 0/375,Works,Open Tender,Item Rate,Civil Works,,No,No,"20,55,159",08-Sep-2022 10:00 AM,75,No,Online,,,1,16-Sep-2022 11:00 AM,assessment,Price Bid Opening Date,,"1,438,610",,PWD,2022-2023
ocds-kjhdrl-2022_PWD_64685_1,tender,tender,1,2024-11-08,2022_PWD_64685_1,TENDER NOTICE NO 3748-57 DATED 31.8.2022,CONSTRUCTION OF LIK ROAD FROM NH 503 TO GHARTHERU VIA BABA TILLA IUP TO BAGLI KM 0.0TO 5.550,Works,Open Tender,Item Rate,Civil Works,,No,No,"28,43,992",08-Sep-2022 06:00 PM,30,No,Online,,,1,15-Sep-2022 11:00 AM,assessment,Price Bid Opening Date,,"2,970,952",,PWD,2022-2023
ocds-kjhdrl-2022_PWD_64709_1,tender,tender,1,2024-11-08,2022_PWD_64709_1,Vetrinary Hospital at Dhalot,Repair and maintenance of Vetrinary Hospital at Dhalot,Works,Open Tender,Item Rate,Civil Works - Buildings,,No,No,,09-Sep-2022 09:00 AM,30,No,Online,,,1,15-Sep-2022 11:00 AM,assessment,Price Bid Opening Date,,"647,478.99",,PWD,2022-2023
ocds-kjhdrl-2022_PWD_64736_4,tender,tender,1,2024-11-08,2022_PWD_64736_4,TA-10671-10770 dt-2-9-2022,Restoration of rain damages to P B A T road km. 19/0 to 34/400 (SH-Construction of retaining wall in PCC 1-4-8 at RD 33/930 to 33/946.50),Works,Open Tender,Item Rate,Civil Works - Roads,,No,No,"4,81,105",09-Sep-2022 02:00 PM,90,No,Online,,,1,16-Sep-2022 12:30 PM,assessment,Price Bid Opening Date,,"382,188",,PWD,2022-2023
ocds-kjhdrl-2022_PWD_64836_1,tender,tender,1,2024-11-08,2022_PWD_64836_1,NIT No. 7476-80 dated 3-09-2022,"S.K.R.N road to Abedakar Bhawan to Village Guhar Bharamna to Mahadev Jhandu Diggal road to Waha road km 0/0 to 3/00 (SH F.C, CD in km 0/0 to 0/300 Interlocking tiles in km 0/0 to 0/150). IInd call",Works,Open Tender,Item Rate,Civil Works,,No,No,"8,75,082",12-Sep-2022 12:05 PM,75,No,Online,,,1,22-Sep-2022 11:30 AM,assessment,Price Bid Opening Date,,"612,582.42",,PWD,2022-2023
ocds-kjhdrl-2022_PWD_64949_1,tender,tender,1,2024-11-08,2022_PWD_64949_1,Electrical Div.No.I PWD Shimla 3683-88 dt.05.09.,CO Govt. Degree college complex Commerce Block at Solan Distt.Solan H.P. SH Providing E.I. there in CO Govt. Degree college complex Commerce Block at Solan Di,Works,Open Tender,Item Rate,Electrical Works,,No,No,"29,45,447",14-Sep-2022 05:00 PM,90,No,Offline,,,1,21-Sep-2022 11:30 AM,assessment,Price Bid Opening Date,,"2,407,999",,PWD,2022-2023
ocds-kjhdrl-2022_PWD_64957_1,tender,tender,1,2024-11-08,2022_PWD_64957_1,PW-JD/E-Tender/2022-23 -7204-06 DT. 9.9.2022,Construction of link road from Prounthi(Kalonthi) to Jhal km. 0/00 to 1/500.,Works,Open Tender,Item Rate,Civil Works - Roads,,No,No,"53,32,283",14-Sep-2022 04:00 PM,120,No,Online,,,1,21-Sep-2022 11:30 AM,assessment,Price Bid Opening Date,,"5,475,893",,PWD,2022-2023
ocds-kjhdrl-2022_PWD_64978_1,tender,tender,1,2024-11-08,2022_PWD_64978_1,8532-40 A/R and M/O of Salogra Ashwani Khad road,A/R and M/O of Salogra Ashwani Khad road Km0/0 to 7/500,Works,Open Tender,Item Rate,Civil Works,,No,No,,15-Sep-2022 10:00 AM,90,No,Online,,,1,22-Sep-2022 11:00 AM,assessment,Price Bid Opening Date,,"331,234",,PWD,2022-2023
ocds-kjhdrl-2022_PWD_64984_1,tender,tender,1,2024-11-08,2022_PWD_64984_1,PWF/CB/II-C/TENDER/7442-7532 Dt 05-09-22,Construction of link road from Ghaith to Kohlari km. 0/00 to 2/700,Works,Open Tender,Item Rate,Civil Works,,No,No,"18,94,061",15-Sep-2022 10:00 AM,75,No,Online,,,1,22-Sep-2022 11:00 AM,assessment,Price Bid Opening Date,,"1,325,639",,PWD,2022-2023
ocds-kjhdrl-2022_PWD_65075_1,tender,tender,1,2024-11-08,2022_PWD_65075_1,Restoration of rain damages on Una Santoshgarh roa,Job 3 Restoration of rain damages on Una Santoshgarh road RD 0-0 to 14-200. Sub Head C.O U-Shape drain in RD 13-170 to 13-380.,Works,Open Tender,Item Rate,Civil Works - Roads,,No,No,"5,56,182",17-Sep-2022 09:00 AM,75,No,Online,,,1,22-Sep-2022 11:00 AM,assessment,Price Bid Opening Date,,"389,327.4",,PWD,2022-2023
ocds-kjhdrl-2022_PWD_65096_11,tender,tender,1,2024-11-08,2022_PWD_65096_11,PW-KD-E-Tender/2022-23-5558-61 dt 24-8-2022,R/R Damages on Koti Link road in K.M. 0/00 to 1/450,Works,Open Tender,Item Rate,Civil Works - Roads,,No,No,"8,73,579",16-Sep-2022 05:00 PM,90,No,Online,,,1,23-Sep-2022 11:00 AM,assessment,Price Bid Opening Date,,"871,882",,PWD,2022-2023
ocds-kjhdrl-2022_PWD_65096_18,tender,tender,1,2024-11-08,2022_PWD_65096_18,PW-KD-E-Tender/2022-23-5558-61 dt 24-8-2022,R/R Damages on Mail Matlu road at R.D. in K.M. 0/00 to 6/300,Works,Open Tender,Item Rate,Civil Works - Roads,,No,No,"9,50,522",16-Sep-2022 06:30 PM,90,No,Online,,,1,23-Sep-2022 11:00 AM,assessment,Price Bid Opening Date,,"1,000,454",,PWD,2022-2023
ocds-kjhdrl-2022_PWD_65107_1,tender,tender,1,2024-11-08,2022_PWD_65107_1,dshala7925-55,"Improvement / Renovation / Repair and maintenance of Art Gallery building at Dharamshala in Distt. Kangra, H.P. (Deposit work)",Works,Open Tender,Item Rate,Civil Works,,No,No,"9,68,933",19-Sep-2022 09:00 AM,75,No,Online,,,1,27-Sep-2022 11:30 AM,assessment,Price Bid Opening Date,,"917,842",,PWD,2022-2023
ocds-kjhdrl-2022_PWD_65130_2,tender,tender,1,2024-11-08,2022_PWD_65130_2,PWD-Civil Tanda 16,"Special repair to Senior Boys Ho Hostel in Dr R.P. Govt. Medical College at Tanda in Distt Kangra (HP) (SH-Dismantling tile, repair of plaster providing and fixing floor tiles wall tile aluminium work, wooden work, WS and SI etc in toilet of block-A)",Works,Open Tender,Item Rate,Civil Works,,No,No,"26,30,549",19-Sep-2022 01:00 PM,120,No,Online,,,1,30-Sep-2022 11:30 AM,assessment,Price Bid Opening Date,,"1,882,301",,PWD,2022-2023
ocds-kjhdrl-2022_PWD_65140_1,tender,tender,1,2024-11-08,2022_PWD_65140_1,Nit Number 925-55,C/O Ambulance road from Gagret Daulatpur road to Mohalla Bagwal Shere ki,Works,Open Tender,Item Rate,Civil Works - Roads,,No,No,"15,34,424",17-Sep-2022 01:00 PM,75,No,Online,,,1,23-Sep-2022 06:00 PM,assessment,Price Bid Opening Date,,"1,074,097",,PWD,2022-2023
ocds-kjhdrl-2022_PWD_65143_1,tender,tender,1,2024-11-08,2022_PWD_65143_1,C/O Link road Harijan Basti Saloh Beri to Saloh,C/O Link road Harijan Basti Saloh Beri to Saloh in Gram Panchayat Saloh,Works,Open Tender,Item Rate,Civil Works - Roads,,No,No,"26,15,091",17-Sep-2022 03:00 PM,75,No,Online,,,1,23-Sep-2022 06:00 PM,assessment,Price Bid Opening Date,,"1,830,564",,PWD,2022-2023
ocds-kjhdrl-2022_PWD_65185_1,tender,tender,1,2024-11-08,2022_PWD_65185_1,NIT No.12629-88 DT.13-09-2022-Bhawarna,Construction of Link road Henja to Henja via Harizan Basti Km 0/0 to 2/0.,Works,Open Tender,Item Rate,Civil Works - Roads,,No,No,"8,51,188",19-Sep-2022 03:30 PM,75,No,Online,,,1,27-Sep-2022 11:30 AM,assessment,Price Bid Opening Date,,"1,455,450",,PWD,2022-2023
ocds-kjhdrl-2022_PWD_65220_1,tender,tender,1,2024-11-08,2022_PWD_65220_1,10077-10146,Improvement of Siund to Railla road kilometre 0-0 to 19-200.,Works,Open Tender,Item Rate,Civil Works - Roads,,No,No,"8,19,90,058",20-Sep-2022 01:00 PM,75,No,Offline,,,1,27-Sep-2022 11:00 AM,assessment,Price Bid Opening Date,,"85,191,779",,PWD,2022-2023
ocds-kjhdrl-2022_PWD_65258_1,tender,tender,1,2024-11-08,2022_PWD_65258_1,No.PW/BD/CB/TA/-10514-65 Dt.08.09.2022,Annual Repair and maintenance of Banjar Khabal upto Chether road kilometre 0-0 to 7-300,Works,Open Tender,Item Rate,Civil Works - Roads,,No,No,"19,33,064",20-Sep-2022 05:00 PM,75,No,Offline,,,1,27-Sep-2022 11:00 AM,assessment,Price Bid Opening Date,,"2,005,542",,PWD,2022-2023
ocds-kjhdrl-2022_PWD_65265_1,tender,tender,1,2024-11-08,2022_PWD_65265_1,NO.PW/BD/9709-9758 dt.01.09.2022,Construction of link road from Galwahdhar (Plach) to Rambi road Km.0-0 to 6-0,Works,Open Tender,Item Rate,Civil Works - Roads,,No,No,"30,22,292",21-Sep-2022 09:00 AM,75,No,Offline,,,1,27-Sep-2022 11:00 AM,assessment,Price Bid Opening Date,,"3,457,627",,PWD,2022-2023
ocds-kjhdrl-2022_PWD_65333_1,tender,tender,1,2024-11-08,2022_PWD_65333_1,PW/BGN/2022-23-7581-7620 dated 16.09.2022,MT on Link road Olinda to Bohru from km0000 to km 11090 under NABARD RIDF XXVII SH Formation cutting Co Retaining wall CD work CC Pavement PL GSB WMM PL Bituminous concrete Road side Drain Parapets PF Kilometer stone Sign Boards in Km 0000 to 11090,Works,Open Tender,Item Rate,Civil Works - Roads,,No,No,"9,95,54,756",22-Sep-2022 11:00 AM,75,No,Online,,,1,07-Oct-2022 11:00 AM,assessment,Price Bid Opening Date,,"79,597,968",,PWD,2022-2023
ocds-kjhdrl-2022_PWD_65352_1,tender,tender,1,2024-11-08,2022_PWD_65352_1,NIT No.12915-74 DT.16-09-2022-Bhawarna,Construction of Veterinary Dispensary at Mundhi District Kangra (HP),Works,Open Tender,Item Rate,Civil Works - Buildings,,No,No,"12,21,700",22-Sep-2022 12:30 PM,75,No,Online,,,1,29-Sep-2022 11:30 AM,assessment,Price Bid Opening Date,,"1,552,506",,PWD,2022-2023
ocds-kjhdrl-2022_PWD_65402_1,tender,tender,1,2024-11-08,2022_PWD_65402_1,NIT No 8081-84 dated 15-09-2022,"Repair of primary health sub centre building at Dharmpur Tehsil baddi Distt. Solan HP (SH C/O Boundary wall, gate Backside B/wall,80mm tiles in in premises of building).",Works,Open Tender,Item Rate,Civil Works,,No,No,"7,12,206",22-Sep-2022 05:35 PM,90,No,Online,,,1,30-Sep-2022 11:30 AM,assessment,Price Bid Opening Date,,"573,662",,PWD,2022-2023
ocds-kjhdrl-2022_PWD_65405_1,tender,tender,1,2024-11-08,2022_PWD_65405_1,PW-BLP1-CBeproc/22-8390-8445 dt 3.8.22,Construction of link road NH-154 to Upper sungal.,Works,Open Tender,Item Rate,Civil Works - Roads,,No,No,"36,58,528",22-Sep-2022 06:20 PM,120,No,Online,,,1,28-Sep-2022 11:00 AM,assessment,Price Bid Opening Date,,"3,809,466",,PWD,2022-2023
ocds-kjhdrl-2022_PWD_65407_1,tender,tender,1,2024-11-08,2022_PWD_65407_1,NIT No. 8081-84 dated 15-09-2022,A/R M/O to HPPWD Rest House at Nalagarh (SH Repair of furniture i.e replacement) 2nd call,Works,Open Tender,Item Rate,Civil Works,,No,No,"6,33,967",22-Sep-2022 06:25 PM,75,No,Online,,,1,30-Sep-2022 11:30 AM,assessment,Price Bid Opening Date,,"570,213",,PWD,2022-2023
ocds-kjhdrl-2022_PWD_65421_1,tender,tender,1,2024-11-08,2022_PWD_65421_1,NIT No 8081-84 dated 15-09-2022,"A/R M/O SKRN road km 60/500 to 82/00 (SH P/L Gr-II, 50 mm DG BM, 25 mm thick B.C in km 61/500 to 64/00 66/00 to 82/00",Works,Open Tender,Item Rate,Civil Works,,No,No,"19,07,591",23-Sep-2022 09:00 AM,75,No,Online,,,1,30-Sep-2022 11:30 AM,assessment,Price Bid Opening Date,,"1,418,807",,PWD,2022-2023
ocds-kjhdrl-2022_PWD_65456_1,tender,tender,1,2024-11-08,2022_PWD_65456_1,NIT No. 8081-84 dated 15-09-2022,"R/O rain damages on Ramshehar Sunna Nerli road km 0/0 to 25/075 (SH C/O R/wall at RD 17/00 to 17/022, B/wall at RD 20/820 to 20/827 22/550 to 22/557).",Works,Open Tender,Item Rate,Civil Works,,No,No,"2,75,563",23-Sep-2022 03:25 PM,75,No,Online,,,1,30-Sep-2022 11:30 AM,assessment,Price Bid Opening Date,,"244,121",,PWD,2022-2023
ocds-kjhdrl-2022_PWD_65493_1,tender,tender,1,2024-11-08,2022_PWD_65493_1,PW-KMS-AB-NIT/2022-23-9092-94 dt 21.09.2022,C/O Balance work of M/T on link road from Kotgarh to Barail Km 0/000 to 1/650 under NABARD RIDF XXV,Works,Open Tender,Item Rate,Civil Works - Roads,,No,No,"1,10,30,320",28-Sep-2022 05:00 PM,90,No,Online,,,1,07-Oct-2022 11:00 AM,assessment,Price Bid Opening Date,,"11,317,749",,PWD,2022-2023
ocds-kjhdrl-2022_PWD_65496_1,tender,tender,1,2024-11-08,2022_PWD_65496_1,NAHAN 9156-85,R/R Damages to Nahan Dadahu Haripurdhar Road Km 9/0 to 36/0,Works,Open Tender,Item Rate,Civil Works - Roads,,No,No,"19,99,015",24-Sep-2022 05:00 PM,75,No,Online,,,1,03-Oct-2022 11:00 AM,assessment,Price Bid Opening Date,,"2,096,085",,PWD,2022-2023
ocds-kjhdrl-2022_PWD_65632_3,tender,tender,1,2024-11-08,2022_PWD_65632_3,tender/2022-23-8876-8925 dated 21.09.2022,Construction of link road from Laa Devi Temple to Giri Basti Rajban Km. 0/0 to 1/450. (SH- Providing and laying wet mix mettaling and tarring in Km. 0/850 to 1/450) Under MNP.,Works,Open Tender,Item Rate,Civil Works - Roads,,No,No,"11,51,817",27-Sep-2022 04:30 PM,75,No,Online,,,1,04-Oct-2022 11:00 AM,assessment,Price Bid Opening Date,,"1,198,890",,PWD,2022-2023
ocds-kjhdrl-2022_PWD_65649_4,tender,tender,1,2024-11-08,2022_PWD_65649_4,THD/CB/Tender/2022-8390-8409,Restortion of rain damages on Chailla Mohari Narkanda road km 0.00 to 22.00,Works,Open Tender,Item Rate,Civil Works - Roads,,No,No,"12,17,242",28-Sep-2022 05:00 PM,60,No,Online,,,1,07-Oct-2022 11:00 AM,assessment,Price Bid Opening Date,,"1,224,430",,PWD,2022-2023
ocds-kjhdrl-2022_PWD_65753_1,tender,tender,1,2024-11-08,2022_PWD_65753_1,PWD-BD-TA-2022-23-11357-406,A/Rand M/OVarious road under HPPWD Sub Division Baijnath,Works,Open Tender,Item Rate,Civil Works - Roads,,No,No,"9,86,749",29-Sep-2022 05:00 PM,90,No,Online,,,1,06-Oct-2022 11:30 AM,assessment,Price Bid Opening Date,,"862,350",,PWD,2022-2023
ocds-kjhdrl-2022_PWD_65760_1,tender,tender,1,2024-11-08,2022_PWD_65760_1,PWD-BD-TA-2022-23-11357-406,M/T Gowal Tikker to Maheshgarh road km 0/00 to 3/0,Works,Open Tender,Item Rate,Civil Works - Roads,,No,No,"6,37,086",29-Sep-2022 05:00 PM,90,No,Online,,,1,06-Oct-2022 11:30 AM,assessment,Price Bid Opening Date,,"564,688",,PWD,2022-2023
ocds-kjhdrl-2022_PWD_65774_1,tender,tender,1,2024-11-08,2022_PWD_65774_1,L/R Kailu Di Bar Under Bharwain Divn,Construction of link road Kailu Di Bar to Kalu Di Bar via Bhararbar km 000 to 0500 SH Construction of Retaining wall at RD 2500 to 2520 2635 to 2650 and 2679 to 2700,Works,Open Tender,Item Rate,Civil Works,,No,No,"12,29,403",29-Sep-2022 06:00 PM,75,No,Online,,,1,07-Oct-2022 11:30 AM,assessment,Price Bid Opening Date,,"860,582",,PWD,2022-2023
ocds-kjhdrl-2022_PWD_65849_1,tender,tender,1,2024-11-08,2022_PWD_65849_1,dshala 10366-400,"Upgradation/improvement of Museum at Dharamshala in Distt. Kangra, HP",Works,Open Tender,Item Rate,Civil Works,,No,No,"9,65,701",03-Oct-2022 09:00 AM,75,No,Online,,,1,10-Oct-2022 11:30 AM,assessment,Price Bid Opening Date,,"678,090",,PWD,2022-2023
ocds-kjhdrl-2022_PWD_65906_1,tender,tender,1,2024-11-08,2022_PWD_65906_1,Construction of road from Mahaavtar Kamdhenu,"Construction of road from Mahaavtar Kamdhenu Gaushala Thaplan to Check Dam (SH .P/L GSB, WMM and M/T between Km. 0/0 to 0/350 and construction of R/wall).",Works,Open Tender,Item Rate,Civil Works - Roads,,No,No,"5,99,748",02-Oct-2022 12:00 PM,75,No,Online,,,1,07-Oct-2022 03:30 PM,assessment,Price Bid Opening Date,,"565,328",,PWD,2022-2023
ocds-kjhdrl-2022_PWD_65935_1,tender,tender,1,2024-11-08,2022_PWD_65935_1,Job 6 Construction of link road Umrali Beetan Ga,"Job 6 Construction of link road Umrali Beetan Gahua Tehsil Haroli Distt. Una Km. 0-0 to 1-200 Sub Head C.O Formation cutting, P.L GSB Km. 0-0 to 1-200 and C.O Edge wall RD 0-535 UNDRER OTMNP",Works,Open Tender,Item Rate,Civil Works - Roads,,No,No,"22,66,438",04-Oct-2022 03:00 PM,75,No,Online,,,1,10-Oct-2022 11:00 AM,assessment,Price Bid Opening Date,,"1,586,506.6",,PWD,2022-2023
ocds-kjhdrl-2022_PWD_65939_1,tender,tender,1,2024-11-08,2022_PWD_65939_1,Job 9 A.R and M.O Link road Subowana Baliwal road,"Job 9 A.R and M.O Link road Subowana Baliwal road Km 0-0 to 5-500 Sub Head P.L Embankment, GSB, WMM and BC at RD 0-700 to 0-870 and C-O Retaining wall at RD 0-750 to 0-800",Works,Open Tender,Item Rate,Civil Works - Roads,,No,No,"11,01,171",04-Oct-2022 03:00 PM,75,No,Online,,,1,10-Oct-2022 11:00 AM,assessment,Price Bid Opening Date,,"862,138",,PWD,2022-2023
ocds-kjhdrl-2022_PWD_65941_1,tender,tender,1,2024-11-08,2022_PWD_65941_1,NAHAN 9799-9828,C/o Link Road from Mattar Zero to Mattar School Km 0/0 to 1/660,Works,Open Tender,Item Rate,Civil Works - Roads,,No,No,"29,51,031",03-Oct-2022 05:00 PM,75,No,Online,,,1,10-Oct-2022 11:00 AM,assessment,Price Bid Opening Date,,"2,065,730",,PWD,2022-2023
ocds-kjhdrl-2022_PWD_66135_1,tender,tender,1,2024-11-08,2022_PWD_66135_1,THD/CB/Tender/2022-9098-9113,Restoration of rain damages on Harog Chair Bitudhar road,Works,Open Tender,Item Rate,Civil Works - Roads,,No,No,"24,34,445",07-Oct-2022 05:00 PM,60,No,Online,,,1,14-Oct-2022 11:00 AM,assessment,Price Bid Opening Date,,"2,443,702",,PWD,2022-2023
ocds-kjhdrl-2022_PWD_66154_1,tender,tender,1,2024-11-08,2022_PWD_66154_1,PW-JND-B and R-EA-I-NIT- 17015-39 dt. 03-10-2022,Construction of Canteen Block of Govt. Degree College at Joginder Nagar District Mandi (H.P).,Works,Open Tender,Item Rate,Civil Works - Roads,,No,No,"22,98,827",07-Oct-2022 01:00 PM,90,No,Online,,,1,15-Oct-2022 11:30 AM,assessment,Price Bid Opening Date,,"2,299,719",,PWD,2022-2023
ocds-kjhdrl-2022_PWD_66161_1,tender,tender,1,2024-11-08,2022_PWD_66161_1,T/A No. 5283-5316 dated 29.09.2022,"Replacement of E.I. in HOD room, staff room, Academic Block at Govt. Polytechnic Hamirpur Distt. Hamirpur",Works,Open Tender,Item Rate,Electrical Works,,No,No,"8,78,327",07-Oct-2022 03:00 PM,75,No,Online,,,1,15-Oct-2022 11:30 AM,assessment,Price Bid Opening Date,,"739,840",,PWD,2022-2023
ocds-kjhdrl-2022_PWD_66187_4,tender,tender,1,2024-11-08,2022_PWD_66187_4,NAHAN 10171-10200,C/o Box Cell Bridge on Shambhuwala to Mattar Bhedon Road Km 0/0 to 7/120,Works,Open Tender,Item Rate,Civil Works - Roads,,No,No,"19,74,312",07-Oct-2022 05:00 PM,75,No,Online,,,1,13-Oct-2022 11:00 AM,assessment,Price Bid Opening Date,,"1,382,018",,PWD,2022-2023
ocds-kjhdrl-2022_PWD_66226_2,tender,tender,1,2024-11-08,2022_PWD_66226_2,EE Dehra letter No.8278-82 dt. 29.09.2022,C/o Main road Masroor Chatra Mod to Padharbasi village upto PHC Masroor village in Km 0/00 to 1/00,Works,Open Tender,Item Rate,Civil Works,,No,No,"20,12,740",10-Oct-2022 10:00 AM,75,No,Online,,,1,17-Oct-2022 11:30 AM,assessment,Price Bid Opening Date,,"1,604,590",,PWD,2022-2023
ocds-kjhdrl-2022_PWD_66236_1,tender,tender,1,2024-11-08,2022_PWD_66236_1,Leter Number 8285-89,Letter Number 8285-89,Works,Limited,Item Rate,Civil Works,,No,No,,10-Oct-2022 10:00 AM,75,No,Online,,,1,17-Oct-2022 11:30 AM,assessment,Price Bid Opening Date,,"1,257,749",,PWD,2022-2023
ocds-kjhdrl-2022_PWD_66278_1,tender,tender,1,2024-11-08,2022_PWD_66278_1,9017-21 dated 4-10-2022,Restoration of rain damages on link road to Churangal km 0/0 to 5/500) (SH C/O B/wall at km 5/340 to 5/380),Works,Open Tender,Item Rate,Civil Works,,No,No,"3,01,560",10-Oct-2022 04:30 PM,75,No,Online,,,1,17-Oct-2022 11:30 AM,assessment,Price Bid Opening Date,,"211,092",,PWD,2022-2023
ocds-kjhdrl-2022_PWD_66402_1,tender,tender,1,2024-11-08,2022_PWD_66402_1,9122-26 dated 7-10-2022,"Restoration of rain damages on various roads under Ramshehar Sub Division (Section Sunna) (SH Hiring of JCB for removal of slips, dressing of berms and clearance of drains).",Works,Open Tender,Item Rate,Civil Works,,No,No,"1,50,000",12-Oct-2022 09:50 AM,75,No,Online,,,1,18-Oct-2022 11:30 AM,assessment,Price Bid Opening Date,,"105,000",,PWD,2022-2023
ocds-kjhdrl-2022_PWD_66407_1,tender,tender,1,2024-11-08,2022_PWD_66407_1,NIT No. 9122-26 dated 7-10-2022,"Restoration of rain damages on various roads under Ramshehar Sub Division (Section Ramshehar) SH Hiring of JCB for removal of slips, dressing of berms and clearanceof drains).",Works,Open Tender,Item Rate,Civil Works,,No,No,"1,50,000",12-Oct-2022 11:20 AM,75,No,Online,,,1,18-Oct-2022 11:30 AM,assessment,Price Bid Opening Date,,"105,000",,PWD,2022-2023
ocds-kjhdrl-2022_PWD_66621_3,tender,tender,1,2024-11-08,2022_PWD_66621_3,EE Salooni letter No. 10667-10716 dated 06-10-2022,Construction of link road to Village Jandrera K.M. 0/0 to 0/850,Works,Open Tender,Item Wise,Civil Works,,No,No,"9,51,681",18-Oct-2022 10:00 AM,75,No,Online,,,1,25-Oct-2022 11:30 AM,assessment,Price Bid Opening Date,,"666,177",,PWD,2022-2023
ocds-kjhdrl-2022_PWD_66626_1,tender,tender,1,2024-11-08,2022_PWD_66626_1,PW-SRN-CB-Tender/2022-23-11111 dated 17.10.2022,C/O Dungaghat Kila Klanch road Km 0/0 to 22/0 (SH- C/O 15.00 mtr span cause way at RD 18/300and 6.00 mtr span RCC slab culvert at RD 17/510).,Works,Open Tender,Item Rate,Civil Works - Roads,,No,No,,18-Oct-2022 04:20 PM,90,No,Online,,,1,28-Oct-2022 11:30 AM,assessment,Price Bid Opening Date,,"2,593,064",,PWD,2022-2023
ocds-kjhdrl-2022_PWD_66765_2,tender,tender,1,2024-11-08,2022_PWD_66765_2,PW-RD-CB-Tender/22-13992-14092 dt.12.10.22,C O link road from Kundralu Bawri to HB Shounthru Banoti HB in Km. 0.0 to 4.0,Works,Open Tender,Item Rate,Civil Works,,No,No,"23,45,050",15-Dec-2022 06:00 PM,45,No,Online,,,1,22-Dec-2022 11:00 AM,assessment,Price Bid Opening Date,,"2,345,050",,PWD,2022-2023
ocds-kjhdrl-2022_PWD_66780_1,tender,tender,1,2024-11-08,2022_PWD_66780_1,Dshala 13589-620,"Construcution of Additional Accomodation for Chief Engineer (KZ), HPPWD Dharamshala in Distt. Kangra, HP",Works,Open Tender,Item Rate,Civil Works - Buildings,,No,No,"4,06,81,517",22-Dec-2022 09:00 AM,75,No,Online,,,1,03-Jan-2023 11:30 AM,assessment,Price Bid Opening Date,,"37,845,391",,PWD,2022-2023
ocds-kjhdrl-2022_PWD_66811_1,tender,tender,1,2024-11-08,2022_PWD_66811_1,PW-SP-SSL/2022-23/1432-33 dt 16-12-2022,Supply of SSL with Snow Blower and Snow Blade attachment during the year 2022-23,Goods,Open Tender,Item Rate,Machineries,,No,No,,19-Dec-2022 03:00 PM,180,No,Online,,,1,10-Jan-2023 03:30 PM,assessment,Price Bid Opening Date,,"20,414,000",,PWD,2022-2023
ocds-kjhdrl-2022_PWD_66883_1,tender,tender,1,2024-11-08,2022_PWD_66883_1,SE Dalhousie Letter No. 11021-40 dated 12-12-2022,Construction of Chhatrari Ghura via Marour road Km 0/0 to 7/650 in District Chamba,Works,Open Tender,Item Wise,Civil Works,,No,No,"9,31,73,643",22-Dec-2022 04:10 PM,75,No,Online,,,1,06-Jan-2023 11:30 AM,assessment,Price Bid Opening Date,,"78,954,182",,PWD,2022-2023
ocds-kjhdrl-2022_PWD_66930_1,tender,tender,1,2024-11-08,2022_PWD_66930_1,PW-TDD-GA-NIT-2022-23-14411-65 DT. 09-12-2022,Balance work of construction of Link road Thana Tikkar to Jattan di dhar via Chamarara km 00 to 5130 ic One No Bridge at RD 3190,Works,Open Tender,Item Rate,Civil Works - Roads,,No,No,"2,65,07,537",28-Dec-2022 10:00 AM,75,No,Online,,,1,05-Jan-2023 11:30 AM,assessment,Price Bid Opening Date,,"32,080,626",,PWD,2022-2023
ocds-kjhdrl-2022_PWD_66993_1,tender,tender,1,2024-11-08,2022_PWD_66993_1,NIT No.16787-16846 DT.20-12-2022-Bhawarna,Providing and laying Annual Surfacing (Periodic Maintenance) on Dhaniara to Har Balakrupi road in Km 6/0 to 7/0 under performance based Financial Incentive 2022-23 (during the year 2023-24) of PMGSY roads in the state of HP,Works,Open Tender,Item Rate,Civil Works - Roads,,No,No,"15,24,192",30-Dec-2022 02:00 PM,75,No,Online,,,1,11-Jan-2023 11:30 AM,assessment,Price Bid Opening Date,,"1,624,050",,PWD,2022-2023
ocds-kjhdrl-2022_SIDC_62653_1,tender,tender,1,2024-11-08,2022_SIDC_62653_1,Job No. 1,"Construction of office building for Sub-office Employment Exchange Rajgarh, Distt. Sirmour (HP). (SH- Building work, site development and demolition work).",Works,Open Tender,Item Rate,Civil Works,,No,No,"57,93,962",14-Jul-2022 11:00 AM,120,No,Online,,,1,22-Jul-2022 11:00 AM,assessment,Price Bid Opening Date,,"7,155,497",,HP SIDC Limited,2022-2023
ocds-kjhdrl-2022_SIDC_62723_1,tender,tender,1,2024-11-08,2022_SIDC_62723_1,Job No. 8,Construction of road/ pucca path from Suketi road to Alencure Industries at Kala Amb Distt. Sirmour (HP).,Works,Open Tender,Item Rate,Civil Works,,No,No,"25,50,104",14-Jul-2022 11:00 AM,120,No,Online,,,1,22-Jul-2022 11:00 AM,assessment,Price Bid Opening Date,,"1,653,000",,HP SIDC Limited,2022-2023
ocds-kjhdrl-2022_SIDC_65234_1,tender,tender,1,2024-11-08,2022_SIDC_65234_1,job No. 2,"Construction of road, road side drain from Trilokpur road to M/S Pritam Electricals, at I.A. Kala-Amb Distt. Sirmour (HP).",Works,Open Tender,Item Rate,Civil Works - Roads,,No,No,"79,14,223",21-Sep-2022 11:00 AM,120,No,Online,,,1,28-Sep-2022 11:00 AM,assessment,Price Bid Opening Date,,"5,933,870",,HP SIDC Limited,2022-2023
ocds-kjhdrl-2022_UDDHP_58002_1,tender,tender,1,2024-11-08,2022_UDDHP_58002_1,MCK/TEND/22/797-98/07,Constructions of storm water drain near press club ward no. 9 of Kullu Town.,Works,Open Tender,Item Rate,Civil Works,,No,No,"8,42,000",15-Mar-2022 01:45 PM,180,No,Online,,,1,31-Mar-2022 04:30 PM,assessment,Price Bid Opening Date,,"836,685",,Directorate of Urban Development,2021-2022
ocds-kjhdrl-2022_UDDHP_60213_1,tender,tender,1,2024-11-08,2022_UDDHP_60213_1,Providing and Fixing 60 mm Thick cc interlocking,Providing and Fixing 60 mm Thick cc interlocking Tiles at ward No 06 near the House of DrNaresh Towards the House of ShSuneel Kumar,Works,Open Tender,Item Rate,Civil Works - Roads,,No,No,"9,76,466",02-May-2022 10:00 AM,120,No,Both(Online/Offline),,,1,18-May-2022 03:30 PM,assessment,Price Bid Opening Date,,"683,526.21",,Directorate of Urban Development,2022-2023
ocds-kjhdrl-2022_UDDHP_60222_1,tender,tender,1,2024-11-08,2022_UDDHP_60222_1,Construction of R C C Slab culvert in ward no 04,Construction of R C C Slab culvert in ward no 04 N P Amb near the house of Kalu Master towards the house of Mr Sehru upto Chowk.,Works,Open Tender,Item Rate,Civil Works - Roads,,No,No,"9,53,844",02-May-2022 10:00 AM,120,No,Both(Online/Offline),,,1,18-May-2022 03:30 PM,assessment,Price Bid Opening Date,,"810,971",,Directorate of Urban Development,2022-2023
ocds-kjhdrl-2022_YSPU_59671_1,tender,tender,1,2024-11-08,2022_YSPU_59671_1,UHF/Const.-1/Partfile/2022/-64 dtd 19.04.22,"Renovation of toilets of Communication Centre building of DEE at main campus Nauni, Solan.",Works,Open Tender,Item Rate,Civil Works,,No,No,"8,06,843",19-Apr-2022 05:00 PM,60,No,Offline,,,1,04-May-2022 11:10 AM,assessment,Price Bid Opening Date,,"925,922",,Dr. Yashwant Singh Parmar University of Horticulture and Forestry,2022-2023
ocds-kjhdrl-2022_YSPU_59916_1,tender,tender,1,2024-11-08,2022_YSPU_59916_1,UHF/Const.-1/Pt/2022/117 dtd 25.04.22,"Construction of Prefabricated Food Processing Unit at KVK Tabo Distt. Lahaul and Spiti on Turn key basis (SH- BP, WS and EI).",Works,Open Tender,Item Rate,Civil Works,,No,No,0.0,26-Apr-2022 05:00 PM,90,No,Offline,,,1,09-May-2022 11:10 AM,assessment,Price Bid Opening Date,,"1,990,000",,Dr. Yashwant Singh Parmar University of Horticulture and Forestry,2022-2023
ocds-kjhdrl-2022_YSPU_62429_1,tender,tender,1,2024-11-08,2022_YSPU_62429_1,UHF/Const.-1/Pt/2022/682/2 dtd 04.07.22,"Up gradation of UG lab in COF at Dr YSP University of Horticulture and Forestry Nauni, Solan.",Works,Open Tender,Item Rate,Civil Works - Others,,No,No,0.0,05-Jul-2022 05:00 PM,60,No,Offline,,,1,19-Jul-2022 11:10 AM,assessment,Price Bid Opening Date,,"1,611,450",,Dr. Yashwant Singh Parmar University of Horticulture and Forestry,2022-2023
ocds-kjhdrl-2022_YSPU_62522_1,tender,tender,1,2024-11-08,2022_YSPU_62522_1,UHF/Const.-1/Pt/2022/715 dtd 07.07.22,"Renovation of Vice- Chancellor Residence at Dr YSP University of Horticulture and Forestry Nauni, Solan (SH - Providing module kitchen with finishing work etc.).",Works,Open Tender,Item Rate,Civil Works - Others,,No,No,"8,39,029",07-Jul-2022 05:00 PM,60,No,Offline,,,1,14-Jul-2022 11:10 AM,assessment,Price Bid Opening Date,,"920,483",,Dr. Yashwant Singh Parmar University of Horticulture and Forestry,2022-2023
ocds-kjhdrl-2022_YSPU_63179_1,tender,tender,1,2024-11-08,2022_YSPU_63179_1,UHF/Const.-1/Pt/2022/1881 dtd 28.07.22,"Minor repair and painting in set no. 1, 3 and 4 Type-V at main campus Nauni, Solan.",Works,Open Tender,Item Rate,Civil Works,,No,No,"5,33,210",28-Jul-2022 05:00 PM,60,No,Offline,,,1,06-Aug-2022 11:10 AM,assessment,Price Bid Opening Date,,"631,627",,Dr. Yashwant Singh Parmar University of Horticulture and Forestry,2022-2023
ocds-kjhdrl-2022_YSPU_63531_1,tender,tender,1,2024-11-08,2022_YSPU_63531_1,UHF/Const.-1/Pt1/2022/1102 dtd 08.08.2022,Renovation of Type- IV Houses set No. 1 to 4 at Main Campus Nauni- Solan (SH- Civil work),Works,Open Tender,Item Rate,Civil Works,,No,No,"10,04,513",08-Aug-2022 05:00 PM,60,No,Offline,,,1,16-Aug-2022 11:10 AM,assessment,Price Bid Opening Date,,"1,880,735",,Dr. Yashwant Singh Parmar University of Horticulture and Forestry,2022-2023
ocds-kjhdrl-2022_YSPU_63963_1,tender,tender,1,2024-11-08,2022_YSPU_63963_1,UHF/Const.-1/Partf1/2022/1329 dtd 23.08.2022,"Construction of Prefabricated Common Incubation Centre at main campus Nauni, Solan (SH- Building Portion)",Works,Open Tender,Lump-sum,Civil Works,,No,No,0.0,23-Aug-2022 05:00 PM,60,No,Offline,,,1,12-Sep-2022 11:10 AM,assessment,Price Bid Opening Date,,"9,412,200",,Dr. Yashwant Singh Parmar University of Horticulture and Forestry,2022-2023
ocds-kjhdrl-2022_YSPU_63968_1,tender,tender,1,2024-11-08,2022_YSPU_63968_1,UHF/Const.-1/Part1/2022/1329 dtd 23.08.2022,"Providing fencing of experimental area of College of Horticulture and Forestry Neri, Distt. Hamirpur",Works,Open Tender,Item Rate,Civil Works,,No,No,"5,45,477",23-Aug-2022 05:00 PM,60,No,Offline,,,1,02-Sep-2022 11:10 AM,assessment,Price Bid Opening Date,,"490,776",,Dr. Yashwant Singh Parmar University of Horticulture and Forestry,2022-2023
ocds-kjhdrl-2022_YSPU_64673_1,tender,tender,1,2024-11-08,2022_YSPU_64673_1,UHF/Const.-1/Partf1/2022/1454 dtd 08.09.2022,"Minor repair and painting in outer surface of Admn. Block at Dr YSP University of Horticulture and Forestry Nauni, Solan.",Works,Open Tender,Item Wise,Civil Works,,No,No,"7,67,287",08-Sep-2022 05:00 PM,60,No,Offline,,,1,15-Sep-2022 11:10 AM,assessment,Price Bid Opening Date,,"1,046,331",,Dr. Yashwant Singh Parmar University of Horticulture and Forestry,2022-2023
ocds-kjhdrl-2022_YSPU_64684_1,tender,tender,1,2024-11-08,2022_YSPU_64684_1,UHF/Const.-1/Partf11/2022/1454 dtd 08.09.2022,"Up gradation of UG Lab in the College of Horticulture at Dr. YSP University of Horticulture and Forestry, Nauni, Solan",Works,Open Tender,Item Rate,Civil Works - Others,,No,No,0.0,08-Sep-2022 05:00 PM,60,No,Offline,,,1,15-Sep-2022 11:10 AM,assessment,Price Bid Opening Date,,"1,047,990",,Dr. Yashwant Singh Parmar University of Horticulture and Forestry,2022-2023
ocds-kjhdrl-2022_YSPU_64791_1,tender,tender,1,2024-11-08,2022_YSPU_64791_1,UHF/Const.-1/Partf11/2022/1480 dtd 09.09.2022,Construction of Nature Interpretation and training centre (NITC)- Cum- laboratory for the Deptt. of Forest Product at Dr YSP University of Horticulture and Forestry Nauni-Solan (SH Only Structure on the top of Apiculture building),Works,Open Tender,Item Rate,Civil Works,,No,No,"11,04,415",09-Sep-2022 06:30 PM,60,No,Offline,,,1,20-Sep-2022 11:10 AM,assessment,Price Bid Opening Date,,"1,013,563",,Dr. Yashwant Singh Parmar University of Horticulture and Forestry,2022-2023
ocds-kjhdrl-2022_YSPU_64945_1,tender,tender,1,2024-11-08,2022_YSPU_64945_1,UHF/Const.-1/Partf/2022/1507 dtd 14.09.2022,Renovation/Repair of Kashav and Madhav Hostel and Repair of Water tank at Dr YSP University of Horticulture and Forestry Nauni-Solan,Works,Open Tender,Item Rate,Civil Works,,No,No,"5,05,438",14-Sep-2022 05:00 PM,60,No,Offline,,,1,22-Sep-2022 11:10 AM,assessment,Price Bid Opening Date,,"458,648",,Dr. Yashwant Singh Parmar University of Horticulture and Forestry,2022-2023
ocds-kjhdrl-2022_YSPU_65243_1,tender,tender,1,2024-11-08,2022_YSPU_65243_1,UHF/Const.-1/Partf/2022/1592 dtd 20.09.2022,"Construction of shed in front of old canteen at main campus Nauni, Solan",Works,Open Tender,Item Rate,Civil Works,,No,No,"7,58,945",20-Sep-2022 05:00 PM,60,No,Offline,,,1,28-Sep-2022 11:10 AM,assessment,Price Bid Opening Date,,"831,296",,Dr. Yashwant Singh Parmar University of Horticulture and Forestry,2022-2023
ocds-kjhdrl-2022_YSPU_66759_1,tender,tender,1,2024-11-08,2022_YSPU_66759_1,UHF/Const.-1/Partf/2022/2242 dtd 09.12.2022,"Repair of Two Nos. poly houses in the Field of the Deptt. Vegetable Science at Dr YSP University of Horticulture and Forestry Nauni, Solan.",Works,Open Tender,Item Rate,Civil Works,,No,No,"6,68,457",09-Dec-2022 05:00 PM,60,No,Offline,,,1,23-Dec-2022 11:10 AM,assessment,Price Bid Opening Date,,"649,729",,Dr. Yashwant Singh Parmar University of Horticulture and Forestry,2022-2023
ocds-kjhdrl-2022_YSPU_66760_1,tender,tender,1,2024-11-08,2022_YSPU_66760_1,UHF/Const.-1/Partf1/2022/2242 dtd 09.12.2022,"Construction of New Entrance Gate in Hill Architecture at Dr YSP University of Horticulture and Forestry Nauni, Solan (SH- Providing Elect. Instt).",Works,Open Tender,Item Rate,Electrical Works,,No,No,"6,49,555",09-Dec-2022 05:00 PM,60,No,Offline,,,1,23-Dec-2022 11:10 AM,assessment,Price Bid Opening Date,,"669,665",,Dr. Yashwant Singh Parmar University of Horticulture and Forestry,2022-2023
ocds-kjhdrl-2022_YSPU_66761_1,tender,tender,1,2024-11-08,2022_YSPU_66761_1,UHF/Const.-1/Partf2/2022/2242 dtd 09.12.2022,Refurbishment of Existing lecture hall into two smart class rooms for the Deptt. MBA at Dr YSP University of Horticulture and Forestry Nauni-Solan.,Works,Open Tender,Item Rate,Civil Works,,No,No,"8,45,967",09-Dec-2022 05:00 PM,60,No,Offline,,,1,23-Dec-2022 11:10 AM,assessment,Price Bid Opening Date,,"825,101",,Dr. Yashwant Singh Parmar University of Horticulture and Forestry,2022-2023
ocds-kjhdrl-2022_YSPU_66762_1,tender,tender,1,2024-11-08,2022_YSPU_66762_1,UHF/Const.-1/Partf3/2022/2242 dtd 09.12.2022,"Renovation/ addition to the Existing Canteen at College of Horticulture and Forestry Neri, Distt. Hamirpur(SH-Civil work)",Works,Open Tender,Item Rate,Civil Works,,No,No,"20,14,362",09-Dec-2022 05:00 PM,60,No,Offline,,,1,24-Dec-2022 11:10 AM,assessment,Price Bid Opening Date,,"1,989,619",,Dr. Yashwant Singh Parmar University of Horticulture and Forestry,2022-2023
ocds-kjhdrl-2022_YSPU_66763_1,tender,tender,1,2024-11-08,2022_YSPU_66763_1,UHF/Const.-1/Partf4/2022/2242 dtd 09.12.2022,"Construction of Shade net house and Automated mist chamber at RHR-TS Jachh, Distt. Kangra (H.P)",Works,Open Tender,Item Rate,Civil Works,,No,No,"12,67,995",09-Dec-2022 05:00 PM,60,No,Offline,,,1,24-Dec-2022 11:10 AM,assessment,Price Bid Opening Date,,"1,214,525",,Dr. Yashwant Singh Parmar University of Horticulture and Forestry,2022-2023
ocds-kjhdrl-2022_YSPU_66766_1,tender,tender,1,2024-11-08,2022_YSPU_66766_1,UHF/Const.-1/Partf4/2022/2243 dtd 09.12.2022,"Outsourcing operation, running and maintenance of various buildings and Sub-Stations includes HT/LT line and street lights at Dr YSP University of Horticulture and Forestry Nauni, Solan)",Services,Open Tender,Percentage,Manpower Supply,,No,No,"60,19,056",09-Dec-2022 05:00 PM,60,No,Offline,,,1,20-Dec-2022 11:10 AM,assessment,Price Bid Opening Date,,"7,340,239",,Dr. Yashwant Singh Parmar University of Horticulture and Forestry,2022-2023
ocds-kjhdrl-2022_YSPU_66925_1,tender,tender,1,2024-11-08,2022_YSPU_66925_1,UHF/Const.-1/Partf4/2022/2390 dtd 26.12.2022,"Up-gradation of RHWE/Girls Hostel at RHR-TS Seobagh, Distt. Kullu (SH- Civil work)",Works,Open Tender,Item Rate,Civil Works,,No,No,"7,95,407",26-Dec-2022 05:00 PM,60,No,Offline,,,1,06-Jan-2023 11:10 AM,assessment,Price Bid Opening Date,,"1,075,855",,Dr. Yashwant Singh Parmar University of Horticulture and Forestry,2022-2023
ocds-kjhdrl-2022_YSPU_66929_1,tender,tender,1,2024-11-08,2022_YSPU_66929_1,UHF/Const.-1/Partf/2022/2390 dtd 26.12.2022,Construction of Parking place near Administrative Block at Dr. YSP University of Horticulture and Forestry Nauni-Solan (SH- Providing paver etc. ),Works,Open Tender,Item Rate,Civil Works,,No,No,"6,41,179",26-Dec-2022 05:00 PM,60,No,Offline,,,1,06-Jan-2023 11:10 AM,assessment,Price Bid Opening Date,,"886,205",,Dr. Yashwant Singh Parmar University of Horticulture and Forestry,2022-2023
ocds-kjhdrl-2022_YSPU_66994_1,tender,tender,1,2024-11-08,2022_YSPU_66994_1,UHF/Const.-1/Partf/2022/2480 dtd 30.12.2022,Construction of PG Block (Only Ground floor) at College of Horticulture and Forestry Neri- Hamirpur (SH- Providing Electrical Installation).,Works,Open Tender,Item Rate,Electrical Works,,No,No,"17,40,780",30-Dec-2022 05:00 PM,60,No,Offline,,,1,10-Jan-2023 11:10 AM,assessment,Price Bid Opening Date,,"1,354,070",,Dr. Yashwant Singh Parmar University of Horticulture and Forestry,2022-2023
ocds-kjhdrl-2023_BBNDA_70546_1,tender,tender,1,2024-11-08,2023_BBNDA_70546_1,BBNDA-06(PROJECT)NIT/7547-57 DATED 07.03.2023,Improvement of drains in BBN area (Sub Head - Sikka chowk to Unichem chowk and up to Bouni Bhatoli road in Baddi area and Govt. Degree College Nalagarh to Akash Hospital and up to New Nalagarh and Kashmir pur to Joghon in Nalagarh area ),Works,Open Tender,Percentage,Civil Works - Others,,No,No,"45,48,153",13-Mar-2023 05:00 PM,75,No,Online,,,1,25-Mar-2023 11:30 AM,assessment,Price Bid Opening Date,,"3,183,707",,Baddi Barotiwala Nalagarh Development Authority,2022-2023
ocds-kjhdrl-2023_BBNDA_71287_1,tender,tender,1,2024-11-08,2023_BBNDA_71287_1,BBNDA-06(PROJECT)NIT/7721-7731 DATED 16.03.2023,Improvement of road from Unichem Chowk towards BTC via Bhatolikhurd or Mansa Printing.,Works,Open Tender,Percentage,Civil Works - Roads,,No,No,"13,87,992",21-Mar-2023 05:00 PM,75,No,Online,,,1,04-Apr-2023 11:30 AM,assessment,Price Bid Opening Date,,"1,040,994",,Baddi Barotiwala Nalagarh Development Authority,2022-2023
ocds-kjhdrl-2023_BBNDA_71292_1,tender,tender,1,2024-11-08,2023_BBNDA_71292_1,BBNDA-06(PROJECT)NIT/7721-7731 DATED 16.03.2023,Recarpeting of link road Plasra to Nangal upperlla and Kirpalpur via Himalya Distillery.,Works,Open Tender,Percentage,Civil Works - Roads,,No,No,"18,35,277",21-Mar-2023 05:00 PM,75,No,Online,,,1,04-Apr-2023 11:30 AM,assessment,Price Bid Opening Date,,"1,385,267",,Baddi Barotiwala Nalagarh Development Authority,2022-2023
ocds-kjhdrl-2023_BBNDA_71296_1,tender,tender,1,2024-11-08,2023_BBNDA_71296_1,BBNDA-06(PROJECT)NIT/7721-7731 DATED 16.03.2023,"Recarpeting of road Rampur Gujjran to Rampur S.C. Basti Punjab Border, G.P. Gholowal.",Works,Open Tender,Percentage,Civil Works - Roads,,No,No,"20,11,439",21-Mar-2023 05:00 PM,75,No,Online,,,1,04-Apr-2023 11:30 AM,assessment,Price Bid Opening Date,,"1,665,270.35",,Baddi Barotiwala Nalagarh Development Authority,2022-2023
ocds-kjhdrl-2023_BBNDA_71308_1,tender,tender,1,2024-11-08,2023_BBNDA_71308_1,BBNDA-06(PROJECT)NIT/7721-7731 DATED 16.03.2023,"Recarpeting of link road Petrol Pump to village Ranguwal and paver block, drain Village Ranugwal G.P. Rajpura.",Works,Open Tender,Percentage,Civil Works - Roads,,No,No,"19,28,091",21-Mar-2023 05:00 PM,75,No,Online,,,1,04-Apr-2023 11:30 AM,assessment,Price Bid Opening Date,,"1,446,068",,Baddi Barotiwala Nalagarh Development Authority,2022-2023
ocds-kjhdrl-2023_BBNDA_71313_1,tender,tender,1,2024-11-08,2023_BBNDA_71313_1,BBNDA-06(PROJECT)NIT/7721-7731 DATED 16.03.2023,"Balance work of road SC Basti Khera Chak to Kiga factory Nihla Khera GP Khera, I/Tiles in phase -I, II and III New Nalagarh.",Works,Open Tender,Percentage,Civil Works - Roads,,No,No,"63,76,982",21-Mar-2023 05:00 PM,75,No,Online,,,1,04-Apr-2023 11:30 AM,assessment,Price Bid Opening Date,,"4,017,499.29",,Baddi Barotiwala Nalagarh Development Authority,2022-2023
ocds-kjhdrl-2023_BBNDA_71318_1,tender,tender,1,2024-11-08,2023_BBNDA_71318_1,BBNDA-06(PROJECT)NIT/7721-7731 DATED 16.03.2023,Protection work of road from Sidhartha factory to Khokhra near Kesar factory along Khad.,Works,Open Tender,Percentage,Civil Works - Others,,No,No,"13,74,634",21-Mar-2023 05:00 PM,75,No,Online,,,1,04-Apr-2023 11:30 AM,assessment,Price Bid Opening Date,,"948,498.15",,Baddi Barotiwala Nalagarh Development Authority,2022-2023
ocds-kjhdrl-2023_BBNDA_71332_1,tender,tender,1,2024-11-08,2023_BBNDA_71332_1,BBNDA-06(PROJECT)NIT/7721-7731 DATED 16.03.2023,C/O Link Road from Haripur Main Road to Near Bala Ram House Village Upper Tipra GP Surajpur.,Works,Open Tender,Percentage,Civil Works - Roads,,No,No,"23,06,275",21-Mar-2023 05:00 PM,75,No,Online,,,1,04-Apr-2023 11:30 AM,assessment,Price Bid Opening Date,,"1,545,205",,Baddi Barotiwala Nalagarh Development Authority,2022-2023
ocds-kjhdrl-2023_BBNDA_71334_1,tender,tender,1,2024-11-08,2023_BBNDA_71334_1,BBNDA-06(PROJECT)NIT/7721-7731 DATED 16.03.2023,"Improvement of link Road to Timco Steel Company, G.P. Bhatian.",Works,Open Tender,Percentage,Civil Works - Roads,,No,No,"18,40,520",21-Mar-2023 05:00 PM,75,No,Online,,,1,04-Apr-2023 11:30 AM,assessment,Price Bid Opening Date,,"1,527,449.21",,Baddi Barotiwala Nalagarh Development Authority,2022-2023
ocds-kjhdrl-2023_BBNDA_71848_1,tender,tender,1,2024-11-08,2023_BBNDA_71848_1,BBNDA-06(PROJECT)NIT/7880-7890 DATED 28.03.2023,"C/o Additional Slab Culvert on Chakka road near labour chowk, Baddi Distt. Solan (H.P.)",Works,Open Tender,Percentage,Civil Works - Others,,No,No,"22,74,272",03-Apr-2023 05:00 PM,75,No,Online,,,1,18-Apr-2023 11:30 AM,assessment,Price Bid Opening Date,,"1,820,100",,Baddi Barotiwala Nalagarh Development Authority,2022-2023
ocds-kjhdrl-2023_BBNDA_71851_1,tender,tender,1,2024-11-08,2023_BBNDA_71851_1,BBNDA-06(PROJECT)NIT/7880-7890 DATED 28.03.2023,"C/o link road including culvert to Harijan Basti Uperla Reru, GP Reru.",Works,Open Tender,Percentage,Civil Works - Roads,,No,No,"13,82,691",03-Apr-2023 05:00 PM,75,No,Online,,,1,18-Apr-2023 11:30 AM,assessment,Price Bid Opening Date,,"1,437,999",,Baddi Barotiwala Nalagarh Development Authority,2022-2023
ocds-kjhdrl-2023_BBNDA_71852_1,tender,tender,1,2024-11-08,2023_BBNDA_71852_1,BBNDA-06(PROJECT)NIT/7880-7890 DATED 28.03.2023,"Balance work of road near Solid Waste Management to SC Basti Majra, GP Majra.",Works,Open Tender,Percentage,Civil Works - Roads,,No,No,"32,18,549",03-Apr-2023 05:00 PM,75,No,Online,,,1,18-Apr-2023 11:30 AM,assessment,Price Bid Opening Date,,"2,478,283.5",,Baddi Barotiwala Nalagarh Development Authority,2022-2023
ocds-kjhdrl-2023_BBNDA_71854_1,tender,tender,1,2024-11-08,2023_BBNDA_71854_1,BBNDA-06(PROJECT)NIT/7880-7890 DATED 28.03.2023,Tarring and Protection work of Baruna Gwaljakh road to Khokhra road. G.P. Baruna,Works,Open Tender,Percentage,Civil Works - Roads,,No,No,"40,05,522",03-Apr-2023 05:00 PM,75,No,Online,,,1,18-Apr-2023 11:30 AM,assessment,Price Bid Opening Date,,"2,670,482",,Baddi Barotiwala Nalagarh Development Authority,2022-2023
ocds-kjhdrl-2023_BBNDA_71857_1,tender,tender,1,2024-11-08,2023_BBNDA_71857_1,BBNDA-06(PROJECT)NIT/7880-7890 DATED 28.03.2023,"Balance work of near Gaushala Mahadev,Nalagarh.",Works,Open Tender,Item Rate,Civil Works - Others,,No,No,"13,63,876",03-Apr-2023 05:00 PM,75,No,Online,,,1,18-Apr-2023 11:30 AM,assessment,Price Bid Opening Date,,"954,713.2",,Baddi Barotiwala Nalagarh Development Authority,2022-2023
ocds-kjhdrl-2023_BBNDA_71858_1,tender,tender,1,2024-11-08,2023_BBNDA_71858_1,BBNDA-06(PROJECT)NIT/7880-7890 DATED 28.03.2023,Balance work of road from Shamshanghat to Khabdiyan Sandholi.,Works,Open Tender,Percentage,Civil Works - Roads,,No,No,"13,82,847",03-Apr-2023 05:00 PM,75,No,Online,,,1,18-Apr-2023 11:30 AM,assessment,Price Bid Opening Date,,"935,773",,Baddi Barotiwala Nalagarh Development Authority,2022-2023
ocds-kjhdrl-2023_BBNDA_71860_1,tender,tender,1,2024-11-08,2023_BBNDA_71860_1,BBNDA-06(PROJECT)NIT/7880-7890 DATED 28.03.2023,"Deploying of Manpower for cleaning drains, cutting bushes, sweeping of streets and Miscellaneous works in BBNDA Nalagarh area.",Services,Open Tender,Percentage,Manpower Supply,,No,No,"5,00,000",03-Apr-2023 05:00 PM,75,No,Online,,,1,18-Apr-2023 11:30 AM,assessment,Price Bid Opening Date,,"325,000",,Baddi Barotiwala Nalagarh Development Authority,2022-2023
ocds-kjhdrl-2023_BBNDA_73357_1,tender,tender,1,2024-11-08,2023_BBNDA_73357_1,BBNDA-06(PROJECT)NIT/8471-8481 DATED11.05.2023,"A/R and M/O to various roads in BBNDA, Baddi Area.",Works,Open Tender,Item Rate,Civil Works - Roads,,No,No,"22,85,945",17-May-2023 05:00 PM,75,No,Online,,,1,30-May-2023 11:30 AM,assessment,Price Bid Opening Date,,"1,576,002",,Baddi Barotiwala Nalagarh Development Authority,2023-2024
ocds-kjhdrl-2023_BBNDA_73368_1,tender,tender,1,2024-11-08,2023_BBNDA_73368_1,BBNDA-06(PROJECT)NIT/8471-8481 DATED11.05.2023,Balance work of approach road on both sides of Bagwala Berson Bridge.,Works,Open Tender,Item Rate,Civil Works - Roads,,No,No,"31,93,703",17-May-2023 05:00 PM,75,No,Online,,,1,30-May-2023 11:30 AM,assessment,Price Bid Opening Date,,"2,191,096.8",,Baddi Barotiwala Nalagarh Development Authority,2023-2024
ocds-kjhdrl-2023_BBNDA_73389_1,tender,tender,1,2024-11-08,2023_BBNDA_73389_1,BBNDA-06(PROJECT)NIT/8471-8481 DATED11.05.2023,Balance work of road from Beriwala to Meriwala.,Works,Open Tender,Item Rate,Civil Works - Roads,,No,No,"9,24,147",17-May-2023 05:00 PM,75,No,Online,,,1,30-May-2023 11:30 AM,assessment,Price Bid Opening Date,,"666,900",,Baddi Barotiwala Nalagarh Development Authority,2023-2024
ocds-kjhdrl-2023_BBNDA_73395_1,tender,tender,1,2024-11-08,2023_BBNDA_73395_1,BBNDA-06(PROJECT)NIT/8471-8481 DATED11.05.2023,Restoration rain damage link road New Nalagarh to Nikkuwal road.,Works,Open Tender,Item Wise,Civil Works - Roads,,No,No,"18,23,440",17-May-2023 05:00 PM,75,No,Online,,,1,30-May-2023 11:30 AM,assessment,Price Bid Opening Date,,"1,232,300",,Baddi Barotiwala Nalagarh Development Authority,2023-2024
ocds-kjhdrl-2023_BBNDA_73403_1,tender,tender,1,2024-11-08,2023_BBNDA_73403_1,BBNDA-06(PROJECT)NIT/8471-8481 DATED11.05.2023,Balance work of road fromTVS Jhiriwala Bhatian road to via SC Basti Dhundhali GP Bhatian.,Works,Open Tender,Item Rate,Civil Works - Roads,,No,No,"23,89,262",17-May-2023 05:00 PM,75,No,Online,,,1,30-May-2023 11:30 AM,assessment,Price Bid Opening Date,,"1,537,770",,Baddi Barotiwala Nalagarh Development Authority,2023-2024
ocds-kjhdrl-2023_BBNDA_73405_1,tender,tender,1,2024-11-08,2023_BBNDA_73405_1,BBNDA-06(PROJECT)NIT/8471-8481 DATED11.05.2023,Construction of road from Kishanpura Chanal Majra road to Jail at Kishanpura.,Works,Open Tender,Item Rate,Civil Works - Roads,,No,No,"23,11,211",17-May-2023 05:00 PM,75,No,Online,,,1,30-May-2023 11:30 AM,assessment,Price Bid Opening Date,,"1,421,850",,Baddi Barotiwala Nalagarh Development Authority,2023-2024
ocds-kjhdrl-2023_BBNDA_73412_1,tender,tender,1,2024-11-08,2023_BBNDA_73412_1,BBNDA-06(PROJECT)NIT/8471-8481 DATED11.05.2023,C/o Meeting Hall in Office Complex of BBNDA Tehsil Baddi Distt. Solan.,Works,Open Tender,Item Rate,Civil Works - Buildings,,No,No,"22,09,133",17-May-2023 05:00 PM,75,No,Online,,,1,30-May-2023 11:30 AM,assessment,Price Bid Opening Date,,"1,654,069.22",,Baddi Barotiwala Nalagarh Development Authority,2023-2024
ocds-kjhdrl-2023_BSMDA_70299_1,tender,tender,1,2024-11-08,2023_BSMDA_70299_1,HPBSMDA/EE/(2)/2021 Tenders Vol-III,Special repair to HRTC Old Bus Stand at Karsog Distt- Mandi HP,Works,Open Tender,Item Rate,Civil Works,,No,No,"5,35,926",06-Mar-2023 06:00 PM,120,No,Offline,,,1,20-Mar-2023 11:30 AM,assessment,Price Bid Opening Date,,"499,440",,Bus Stands Management and Development Authority,2022-2023
ocds-kjhdrl-2023_BSMDA_70299_2,tender,tender,1,2024-11-08,2023_BSMDA_70299_2,HPBSMDA/EE/(2)/2021 Tenders Vol-III,Special repair to HRTC Bus Stand at Santoshgarh Distt- Una HP,Works,Open Tender,Item Rate,Civil Works,,No,No,"4,66,792",06-Mar-2023 06:00 PM,120,No,Offline,,,1,20-Mar-2023 11:30 AM,assessment,Price Bid Opening Date,,"348,146",,Bus Stands Management and Development Authority,2022-2023
ocds-kjhdrl-2023_BSMDA_70299_3,tender,tender,1,2024-11-08,2023_BSMDA_70299_3,HPBSMDA/EE/(2)/2021 Tenders Vol-III,Special repair to HRTC Bus Stand Sarahan Distt- Sirmour HP,Works,Open Tender,Item Rate,Electrical Works,,No,No,"2,41,610",06-Mar-2023 06:00 PM,120,No,Offline,,,1,20-Mar-2023 11:30 AM,assessment,Price Bid Opening Date,,"242,125",,Bus Stands Management and Development Authority,2022-2023
ocds-kjhdrl-2023_BSMDA_71026_2,tender,tender,1,2024-11-08,2023_BSMDA_71026_2,HPBSMDA/EE/(2)2021Tenders Vol-III,Special repair to HRTC Bus Stand at Dulehar Distt - Una HP,Works,Open Tender,Item Rate,Civil Works,,No,No,"6,39,127",17-Mar-2023 06:00 PM,120,No,Offline,,,1,31-Mar-2023 11:30 AM,assessment,Price Bid Opening Date,,"439,328",,Bus Stands Management and Development Authority,2022-2023
ocds-kjhdrl-2023_BSMDA_71026_3,tender,tender,1,2024-11-08,2023_BSMDA_71026_3,HPBSMDA/EE/(2)2021Tenders Vol-III,Upgradation of HRTC Workshop at Una Distt- Una HP,Works,Open Tender,Item Rate,Civil Works,,No,No,"36,65,815",17-Mar-2023 06:00 PM,120,No,Offline,,,1,31-Mar-2023 11:30 AM,assessment,Price Bid Opening Date,,"3,414,250",,Bus Stands Management and Development Authority,2022-2023
ocds-kjhdrl-2023_BSMDA_72064_1,tender,tender,1,2024-11-08,2023_BSMDA_72064_1,HPBSMDA/EE/(2)2021 Tender Vol-III,Special repair to HRTC Regional Workshop at Taradevi Distt- Shimla HP,Works,Open Tender,Item Rate,Electrical Works,,No,No,"9,76,464",10-Apr-2023 06:00 PM,120,No,Offline,,,1,26-Apr-2023 11:30 AM,assessment,Price Bid Opening Date,,"970,609",,Bus Stands Management and Development Authority,2022-2023
ocds-kjhdrl-2023_BSMDA_72064_3,tender,tender,1,2024-11-08,2023_BSMDA_72064_3,HPBSMDA/EE/(2)2021 Tender Vol-III,"Special repair to HRTC Staff Residence Block B, C and D at Taradevi Shimla Distt- Shimla HP",Works,Open Tender,Item Rate,Electrical Works,,No,No,"6,87,249",10-Apr-2023 06:00 PM,120,No,Offline,,,1,26-Apr-2023 11:30 AM,assessment,Price Bid Opening Date,,"686,955",,Bus Stands Management and Development Authority,2022-2023
ocds-kjhdrl-2023_BSMDA_72064_4,tender,tender,1,2024-11-08,2023_BSMDA_72064_4,HPBSMDA/EE/(2)2021 Tender Vol-III,Special repair to HRTC Workshop at Pathankot Distt- Kangra HP,Works,Open Tender,Item Rate,Electrical Works,,No,No,"13,26,624",10-Apr-2023 06:00 PM,120,No,Offline,,,1,26-Apr-2023 11:30 AM,assessment,Price Bid Opening Date,,"1,071,228",,Bus Stands Management and Development Authority,2022-2023
ocds-kjhdrl-2023_BSMDA_72064_8,tender,tender,1,2024-11-08,2023_BSMDA_72064_8,HPBSMDA/EE/(2)2021 Tender Vol-III,Special repair to HRTC Workshop Barchhwar Sarkaghat Distt- Mandi HP,Works,Open Tender,Item Rate,Electrical Works,,No,No,"8,26,018",10-Apr-2023 06:00 PM,120,No,Offline,,,1,26-Apr-2023 11:30 AM,assessment,Price Bid Opening Date,,"662,531",,Bus Stands Management and Development Authority,2022-2023
ocds-kjhdrl-2023_DAH1_72497_1,tender,tender,1,2024-11-08,2023_DAH1_72497_1,348.0,e-tender for green fodder,Goods,Open Tender,Item Rate,Miscellaneous Goods,,No,No,,27-Apr-2023 11:50 AM,90,No,Offline,,,1,18-May-2023 11:30 AM,assessment,Price Bid Opening Date,,"1,095,600",,Directorate Animal Husbandry,2023-2024
ocds-kjhdrl-2023_DAH1_72500_1,tender,tender,1,2024-11-08,2023_DAH1_72500_1,354.0,e-tender for Wheat Bhussa,Goods,Open Tender,Item Rate,Miscellaneous Goods,,No,No,,27-Apr-2023 12:30 PM,90,No,Offline,,,1,19-May-2023 11:30 AM,assessment,Price Bid Opening Date,,"2,756,000",,Directorate Animal Husbandry,2023-2024
ocds-kjhdrl-2023_DCUNA_69908_1,tender,tender,1,2024-11-08,2023_DCUNA_69908_1,Tender for Electric Golf Cart Vehicles (08 Seater),Tender for Electric Golf Cart Vehicles (08 Seater) at Temple Mata Shri Chintpurni ji,Services,Open Tender,Item Rate,Miscellaneous Services,,No,No,"1,20,000",01-Mar-2023 11:00 AM,75,No,Offline,,,1,23-Mar-2023 03:00 PM,assessment,Price Bid Opening Date,,"98,000",,DEPUTY COMMISSIONER UNA,2022-2023
ocds-kjhdrl-2023_DCUNA_71864_1,tender,tender,1,2024-11-08,2023_DCUNA_71864_1,C/O Waiting Hall at Baba Shri Mai Das Sadan,C/O Waiting Hall at Baba Shri Mai Das Sadan at Chintpurni.,Works,Open Tender,Item Rate,Civil Works - Buildings,,No,No,"18,16,500",10-Apr-2023 10:00 AM,75,No,Offline,,,1,18-Apr-2023 11:00 AM,assessment,Price Bid Opening Date,,"1,689,236.3",,DEPUTY COMMISSIONER UNA,2022-2023
ocds-kjhdrl-2023_DCUNA_72116_1,tender,tender,1,2024-11-08,2023_DCUNA_72116_1,Exterior wall Painting of Baba Shri Mai Dass Sada,Exterior wall Painting of Baba Shri Mai Dass Sadan.,Works,Open Tender,Item Rate,Civil Works - Buildings,,No,No,"5,00,000",11-Apr-2023 12:00 PM,75,No,Offline,,,1,18-Apr-2023 11:30 AM,assessment,Price Bid Opening Date,,"576,833",,DEPUTY COMMISSIONER UNA,2022-2023
ocds-kjhdrl-2023_DFHW_68267_1,tender,tender,1,2024-11-08,2023_DFHW_68267_1,HFW-KGR/C/Sant/2023-25/3119-25,Sanitation services at CH Baijnath,Services,Open Tender,Item Wise,Housekeeping/ Cleaning,,No,No,"15,00,000",08-Feb-2023 09:00 AM,45,No,Both(Online/Offline),,,1,02-Mar-2023 11:00 AM,assessment,Price Bid Opening Date,,"299,381.6",,Department of Health and Family Welfare,2022-2023
ocds-kjhdrl-2023_DFHW_68296_1,tender,tender,1,2024-11-08,2023_DFHW_68296_1,HFW-KGR/C/Sant/2023-25/3119-25,Sanitation Services at CH Dehra,Services,Open Tender,Item Wise,Housekeeping/ Cleaning,,No,No,"15,00,000",08-Feb-2023 10:00 AM,45,No,Both(Online/Offline),,,1,02-Mar-2023 11:00 AM,assessment,Price Bid Opening Date,,"305,282.8",,Department of Health and Family Welfare,2022-2023
ocds-kjhdrl-2023_DFHW_68298_1,tender,tender,1,2024-11-08,2023_DFHW_68298_1,HFW-KGR/C/Sant/2023-25/3119-25,Saniation Services at CH Kangra,Services,Open Tender,Item Wise,Housekeeping/ Cleaning,,No,No,"15,00,000",08-Feb-2023 10:00 AM,45,No,Both(Online/Offline),,,1,02-Mar-2023 11:00 AM,assessment,Price Bid Opening Date,,"310,180.4",,Department of Health and Family Welfare,2022-2023
ocds-kjhdrl-2023_DFHW_68303_1,tender,tender,1,2024-11-08,2023_DFHW_68303_1,HFW-KGR/C/Sant/2023-25/3119-25,Sanitation Services at CH Nurpur,Services,Open Tender,Item Wise,Housekeeping/ Cleaning,,No,No,"15,00,000",08-Feb-2023 10:00 AM,45,No,Both(Online/Offline),,,1,02-Mar-2023 11:00 AM,assessment,Price Bid Opening Date,,"402,887.6",,Department of Health and Family Welfare,2022-2023
ocds-kjhdrl-2023_DFHW_68315_1,tender,tender,1,2024-11-08,2023_DFHW_68315_1,HFW-KGR/C/Sec/2023-25/3141-45,Security Services at CH Kangra,Services,Open Tender,Item Rate,Miscellaneous Services,,No,No,"15,00,000",08-Feb-2023 10:00 AM,45,No,Both(Online/Offline),,,1,02-Mar-2023 11:00 AM,assessment,Price Bid Opening Date,,"203,986.4",,Department of Health and Family Welfare,2022-2023
ocds-kjhdrl-2023_DFHW_68332_1,tender,tender,1,2024-11-08,2023_DFHW_68332_1,HFW-KGR/c/Sec/2023-25/3141-45,Security Services at CH Nurpur,Services,Open Tender,Item Rate,Miscellaneous Services,,No,No,"15,00,000",08-Feb-2023 10:00 AM,45,No,Both(Online/Offline),,,1,02-Mar-2023 11:00 AM,assessment,Price Bid Opening Date,,"203,986.4",,Department of Health and Family Welfare,2022-2023
ocds-kjhdrl-2023_DFHW_68337_1,tender,tender,1,2024-11-08,2023_DFHW_68337_1,HFW-KGR/C/Sec/2023-25/3141-45,Security Services at CH Dehra,Services,Open Tender,Item Rate,Miscellaneous Services,,No,No,"15,00,000",08-Feb-2023 10:00 AM,45,No,Both(Online/Offline),,,1,02-Mar-2023 11:00 AM,assessment,Price Bid Opening Date,,"203,986.4",,Department of Health and Family Welfare,2022-2023
ocds-kjhdrl-2023_DFHW_68344_1,tender,tender,1,2024-11-08,2023_DFHW_68344_1,HFW-KGR/C/Sec/2023-25/3141-45,Security Services at CH Jawalamukhi,Services,Open Tender,Item Rate,Miscellaneous Services,,No,No,"15,00,000",08-Feb-2023 10:00 AM,45,No,Both(Online/Offline),,,1,02-Mar-2023 11:00 AM,assessment,Price Bid Opening Date,,"203,986.4",,Department of Health and Family Welfare,2022-2023
ocds-kjhdrl-2023_DFHW_68347_1,tender,tender,1,2024-11-08,2023_DFHW_68347_1,HFW-KGR/C/Sec/2023-25/3141-45,Security Services at CH Thural,Services,Open Tender,Item Rate,Miscellaneous Services,,No,No,"15,00,000",08-Feb-2023 10:00 AM,45,No,Both(Online/Offline),,,1,02-Mar-2023 11:00 AM,assessment,Price Bid Opening Date,,"203,986.4",,Department of Health and Family Welfare,2022-2023
ocds-kjhdrl-2023_DFHW_69053_1,tender,tender,1,2024-11-08,2023_DFHW_69053_1,HFW-Cba-Sanitation/22-2316-24 dt 15/02/23,Sanitation services at CH Chowari Distt. Chamba HP,Services,Open Tender,Item Rate,Housekeeping/ Cleaning,,No,No,,16-Feb-2023 06:00 PM,90,No,Offline,,,1,13-Mar-2023 02:30 PM,assessment,Price Bid Opening Date,,"2,969,760",,Department of Health and Family Welfare,2022-2023
ocds-kjhdrl-2023_DFHW_69058_1,tender,tender,1,2024-11-08,2023_DFHW_69058_1,HFW-Cba-Sanitation(Dal)-2326 dt15/2/23,Sanitation services at CH Dalhousie Distt. Chamba HP,Services,Open Tender,Item Rate,Housekeeping/ Cleaning,,No,No,,16-Feb-2023 06:00 PM,90,No,Offline,,,1,13-Mar-2023 02:30 PM,assessment,Price Bid Opening Date,,"2,969,760",,Department of Health and Family Welfare,2022-2023
ocds-kjhdrl-2023_DFHW_69071_2,tender,tender,1,2024-11-08,2023_DFHW_69071_2,CH JNR 2896,Cooked Diet Services,Services,Open Tender,Item Rate,Hotel/ Catering,,No,No,"14,50,000",23-Feb-2023 12:40 PM,180,No,Both(Online/Offline),,,1,20-Mar-2023 11:00 AM,assessment,Price Bid Opening Date,,"2,900,000",,Department of Health and Family Welfare,2022-2023
ocds-kjhdrl-2023_DFHW_69234_1,tender,tender,1,2024-11-08,2023_DFHW_69234_1,Sanitation-RH Reckong Peo (KNR),Sanitation services for RH Reckong Peo,Services,Open Tender,Item Rate,Manpower Supply,,No,No,,25-Feb-2023 05:00 PM,180,No,Both(Online/Offline),,,1,23-Mar-2023 03:30 PM,assessment,Price Bid Opening Date,,"309,000",,Department of Health and Family Welfare,2022-2023
ocds-kjhdrl-2023_DFHW_69236_1,tender,tender,1,2024-11-08,2023_DFHW_69236_1,Cooked Diet for RH Reckong Peo (KNR),Cooked Diet for RH Reckong Peo,Services,Open Tender,Item Rate,Miscellaneous Services,,No,No,,25-Feb-2023 05:00 PM,180,No,Both(Online/Offline),,,1,23-Mar-2023 03:00 PM,assessment,Price Bid Opening Date,,"1,817",,Department of Health and Family Welfare,2022-2023
ocds-kjhdrl-2023_DFHW_69333_1,tender,tender,1,2024-11-08,2023_DFHW_69333_1,TBS(DMP)Contg/ Sanitation/2021-III,Sanitation Services,Services,Open Tender,Item Rate,Housekeeping/ Cleaning,,No,No,"40,00,000",22-Feb-2023 12:15 PM,180,No,Both(Online/Offline),,,1,17-Mar-2023 11:00 AM,assessment,Price Bid Opening Date,,"398,184",,Department of Health and Family Welfare,2022-2023
ocds-kjhdrl-2023_DFHW_69368_1,tender,tender,1,2024-11-08,2023_DFHW_69368_1,TBS(DMP)Contg/Diet/2021-III,DIET SERVICES,Services,Open Tender,Item Rate,Hotel/ Catering,,No,No,"12,00,000",22-Feb-2023 12:00 PM,180,No,Both(Online/Offline),,,1,17-Mar-2023 12:00 PM,assessment,Price Bid Opening Date,,"2,297",,Department of Health and Family Welfare,2022-2023
ocds-kjhdrl-2023_DFHW_69387_3,tender,tender,1,2024-11-08,2023_DFHW_69387_3,Sanitation CH SNR-2983,Sanitation Work,Services,Open Tender,Item Rate,Housekeeping/ Cleaning,,No,No,"65,00,000",22-Feb-2023 02:20 PM,180,No,Both(Online/Offline),,,1,17-Mar-2023 11:00 AM,assessment,Price Bid Opening Date,,"13,343,832",,Department of Health and Family Welfare,2022-2023
ocds-kjhdrl-2023_DFHW_69463_1,tender,tender,1,2024-11-08,2023_DFHW_69463_1,sanitation CH Sarkaghat,SanitationServices,Services,Open Tender,Item Rate,Housekeeping/ Cleaning,,No,No,"54,00,000",22-Feb-2023 04:30 PM,180,No,Both(Online/Offline),,,1,17-Mar-2023 11:00 AM,assessment,Price Bid Opening Date,,"10,844,664",,Department of Health and Family Welfare,2022-2023
ocds-kjhdrl-2023_DFHW_69466_1,tender,tender,1,2024-11-08,2023_DFHW_69466_1,HFW/NIT/2023/-Cookeddiet,providing Cooked Diet services at ZH Mandi,Services,Open Tender,Item Rate,Hotel/ Catering,,No,No,"60,00,000",22-Feb-2023 05:15 PM,180,No,Both(Online/Offline),,,1,18-Mar-2023 11:00 AM,assessment,Price Bid Opening Date,,"6,000,000",,Department of Health and Family Welfare,2022-2023
ocds-kjhdrl-2023_DFHW_69469_1,tender,tender,1,2024-11-08,2023_DFHW_69469_1,sanitation CH Balwara,Sanitation Work,Services,Open Tender,Item Rate,Housekeeping/ Cleaning,,No,No,"24,00,000",22-Feb-2023 05:15 PM,180,No,Both(Online/Offline),,,1,17-Mar-2023 11:00 AM,assessment,Price Bid Opening Date,,"5,555,520",,Department of Health and Family Welfare,2022-2023
ocds-kjhdrl-2023_DFHW_69479_1,tender,tender,1,2024-11-08,2023_DFHW_69479_1,sanitation CH Jogindernagar,Sanitation Work,Services,Open Tender,Item Rate,Housekeeping/ Cleaning,,No,No,"48,00,000",22-Feb-2023 05:25 PM,180,No,Both(Online/Offline),,,1,17-Mar-2023 11:00 AM,assessment,Price Bid Opening Date,,"11,805,864",,Department of Health and Family Welfare,2022-2023
ocds-kjhdrl-2023_DFHW_69487_1,tender,tender,1,2024-11-08,2023_DFHW_69487_1,Sanitation CH Karsog - 2980,Sanitation Work,Services,Open Tender,Item Rate,Housekeeping/ Cleaning,,No,No,"20,00,000",22-Feb-2023 05:50 PM,180,No,Both(Online/Offline),,,1,17-Mar-2023 11:00 AM,assessment,Price Bid Opening Date,,"11,317,440",,Department of Health and Family Welfare,2022-2023
ocds-kjhdrl-2023_DFHW_69546_1,tender,tender,1,2024-11-08,2023_DFHW_69546_1,HFW/MGMSC/RMP/Tender/2023- 15473 Dated 23-02-2023,"Providing Security, Services for the Sr. Medical Superintendent MGMSC Khaneri, Shimla-172001",Services,Open Tender,Item Rate,Miscellaneous Services,,No,No,"1,10,00,000",24-Feb-2023 09:00 AM,180,No,Both(Online/Offline),,,1,17-Mar-2023 02:30 PM,assessment,Price Bid Opening Date,,"3,327,712.8",,Department of Health and Family Welfare,2022-2023
ocds-kjhdrl-2023_DFHW_69551_1,tender,tender,1,2024-11-08,2023_DFHW_69551_1,HFW/MGMSC/RMP/Tender/2023- 15471 Dated 23-02-2023,"Providing cooked diet, Services for the Sr. Medical Superintendent MGMSC Khaneri, Shimla-172001",Services,Open Tender,Item Rate,Hotel/ Catering,,No,No,"1,00,00,000",24-Feb-2023 09:00 AM,180,No,Both(Online/Offline),,,1,17-Mar-2023 02:30 PM,assessment,Price Bid Opening Date,,"1,003.5",,Department of Health and Family Welfare,2022-2023
ocds-kjhdrl-2023_DFHW_69567_1,tender,tender,1,2024-11-08,2023_DFHW_69567_1,cooked diet CH Gohar,Cooked Diet Services,Services,Open Tender,Item Rate,Hotel/ Catering,,No,No,"10,00,000",23-Feb-2023 04:00 PM,180,No,Both(Online/Offline),,,1,20-Mar-2023 11:00 AM,assessment,Price Bid Opening Date,,"2,000,000",,Department of Health and Family Welfare,2022-2023
ocds-kjhdrl-2023_DFHW_70021_1,tender,tender,1,2024-11-08,2023_DFHW_70021_1,HFW-CookedDiet/TD/2023-4304,Providing Cooked Diet Services on outsource basis at CH Tauni Devi District Hamirpur HP,Services,Open Tender,Item Rate,Miscellaneous Services,,No,No,,02-Mar-2023 05:00 PM,90,No,Both(Online/Offline),,,1,24-Mar-2023 12:00 PM,assessment,Price Bid Opening Date,,"1,000,000",,Department of Health and Family Welfare,2022-2023
ocds-kjhdrl-2023_DFHW_70024_1,tender,tender,1,2024-11-08,2023_DFHW_70024_1,HFW-CookedDiet/BSR/2023-4305,Providing Cooked Diet Services on outsource basis at CH Barsar District Hamirpur HP,Services,Open Tender,Item Rate,Miscellaneous Services,,No,No,,02-Mar-2023 05:00 PM,90,No,Both(Online/Offline),,,1,24-Mar-2023 12:00 PM,assessment,Price Bid Opening Date,,"2,400,000",,Department of Health and Family Welfare,2022-2023
ocds-kjhdrl-2023_DFHW_70624_1,tender,tender,1,2024-11-08,2023_DFHW_70624_1,MS-RH-UNA-23-24_Washing,Washing tender for RH Una,Services,Open Tender,Item Rate,Housekeeping/ Cleaning,,No,No,"40,00,000",11-Mar-2023 06:00 PM,180,No,Offline,,,1,28-Mar-2023 11:00 AM,assessment,Price Bid Opening Date,,148.14,,Department of Health and Family Welfare,2022-2023
ocds-kjhdrl-2023_DoA_70676_1,tender,tender,1,2024-11-08,2023_DoA_70676_1,No. AGR.CHM.SC (F) (5) -13/Tender 2017-18-1942,Construction of E-Kisaan Bhaavan/Internet Kiosks addition office building,Works,Open Tender,Item Wise,Civil Works - Buildings,,No,No,,13-Mar-2023 05:30 PM,90,No,Offline,,,1,29-Mar-2023 11:30 AM,assessment,Price Bid Opening Date,,"2,043,648",,Director of Agriculture,2022-2023
ocds-kjhdrl-2023_DoA_72368_1,tender,tender,1,2024-11-08,2023_DoA_72368_1,AgrSDSCO/SML/Tender/ Quotation/2020-14,"Proposed Estimate For The Interior Finishing Along With Cupboard, Double Bed and Tables in AEW and at Nalagarh House Shimla-5 HP.",Works,Open Tender,Item Rate,Civil Works,,No,No,"11,73,846",20-Apr-2023 05:00 PM,60,No,Offline,,,1,02-May-2023 11:30 AM,assessment,Price Bid Opening Date,,"1,143,758.44",,Director of Agriculture,2023-2024
ocds-kjhdrl-2023_DoA_73830_1,tender,tender,1,2024-11-08,2023_DoA_73830_1,No.AGR.CHM.SC.(F) (5)-13/TENDER 2017-18,"Remodeling of Agriculture input sale centre and Construction of farmer advisory centre Tissa at Bhanjraru Sub Head Dismantling, civil work, sanitary and water supply Tehsil and District Chamba H.P",Works,Open Tender,Item Rate,Civil Works - Buildings,,No,No,,24-May-2023 05:30 PM,180,No,Offline,,,1,08-Jun-2023 11:30 AM,assessment,Price Bid Opening Date,,"1,823,692",,Director of Agriculture,2023-2024
ocds-kjhdrl-2023_DOTE1_69181_1,tender,tender,1,2024-11-08,2023_DOTE1_69181_1,RGGEC/NGB/STORE/Answer sheets /2023-24,Printing and Supply of Examination Answer sheets,Goods,Open Tender,Item Rate,Stationery,,No,No,"5,50,000",17-Feb-2023 05:30 PM,90,No,Offline,,,1,10-Mar-2023 03:00 PM,assessment,Price Bid Opening Date,,"291,000",,Directorate of Technical Education,2022-2023
ocds-kjhdrl-2023_DRDPR_68031_1,tender,tender,1,2024-11-08,2023_DRDPR_68031_1,Mashu Tilordhar,Construction Panchayat Community Centre Panchayat Ghar in Gram Panchayat Mashu Block Tilodhar Distt Sirmour,Works,Open Tender,Item Rate,Civil Works - Buildings,,No,No,"32,59,656",06-Feb-2023 11:00 AM,75,No,Offline,,,1,20-Feb-2023 12:00 PM,assessment,Price Bid Opening Date,,"2,963,444",,Directorate Rural Development and Panchayati Ra,2022-2023
ocds-kjhdrl-2023_DRDPR_68783_1,tender,tender,1,2024-11-08,2023_DRDPR_68783_1,Theli Chakti Nankhari,Construction Panchayat Community Centre Panchayat Ghar in Gram Panchayat Theli Chakti Block Nankhari Distt Shimla,Works,Open Tender,Item Rate,Civil Works - Buildings,,No,No,"32,59,656",15-Feb-2023 11:00 AM,75,No,Offline,,,1,27-Feb-2023 12:00 PM,assessment,Price Bid Opening Date,,"3,141,214",,Directorate Rural Development and Panchayati Ra,2022-2023
ocds-kjhdrl-2023_DRDPR_68784_1,tender,tender,1,2024-11-08,2023_DRDPR_68784_1,Deed Ghaloot Pacchad,Construction Panchayat Community Centre Panchayat Ghar in Gram Panchayat Deed Ghaloot Block Pachhad Distt Sirmour,Works,Open Tender,Item Rate,Civil Works - Buildings,,No,No,"32,59,656",15-Feb-2023 11:00 AM,75,No,Offline,,,1,27-Feb-2023 12:00 PM,assessment,Price Bid Opening Date,,"3,295,772",,Directorate Rural Development and Panchayati Ra,2022-2023
ocds-kjhdrl-2023_DRDPR_68785_1,tender,tender,1,2024-11-08,2023_DRDPR_68785_1,Banona Pachhad,Construction Panchayat Community Centre Panchayat Ghar in Gram Panchayat Banona Block Pachhad Distt Sirmour,Works,Open Tender,Item Rate,Civil Works - Buildings,,No,No,"32,59,656",15-Feb-2023 11:00 AM,75,No,Offline,,,1,27-Feb-2023 12:00 PM,assessment,Price Bid Opening Date,,"3,296,852",,Directorate Rural Development and Panchayati Ra,2022-2023
ocds-kjhdrl-2023_DRDPR_68786_1,tender,tender,1,2024-11-08,2023_DRDPR_68786_1,Charain Tikker Theog,Construction Panchayat Community Centre Panchayat Ghar in Gram Panchayat Charain Tikker Block Theog Distt Shimla,Works,Open Tender,Item Rate,Civil Works - Buildings,,No,No,"32,59,656",15-Feb-2023 11:00 AM,75,No,Offline,,,1,27-Feb-2023 12:00 PM,assessment,Price Bid Opening Date,,"3,229,815.78",,Directorate Rural Development and Panchayati Ra,2022-2023
ocds-kjhdrl-2023_DRDPR_68789_1,tender,tender,1,2024-11-08,2023_DRDPR_68789_1,Katwadi Bagdath Poanta Sahib,Construction Panchayat Community Centre Panchayat Ghar in Gram Panchayat Katwadi Bagdath Block Poanta Sahib Distt Sirmour,Works,Open Tender,Item Rate,Civil Works - Buildings,,No,No,"32,59,656",15-Feb-2023 11:00 AM,75,No,Offline,,,1,27-Feb-2023 12:00 PM,assessment,Price Bid Opening Date,,"3,000,153",,Directorate Rural Development and Panchayati Ra,2022-2023
ocds-kjhdrl-2023_DRDPR_68790_1,tender,tender,1,2024-11-08,2023_DRDPR_68790_1,Samah Pamta Tilordhar,Construction Panchayat Community Centre Panchayat Ghar in Gram Panchayat Samah Pamta Block Tilodhar Distt Sirmour,Works,Open Tender,Item Rate,Civil Works - Buildings,,No,No,"32,59,656",15-Feb-2023 11:00 AM,75,No,Offline,,,1,27-Feb-2023 12:00 PM,assessment,Price Bid Opening Date,,"3,298,886",,Directorate Rural Development and Panchayati Ra,2022-2023
ocds-kjhdrl-2023_DRDPR_69309_1,tender,tender,1,2024-11-08,2023_DRDPR_69309_1,Chou Bhogar Sangrah,Construction Panchayat Community Centre Panchayat Ghar in Gram Panchayat Chou Bhogar Block Sangrah Distt Sirmour,Works,Open Tender,Item Rate,Civil Works - Buildings,,No,No,"32,59,656",22-Feb-2023 11:00 AM,75,No,Offline,,,1,03-Mar-2023 12:00 PM,assessment,Price Bid Opening Date,,"2,669,862",,Directorate Rural Development and Panchayati Ra,2022-2023
ocds-kjhdrl-2023_DRDPR_69314_1,tender,tender,1,2024-11-08,2023_DRDPR_69314_1,Kotaseri Anni Kullu,Construction Panchayat Community Centre Panchayat Ghar in Gram Panchayat Kotaseri Block AnniDistt Kullu,Works,Open Tender,Item Rate,Civil Works - Buildings,,No,No,"32,59,656",22-Feb-2023 11:00 AM,75,No,Offline,,,1,03-Mar-2023 12:00 PM,assessment,Price Bid Opening Date,,"3,249,548",,Directorate Rural Development and Panchayati Ra,2022-2023
ocds-kjhdrl-2023_DRDPR_69574_1,tender,tender,1,2024-11-08,2023_DRDPR_69574_1,Ratwari Nalagarh,Construction Panchayat Community Centre Panchayat Ghar in Gram Panchayat Ratwadi Block Nalagarh Distt Solan,Works,Open Tender,Item Rate,Civil Works - Buildings,,No,No,"32,59,656",25-Feb-2023 11:00 AM,75,No,Offline,,,1,06-Mar-2023 12:00 PM,assessment,Price Bid Opening Date,,"2,830,445",,Directorate Rural Development and Panchayati Ra,2022-2023
ocds-kjhdrl-2023_DRDPR_70973_1,tender,tender,1,2024-11-08,2023_DRDPR_70973_1,Chillar Nalagarh,Construction Panchayat Community Centre Panchayat Ghar in Gram Panchayat Chillar Block Nalagarh Distt Solan,Works,Open Tender,Item Rate,Civil Works - Buildings,,No,No,"32,59,656",17-Mar-2023 11:00 AM,75,No,Offline,,,1,27-Mar-2023 12:00 PM,assessment,Price Bid Opening Date,,"2,757,193",,Directorate Rural Development and Panchayati Ra,2022-2023
ocds-kjhdrl-2023_FCSCA_72043_1,tender,tender,1,2024-11-08,2023_FCSCA_72043_1,labour tender 2023-25-151-97,Labour Tender,Services,Open Tender,Fixed-rate,Miscellaneous Services,,No,No,,10-Apr-2023 01:00 PM,21,No,Offline,,,1,02-May-2023 03:00 PM,assessment,Price Bid Opening Date,,11.9,,Directorate of Food Civil Supplies and Consumer Affairs,2023-2024
ocds-kjhdrl-2023_FCSCA_72050_1,tender,tender,1,2024-11-08,2023_FCSCA_72050_1,Labour tender 2023-25-198-245,Labour Tender,Services,Open Tender,Fixed-rate,Miscellaneous Services,,No,No,,10-Apr-2023 01:40 PM,21,No,Offline,,,1,02-May-2023 03:00 PM,assessment,Price Bid Opening Date,,10.7,,Directorate of Food Civil Supplies and Consumer Affairs,2023-2024
ocds-kjhdrl-2023_FCSCA_72057_1,tender,tender,1,2024-11-08,2023_FCSCA_72057_1,Labour tender 2023-25-246-92,Labour Tender,Services,Open Tender,Fixed-rate,Miscellaneous Services,,No,No,,10-Apr-2023 02:30 PM,21,No,Offline,,,1,02-May-2023 03:00 PM,assessment,Price Bid Opening Date,,4.75,,Directorate of Food Civil Supplies and Consumer Affairs,2023-2024
ocds-kjhdrl-2023_FCSCA_72061_1,tender,tender,1,2024-11-08,2023_FCSCA_72061_1,Labour tender 2023-25-294-339,Labour Tender,Services,Open Tender,Fixed-rate,Miscellaneous Services,,No,No,,10-Apr-2023 02:45 PM,21,No,Offline,,,1,02-May-2023 03:00 PM,assessment,Price Bid Opening Date,,16.6,,Directorate of Food Civil Supplies and Consumer Affairs,2023-2024
ocds-kjhdrl-2023_FDC_67145_1,tender,tender,1,2024-11-08,2023_FDC_67145_1,4249-70,"Lot No. 08-2023-24 Kinnaur (220 KV Line Tidong) Felling, Conversion, Manual carriage and Local Collection Carriage of Timber and Fuelwood upto Road side depot Akpa and further truck transportation of timber to HSD.",Works,Open Tender,Item Wise,Composite Works,,No,No,"21,34,398",11-Jan-2023 03:30 PM,45,No,Offline,,,1,19-Jan-2023 02:30 PM,assessment,Price Bid Opening Date,,"2,460,821",,HP State Forest Development Corporation,2022-2023
ocds-kjhdrl-2023_FDC_68526_1,tender,tender,1,2024-11-08,2023_FDC_68526_1,FWD/RMP/Wks/ 4609-30 dated 08.02.2023,LOT NO. 01/2023 RAMPUR RESIN EXTRACTION WORK CARRIAGE UPTO ROAD SIDE DEPOTS SERI AND FURTHER TRUCK TRANSPORTATION TO RT FACTORY NAHAN,Works,Open Tender,Item Rate,Composite Works,,No,No,"7,40,186",09-Feb-2023 04:00 PM,30,No,Offline,,,1,17-Feb-2023 02:30 PM,assessment,Price Bid Opening Date,,"1,062,802",,HP State Forest Development Corporation,2022-2023
ocds-kjhdrl-2023_FDC_68552_1,tender,tender,1,2024-11-08,2023_FDC_68552_1,FWD/RMP/Wks/ 4609-30 dated 08.02.2023,LOT NO. 02/2023 RAMPUR RESIN EXTRACTION WORK CARRIAGE UPTO ROAD SIDE DEPOT KHANOTU AND FURTHER TRUCK TRANSPORTATION TO RT FACTORY NAHAN,Works,Open Tender,Item Rate,Composite Works,,No,No,"11,06,390",09-Feb-2023 04:00 PM,30,No,Offline,,,1,17-Feb-2023 02:30 PM,assessment,Price Bid Opening Date,,"1,593,260",,HP State Forest Development Corporation,2022-2023
ocds-kjhdrl-2023_FDC_68558_1,tender,tender,1,2024-11-08,2023_FDC_68558_1,FWD/RMP/Wks/ 4609-30 dated 08.02.2023,LOT NO. 03/2023 RAMPUR RESIN EXTRACTION WORK CARRIAGE UPTO ROAD SIDE DEPOT RATTANPUR AND FURTHER TRUCK TRANSPORTATION TO RT FACTORY NAHAN,Works,Open Tender,Item Rate,Composite Works,,No,No,"3,32,024",09-Feb-2023 04:00 PM,30,No,Offline,,,1,17-Feb-2023 02:30 PM,assessment,Price Bid Opening Date,,"503,034",,HP State Forest Development Corporation,2022-2023
ocds-kjhdrl-2023_FDC_68563_1,tender,tender,1,2024-11-08,2023_FDC_68563_1,FWD/RMP/Wks/ 4609-30 dated 08.02.2023,LOT NO. 04/2023 RAMPUR RESIN EXTRACTION WORK CARRIAGE UPTO ROAD SIDE DEPOT PASHADA AND FURTHER TRUCK TRANSPORTATION TO RT FACTORY NAHAN,Works,Open Tender,Item Rate,Composite Works,,No,No,"6,81,950",09-Feb-2023 04:00 PM,30,No,Offline,,,1,17-Feb-2023 02:30 PM,assessment,Price Bid Opening Date,,"474,589",,HP State Forest Development Corporation,2022-2023
ocds-kjhdrl-2023_FDC_68566_1,tender,tender,1,2024-11-08,2023_FDC_68566_1,FWD/RMP/Wks/ 4609-30 dated 08.02.2023,LOT NO. 01/2023 ANI RESIN EXTRACTION WORK CARRIAGE UPTO ROAD SIDE DEPOT KAZUKHAD AVERI AND FURTHER TRUCK TRANSPORTATION TO RT FACTORY NAHAN,Works,Open Tender,Item Rate,Composite Works,,No,No,"10,52,197",09-Feb-2023 04:00 PM,30,No,Offline,,,1,17-Feb-2023 02:30 PM,assessment,Price Bid Opening Date,,"1,385,836",,HP State Forest Development Corporation,2022-2023
ocds-kjhdrl-2023_FDC_68570_1,tender,tender,1,2024-11-08,2023_FDC_68570_1,FWD/RMP/Wks/ 4609-30 dated 08.02.2023,LOT NO. 02/2023 ANI RESIN EXTRACTION WORK CARRIAGE UPTO ROAD SIDE DEPOT SHAMSHAR AND FURTHER TRUCK TRANSPORTATION TO RT FACTORY NAHAN,Works,Open Tender,Item Rate,Composite Works,,No,No,"7,01,548",09-Feb-2023 04:00 PM,30,No,Offline,,,1,17-Feb-2023 02:30 PM,assessment,Price Bid Opening Date,,"947,379",,HP State Forest Development Corporation,2022-2023
ocds-kjhdrl-2023_FDC_68573_1,tender,tender,1,2024-11-08,2023_FDC_68573_1,FWD/RMP/Wks/ 4609-30 dated 08.02.2023,LOT NO. 03/2023 ANI RESIN EXTRACTION WORK CARRIAGE UPTO ROAD SIDE DEPOT SHAMSHAR AND FURTHER TRUCK TRANSPORTATION TO RT FACTORY NAHAN,Works,Open Tender,Item Rate,Composite Works,,No,No,"8,11,591",09-Feb-2023 04:00 PM,30,No,Offline,,,1,17-Feb-2023 02:30 PM,assessment,Price Bid Opening Date,,"1,152,413",,HP State Forest Development Corporation,2022-2023
ocds-kjhdrl-2023_FDC_68577_1,tender,tender,1,2024-11-08,2023_FDC_68577_1,FWD/RMP/Wks/ 4609-30 dated 08.02.2023,LOT NO. 04/2023 ANI RESIN EXTRACTION WORK CARRIAGE UPTO ROAD SIDE DEPOT NORE AND FURTHER TRUCK TRANSPORTATION TO RT FACTORY NAHAN,Works,Open Tender,Item Rate,Composite Works,,No,No,"3,23,824",09-Feb-2023 04:00 PM,30,No,Offline,,,1,17-Feb-2023 02:30 PM,assessment,Price Bid Opening Date,,"461,584",,HP State Forest Development Corporation,2022-2023
ocds-kjhdrl-2023_FDC_68582_1,tender,tender,1,2024-11-08,2023_FDC_68582_1,FWD/RMP/Wks/ 4609-30 dated 08.02.2023,LOT NO. 05/2023 ANI RESIN EXTRACTION WORK CARRIAGE UPTO ROAD SIDE DEPOT BAGIPUL AND FURTHER TRUCK TRANSPORTATION TO RT FACTORY NAHAN,Works,Open Tender,Item Rate,Composite Works,,No,No,"5,06,668",09-Feb-2023 04:00 PM,30,No,Offline,,,1,17-Feb-2023 02:30 PM,assessment,Price Bid Opening Date,,"739,291",,HP State Forest Development Corporation,2022-2023
ocds-kjhdrl-2023_FDC_68588_1,tender,tender,1,2024-11-08,2023_FDC_68588_1,FWD/RMP/Wks/ 4609-30 dated 08.02.2023,LOT NO. 06/2023 ANI RESIN EXTRACTION WORK CARRIAGE UPTO ROAD SIDE DEPOT CHEBRI SOIDHAR AND FURTHER TRUCK TRANSPORTATION TO RT FACTORY NAHAN,Works,Open Tender,Item Rate,Composite Works,,No,No,"6,26,231",09-Feb-2023 04:00 PM,30,No,Offline,,,1,17-Feb-2023 02:30 PM,assessment,Price Bid Opening Date,,"817,459",,HP State Forest Development Corporation,2022-2023
ocds-kjhdrl-2023_HIMUD_67816_1,tender,tender,1,2024-11-08,2023_HIMUD_67816_1,HIMUDA/DD/CB/W-7/6258-82,Construction of Auditorium building at Rajiv Gandhi Ayurvedic College at Paprola Distt Kangra,Works,Open Tender,Item Rate,Civil Works,,No,No,"4,73,87,660",01-Feb-2023 04:00 PM,60,No,Online,,,1,20-Feb-2023 12:00 PM,assessment,Price Bid Opening Date,,"40,725,683.02",,Himachal Urban Development Authority,2022-2023
ocds-kjhdrl-2023_HIMUD_68304_1,tender,tender,1,2024-11-08,2023_HIMUD_68304_1,HIMUDA PP and E W7 2020 1600-1610 dated 04.02.2023,MODEL CENTRAL JAIL AT KANDA DISTRICT SHIMLA HP,Works,Open Tender,Item Rate,Electrical Works,,No,No,,08-Feb-2023 04:00 PM,120,No,Online,,,1,25-Feb-2023 02:00 PM,assessment,Price Bid Opening Date,,"1,317,175",,Himachal Urban Development Authority,2022-2023
ocds-kjhdrl-2023_HIMUD_68499_1,tender,tender,1,2024-11-08,2023_HIMUD_68499_1,HIMUDA-MD-E-149-2023,Partially Self Financing Scheme at Hamirpur District Hamirpur HP SH Construction of 12 Nos Cat I flats with parking floor including internal and external water supply Sanitary Installation development of site and Construction of 5000 liters,Works,Open Tender,Item Rate,Civil Works,,No,No,"7,51,41,108",09-Feb-2023 04:00 PM,60,No,Online,,,1,17-Feb-2023 11:30 AM,assessment,Price Bid Opening Date,,"61,921,373.53",,Himachal Urban Development Authority,2022-2023
ocds-kjhdrl-2023_HIMUD_69008_1,tender,tender,1,2024-11-08,2023_HIMUD_69008_1,NO HIMUDA SD E TENDER 5605-15 DATED 13.02.2023,Construction of Infrastruture I e 57 Nos Schools building under strengthening component of state RMSA Himachal Pradesh Sub Head Construction of Science Lab Art Craft Culture and Library Room at G.S.S.S Telor Distt Shimla HP Balance Work,Works,Open Tender,Item Rate,Civil Works,,No,No,"22,05,688",15-Feb-2023 06:00 PM,30,No,Online,,,1,22-Feb-2023 02:00 PM,assessment,Price Bid Opening Date,,"2,253,991.55",,Himachal Urban Development Authority,2022-2023
ocds-kjhdrl-2023_HIMUD_69702_1,tender,tender,1,2024-11-08,2023_HIMUD_69702_1,NO HIMUDA SD E TENDER 5814-28 DATED 25.02.2023,Construction of Waiting Area Near Canteen at Jakhoo Temple Shimla,Works,Open Tender,Item Rate,Civil Works,,No,No,"17,39,685",25-Feb-2023 04:00 PM,30,No,Online,,,1,06-Mar-2023 02:00 PM,assessment,Price Bid Opening Date,,"1,458,486.67",,Himachal Urban Development Authority,2022-2023
ocds-kjhdrl-2023_HIMUD_70022_1,tender,tender,1,2024-11-08,2023_HIMUD_70022_1,HIMUDA/EDD/W-7/1682-91,Construction of Police Communication and Technical Service Centre at Manndal Bhangrotu Distt. Mandi,Works,Open Tender,Item Rate,Electrical Works,,No,No,"22,90,247",03-Mar-2023 04:00 PM,60,No,Online,,,1,15-Mar-2023 10:00 AM,assessment,Price Bid Opening Date,,"1,635,350",,Himachal Urban Development Authority,2022-2023
ocds-kjhdrl-2023_HIMUD_70025_1,tender,tender,1,2024-11-08,2023_HIMUD_70025_1,HIMUDA/EDD/W-7/1682-91,Construction Co-operative Bank Building at Luna Pani Distt mandi,Works,Open Tender,Item Rate,Electrical Works,,No,No,"20,11,851",03-Mar-2023 04:00 PM,60,No,Online,,,1,15-Mar-2023 10:00 AM,assessment,Price Bid Opening Date,,"1,438,315",,Himachal Urban Development Authority,2022-2023
ocds-kjhdrl-2023_HIMUD_70037_1,tender,tender,1,2024-11-08,2023_HIMUD_70037_1,HIMUDA/EDD/W-7/1682-91,Construction of Mashroom Development Centre at Sidhpur Tehsil Dharampur Distt Mandi,Works,Open Tender,Item Rate,Electrical Works,,No,No,"6,48,735",03-Mar-2023 04:00 PM,60,No,Online,,,1,15-Mar-2023 10:00 AM,assessment,Price Bid Opening Date,,"464,385",,Himachal Urban Development Authority,2022-2023
ocds-kjhdrl-2023_HIMUD_70543_1,tender,tender,1,2024-11-08,2023_HIMUD_70543_1,HIMUDA/EDD/W-7/-1733-42,Construction of Police Communication and Technical Service Centre at Maandal Bhangrotu Distt. Mandi,Works,Open Tender,Item Rate,Electrical Works,,No,No,"14,84,021",10-Mar-2023 04:00 PM,30,No,Online,,,1,21-Mar-2023 10:00 AM,assessment,Price Bid Opening Date,,"1,061,075",,Himachal Urban Development Authority,2022-2023
ocds-kjhdrl-2023_HIMUD_71105_1,tender,tender,1,2024-11-08,2023_HIMUD_71105_1,HIMUDA/DD/CB/W-7/7124-38,Repair work of 2 Nos Barrack and NGO rest House at Lower complex at PTC Daroh Distt. Kangra HP,Works,Open Tender,Item Rate,Civil Works,,No,No,"24,29,769",18-Mar-2023 04:00 PM,60,No,Online,,,1,28-Mar-2023 12:00 PM,assessment,Price Bid Opening Date,,"1,690,147.24",,Himachal Urban Development Authority,2022-2023
ocds-kjhdrl-2023_HIMUD_71518_1,tender,tender,1,2024-11-08,2023_HIMUD_71518_1,NO HIMUDA SD E TENDER 6262-69 DATED 23.03.2023,Office building of Chief Election Officer block No 38 SDA complex Kasumpti Shimla 171009 under Accessible India Campaign Sugamya Bharat Abhiyan Sub Head Construction of lift hoistway Supply Installation Testing and commissioning of Passenger Lift,Works,Open Tender,Item Rate,Civil Works,,No,No,"68,17,468",23-Mar-2023 06:00 PM,30,No,Online,,,1,06-Apr-2023 02:00 PM,assessment,Price Bid Opening Date,,"6,873,307.6",,Himachal Urban Development Authority,2022-2023
ocds-kjhdrl-2023_HIMUD_71928_1,tender,tender,1,2024-11-08,2023_HIMUD_71928_1,HIMUDA/EDD/W-7/14-23,Construction of Sub-Jail Complex at Ner Chowk Distt. Mandi,Works,Open Tender,Item Rate,Electrical Works,,No,No,"9,07,632",06-Apr-2023 10:00 AM,45,No,Online,,,1,17-Apr-2023 02:00 PM,assessment,Price Bid Opening Date,,"716,860",,Himachal Urban Development Authority,2022-2023
ocds-kjhdrl-2023_HIMUD_71930_1,tender,tender,1,2024-11-08,2023_HIMUD_71930_1,HIMUDA/EDD/W-7/14-23,Construction of 8 Nos. 3 BHK and 8 Nos. 2 BHK Flats with Partially Self Financing Scheme at Dhaundi Distt. Mandi,Works,Open Tender,Item Rate,Electrical Works,,No,No,"54,63,406",06-Apr-2023 10:00 AM,45,No,Online,,,1,17-Apr-2023 02:00 PM,assessment,Price Bid Opening Date,,"3,824,930",,Himachal Urban Development Authority,2022-2023
ocds-kjhdrl-2023_HIMUD_71946_1,tender,tender,1,2024-11-08,2023_HIMUD_71946_1,HIMUDA/EDD/W7/28-38,Construction of Integrated Command and Control Centre for Dharamshala Distt Kangra,Works,Open Tender,Item Rate,Electrical Works,,No,No,"42,86,692",06-Apr-2023 10:00 AM,60,No,Online,,,1,17-Apr-2023 02:00 PM,assessment,Price Bid Opening Date,,"4,280,000",,Himachal Urban Development Authority,2022-2023
ocds-kjhdrl-2023_HIMUD_71951_1,tender,tender,1,2024-11-08,2023_HIMUD_71951_1,HIMUDA/EDD-W7/28-38,Construction of Integrated Command and Control Centre Building for Dharamshala Smart City Ltd. at Dharamshala Distt. kangra H.P.,Works,Open Tender,Item Rate,Electrical Works,,No,No,"59,89,384",06-Apr-2023 10:00 AM,60,No,Online,,,1,17-Apr-2023 02:00 PM,assessment,Price Bid Opening Date,,"4,380,187",,Himachal Urban Development Authority,2022-2023
ocds-kjhdrl-2023_HIMUD_71955_1,tender,tender,1,2024-11-08,2023_HIMUD_71955_1,HIMUDA/EDD/W-7/28-38,Construction of Building Integrated Command and Control Centre at Dharamshala Distt Kangra H.P.,Works,Open Tender,Item Rate,Electrical Works,,No,No,"32,88,440",06-Apr-2023 10:00 AM,60,No,Online,,,1,17-Apr-2023 02:00 PM,assessment,Price Bid Opening Date,,"2,632,260",,Himachal Urban Development Authority,2022-2023
ocds-kjhdrl-2023_HIMUD_71957_1,tender,tender,1,2024-11-08,2023_HIMUD_71957_1,HIMUDA/EDD/W-7/28-38,Construction of Building Integrated Command and Control for Dharamshala Distt. Kangra H.P.,Works,Open Tender,Item Rate,Electrical Works,,No,No,"56,71,042",06-Apr-2023 10:00 AM,60,No,Online,,,1,17-Apr-2023 02:00 PM,assessment,Price Bid Opening Date,,"4,669,610",,Himachal Urban Development Authority,2022-2023
ocds-kjhdrl-2023_HIMUD_71999_1,tender,tender,1,2024-11-08,2023_HIMUD_71999_1,HIMUDA/DD/CB/W-7/95-119,Construction of Pong View residential Colony at Dehra Distt. Kangra HP,Works,Open Tender,Item Rate,Civil Works,,No,No,"6,23,616",06-Apr-2023 04:00 PM,60,No,Online,,,1,17-Apr-2023 12:00 PM,assessment,Price Bid Opening Date,,"509,033.5",,Himachal Urban Development Authority,2022-2023
ocds-kjhdrl-2023_HIMUD_72003_1,tender,tender,1,2024-11-08,2023_HIMUD_72003_1,HIMUDA/DD/CB/W-7/95-119,Construction of Pong View residential Colony at Dehra Distt. Kangra HP,Works,Open Tender,Item Rate,Civil Works,,No,No,"7,75,070",06-Apr-2023 04:00 PM,30,No,Online,,,1,17-Apr-2023 12:00 PM,assessment,Price Bid Opening Date,,"683,550",,Himachal Urban Development Authority,2022-2023
ocds-kjhdrl-2023_HIMUD_72010_1,tender,tender,1,2024-11-08,2023_HIMUD_72010_1,HIMUDA/DD/CB/W-7/95-119,Renovation of Divisional TCP Office building at Dharamshala Distt Kangra,Works,Open Tender,Item Rate,Civil Works,,No,No,"3,18,000",06-Apr-2023 04:00 PM,30,No,Online,,,1,17-Apr-2023 12:00 PM,assessment,Price Bid Opening Date,,"329,068.6",,Himachal Urban Development Authority,2022-2023
ocds-kjhdrl-2023_HIMUD_72012_1,tender,tender,1,2024-11-08,2023_HIMUD_72012_1,HIMUDA/DD/CB/W-7/95-119,Annual repair and maintenance of Housing Colony Bindraban PH I and PH II Distt Kangra,Works,Open Tender,Item Rate,Civil Works,,No,No,"3,90,342",06-Apr-2023 04:00 PM,30,No,Online,,,1,17-Apr-2023 12:00 PM,assessment,Price Bid Opening Date,,"271,387.5",,Himachal Urban Development Authority,2022-2023
ocds-kjhdrl-2023_HIMUD_72359_1,tender,tender,1,2024-11-08,2023_HIMUD_72359_1,HIMUDA/DD/CB/W-7/320-44,Construction of Pong View residential Colony at Dehra Distt. Kangra HP,Works,Open Tender,Item Rate,Civil Works,,No,No,"39,65,114",20-Apr-2023 04:00 PM,30,No,Online,,,1,01-May-2023 12:00 PM,assessment,Price Bid Opening Date,,"4,477,775.65",,Himachal Urban Development Authority,2023-2024
ocds-kjhdrl-2023_HIMUD_72426_1,tender,tender,1,2024-11-08,2023_HIMUD_72426_1,HIMUDA/EDD/W7/109-118 Dated 24.04.2023,Construction of Partially Self Financing Scheme at Hamirpur Distt. Hamirpur H.P.,Works,Open Tender,Item Rate,Electrical Works,,No,No,"42,15,478",25-Apr-2023 10:00 AM,60,No,Online,,,1,06-May-2023 10:00 AM,assessment,Price Bid Opening Date,,"2,914,520",,Himachal Urban Development Authority,2023-2024
ocds-kjhdrl-2023_HIMUD_73076_1,tender,tender,1,2024-11-08,2023_HIMUD_73076_1,HIMUDA-MD-E-153-2023,Govt Degree College at Ghumarwin District Bilaspur HP SH Providing and laying of Red sand stone on existing Basketball Court,Works,Open Tender,Item Rate,Civil Works,,No,No,"7,88,777",10-May-2023 04:00 PM,30,No,Online,,,1,20-May-2023 11:30 AM,assessment,Price Bid Opening Date,,"717,130.4",,Himachal Urban Development Authority,2023-2024
ocds-kjhdrl-2023_HPCDP_69000_1,tender,tender,1,2024-11-08,2023_HPCDP_69000_1,No.Agr.Hmr.DPMU(G)-1155,Hiring of services of Vehicle(1 nos.) on contract basis in BPMU Hamirpur,Services,Open Tender,Fixed-rate,Miscellaneous Services,,No,No,,16-Feb-2023 11:30 AM,90,No,Offline,,,1,07-Mar-2023 11:00 AM,assessment,Price Bid Opening Date,,"39,445",,Himachal Pradesh Agriculture Development Society (JICA-ODA loan),2022-2023
ocds-kjhdrl-2023_HPCDP_69010_1,tender,tender,1,2024-11-08,2023_HPCDP_69010_1,No.Agr.Hmr.DPMU(G)-1157,Hiring of services of Vehicle(1 nos.) on contract basis in BPMU Una,Services,Open Tender,Fixed-rate,Miscellaneous Services,,No,No,,16-Feb-2023 11:30 AM,90,No,Offline,,,1,07-Mar-2023 11:00 AM,assessment,Price Bid Opening Date,,"37,449",,Himachal Pradesh Agriculture Development Society (JICA-ODA loan),2022-2023
ocds-kjhdrl-2023_HPCDP_71344_1,tender,tender,1,2024-11-08,2023_HPCDP_71344_1,F(5)-9/2023-738dt21.03.2023,"C/o Flow Irrigation Scheme Kansa Khad to Ganehar Ropa at Village Sayosi, Tamroh, G.P. Diyargi, Tehsil Sundernagarr, District Mandi (H.P.).",Works,Open Tender,Item Rate,Civil Works - Water Works,,No,No,"29,91,400",21-Mar-2023 05:00 PM,90,No,Offline,,,1,12-Apr-2023 11:00 AM,assessment,Price Bid Opening Date,,"3,490,745",,Himachal Pradesh Agriculture Development Society (JICA-ODA loan),2022-2023
ocds-kjhdrl-2023_HPCDP_71672_1,tender,tender,1,2024-11-08,2023_HPCDP_71672_1,F(5)-1/2022-791dt28.03.2023,"C/o Flow Irrigation Scheme Alsogi at Village Alsogi, G.P. Samella, Tehsil Baldwara , District Mandi (H.P.).",Works,Open Tender,Item Rate,Civil Works - Water Works,,No,No,"15,00,300",28-Mar-2023 05:00 PM,90,No,Offline,,,1,11-Apr-2023 11:00 AM,assessment,Price Bid Opening Date,,"2,112,466",,Himachal Pradesh Agriculture Development Society (JICA-ODA loan),2022-2023
ocds-kjhdrl-2023_HPCDP_71675_1,tender,tender,1,2024-11-08,2023_HPCDP_71675_1,F(5)-2/2022-792dt28.03.2023,"C/o Flow Irrigation Scheme Dohag at Village Dohag, G.P. Dhelu, Tehsil Jogindernagar , District Mandi (H.P.).",Works,Open Tender,Item Rate,Civil Works - Water Works,,No,No,"27,80,300",28-Mar-2023 05:00 PM,90,No,Offline,,,1,11-Apr-2023 11:00 AM,assessment,Price Bid Opening Date,,"3,971,696.7",,Himachal Pradesh Agriculture Development Society (JICA-ODA loan),2022-2023
ocds-kjhdrl-2023_HPCDP_71676_4,tender,tender,1,2024-11-08,2023_HPCDP_71676_4,F(5)-7/2023-793dt28.03.2023,"C/o Flow Irrigation Scheme Bhadrohi at Village Bhadrohi, G.P. Jamni, Tehsil Sarkaghat , District Mandi (H.P.).",Works,Open Tender,Item Rate,Civil Works - Water Works,,No,No,"21,59,400",28-Mar-2023 05:00 PM,90,No,Offline,,,1,11-Apr-2023 11:00 AM,assessment,Price Bid Opening Date,,"3,074,896.31",,Himachal Pradesh Agriculture Development Society (JICA-ODA loan),2022-2023
ocds-kjhdrl-2023_HPCDP_71678_1,tender,tender,1,2024-11-08,2023_HPCDP_71678_1,F(5)-8/2023-794dt28.03.2023,"C/o Flow Irrigation Scheme Upper Behna and Lower Behna at Village Behna, G.P. Jamni, Tehsil Sarkaghat , District Mandi (H.P.).",Works,Open Tender,Item Rate,Civil Works - Water Works,,No,No,"28,89,400",28-Mar-2023 05:00 PM,90,No,Offline,,,1,11-Apr-2023 11:00 AM,assessment,Price Bid Opening Date,,"3,970,892",,Himachal Pradesh Agriculture Development Society (JICA-ODA loan),2022-2023
ocds-kjhdrl-2023_HPCDP_71792_1,tender,tender,1,2024-11-08,2023_HPCDP_71792_1,NoAgrSLNDPMUJICAODAPhase -IIG 42-1281 dt31.03.2023,"C/o Flow Irrigation Scheme Lohara Tikkari at Village Lohara, G.P. Rajana, Tehsil Sangarh, District Sirmour (H.P.)",Works,Open Tender,Item Rate,Civil Works - Others,,No,No,,31-Mar-2023 06:00 PM,90,No,Offline,,,1,12-Apr-2023 11:45 AM,assessment,Price Bid Opening Date,,"1,701,692",,Himachal Pradesh Agriculture Development Society (JICA-ODA loan),2022-2023
ocds-kjhdrl-2023_HPCDP_71794_1,tender,tender,1,2024-11-08,2023_HPCDP_71794_1,NoAgrSLNDPMUJICAODAPhaseIIG 42-1282 dt31.03.2023,"C/o Flow Irrigation Scheme Pandhara Choken at Village Dharoti, G.P. Kothia Jajar, Tehsil Rajgarh, District Sirmour (H.P.)",Works,Open Tender,Item Rate,Civil Works - Others,,No,No,,31-Mar-2023 06:10 PM,90,No,Offline,,,1,12-Apr-2023 11:45 AM,assessment,Price Bid Opening Date,,"2,986,995",,Himachal Pradesh Agriculture Development Society (JICA-ODA loan),2022-2023
ocds-kjhdrl-2023_HPCDP_71911_1,tender,tender,1,2024-11-08,2023_HPCDP_71911_1,F(5)-5/2022-01dt04.04.2023,"C/o Flow Irrigation Scheme Gambhar Khad at Village Gambhar, G.P. Kothi-Gehri, Tehsil Sadar , District Mandi (H.P.).",Works,Open Tender,Item Rate,Civil Works - Water Works,,No,No,"23,66,000",04-Apr-2023 05:00 PM,90,No,Offline,,,1,18-Apr-2023 11:00 AM,assessment,Price Bid Opening Date,,"3,260,453",,Himachal Pradesh Agriculture Development Society (JICA-ODA loan),2022-2023
ocds-kjhdrl-2023_HPCDP_71916_1,tender,tender,1,2024-11-08,2023_HPCDP_71916_1,F(5)-10/2023-02dt04.04.2023,"C/o Flow Irrigation Scheme Padhar to Aarang at Village Padhar, Aarang, G.P. Sanwad , Tehsil Padhar, District Mandi (H.P.).",Works,Open Tender,Item Rate,Civil Works - Water Works,,No,No,"36,16,200",04-Apr-2023 05:00 PM,90,No,Offline,,,1,18-Apr-2023 11:00 AM,assessment,Price Bid Opening Date,,"4,933,573",,Himachal Pradesh Agriculture Development Society (JICA-ODA loan),2022-2023
ocds-kjhdrl-2023_HPCDP_71919_1,tender,tender,1,2024-11-08,2023_HPCDP_71919_1,F(5)-3/2022-03dt04.04.2023,"C/o Flow Irrigation Scheme Gadhiman Majhoti at Village Gadhiman, G.P. Majhoti, Tehsil Chachyot, District Mandi (H.P.).",Works,Open Tender,Item Wise,Civil Works - Water Works,,No,No,"31,19,000",04-Apr-2023 05:00 PM,90,No,Offline,,,1,18-Apr-2023 11:00 AM,assessment,Price Bid Opening Date,,"3,601,616",,Himachal Pradesh Agriculture Development Society (JICA-ODA loan),2022-2023
ocds-kjhdrl-2023_HPCDP_71921_1,tender,tender,1,2024-11-08,2023_HPCDP_71921_1,F(5)-4/2022-04dt04.04.2023,"C/o Flow Irrigation Scheme Barjohru to Kot at Village Barjohru , G.P. Noun, Tehsil Chachyot, District Mandi (H.P.).",Works,Open Tender,Item Rate,Civil Works - Water Works,,No,No,"32,27,000",04-Apr-2023 05:00 PM,90,No,Offline,,,1,18-Apr-2023 11:00 AM,assessment,Price Bid Opening Date,,"4,479,516",,Himachal Pradesh Agriculture Development Society (JICA-ODA loan),2022-2023
ocds-kjhdrl-2023_HPCDP_72238_1,tender,tender,1,2024-11-08,2023_HPCDP_72238_1,F(5)-11/2023-51dt13.04.2023,"C/o Flow Irrigation Scheme Shani Mandir to Panchakkar at Village Panchakkar, ,G.P. Bhadarnu, Tehsil Karsog, District Mandi (H.P.).",Works,Open Tender,Item Rate,Civil Works - Water Works,,No,No,"14,31,000",13-Apr-2023 05:00 PM,90,No,Offline,,,1,03-May-2023 11:00 AM,assessment,Price Bid Opening Date,,"1,912,995.23",,Himachal Pradesh Agriculture Development Society (JICA-ODA loan),2023-2024
ocds-kjhdrl-2023_HPCDP_72357_1,tender,tender,1,2024-11-08,2023_HPCDP_72357_1,F(5)-12/2023-81dt20.04.2023,"C/o Flow Irrigation Scheme Tharas at Village Tharas, G.P. Rot-II, Tehsil Bhunter , District Kullu (H.P.).",Works,Open Tender,Item Rate,Civil Works - Water Works,,No,No,"64,64,800",20-Apr-2023 05:00 PM,90,No,Offline,,,1,03-May-2023 11:00 AM,assessment,Price Bid Opening Date,,"8,345,638.4",,Himachal Pradesh Agriculture Development Society (JICA-ODA loan),2023-2024
ocds-kjhdrl-2023_HPIPH_67233_1,tender,tender,1,2024-11-08,2023_HPIPH_67233_1,SNN-SML-03-740-Tndr/23-7386-95 dt 17/1/23,Improvement of various old kuhls existing between Sanula and Nouti khad Tehsil Suni Distt Shimla HP,Works,Open Tender,Item Rate,Civil Works,,No,No,"2,05,05,851",18-Jan-2023 05:00 PM,120,No,Both(Online/Offline),,,1,30-Jan-2023 11:30 AM,assessment,Price Bid Opening Date,,"15,460,822",,HP Irrigation and Public Health,2022-2023
ocds-kjhdrl-2023_HPIPH_67235_1,tender,tender,1,2024-11-08,2023_HPIPH_67235_1,SNN-SML-03-740-Tndr/23-7396-05 dt 17/1/23,Providing drinking Water Supply Scheme for Shimla under Jal Shakti Division Suni Tehsil Suni Distt Shimla HP (GP Chanoug and Nehra Under SCSP,Works,Open Tender,Item Rate,Civil Works - Water Works,,No,No,"2,18,23,769",18-Jan-2023 05:00 PM,120,No,Both(Online/Offline),,,1,30-Jan-2023 11:30 AM,assessment,Price Bid Opening Date,,"19,923,430",,HP Irrigation and Public Health,2022-2023
ocds-kjhdrl-2023_HPIPH_67237_1,tender,tender,1,2024-11-08,2023_HPIPH_67237_1,SNN-SML-03-740-Tndr/23-7406-15 dt 17/1/23,"Providing LIS from Koldam reservoir to Shakrori, Basantpur, Pahal Neot etc. Tehsil Suni Distt Shimla HP (phase-I under NABARD RDIF-XXVI",Works,Open Tender,Item Rate,Civil Works - Water Works,,No,No,"2,27,22,213",18-Jan-2023 05:00 PM,120,No,Both(Online/Offline),,,1,30-Jan-2023 11:30 AM,assessment,Price Bid Opening Date,,"19,825,060",,HP Irrigation and Public Health,2022-2023
ocds-kjhdrl-2023_HPIPH_67241_1,tender,tender,1,2024-11-08,2023_HPIPH_67241_1,SNN-SML-03-740-Tndr/23-7416-25 dt 17/1/23,"Aug. of LIS Ghaini phase- I, II and III in GP Ghaini Tehsil Suni Distt Shimla HP SH Civil work Rising main and pumping machinery",Works,Open Tender,Item Rate,Civil Works - Water Works,,No,No,"3,15,39,404",18-Jan-2023 05:00 PM,120,No,Both(Online/Offline),,,1,30-Jan-2023 11:30 AM,assessment,Price Bid Opening Date,,"31,887,624",,HP Irrigation and Public Health,2022-2023
ocds-kjhdrl-2023_HPIPH_67270_1,tender,tender,1,2024-11-08,2023_HPIPH_67270_1,Kasumpti/shimla/Shyamli khad_ Rs. 233.88,"LIS from Shyamli Khad to village Pujarli and nearby in G.P Beolia Tehsil an Distt Shimla HP (SH-C/O wire crate check dam and C/O Intake, 2 Nos RCC sump cum delivery tank stage 1st and 2nd 82900 ltrs cap. pump house cum attendant quarter stage 1st",Works,Open Tender,Item Rate,Civil Works - Water Works,,No,No,"2,33,88,309",18-Jan-2023 05:00 PM,120,No,Both(Online/Offline),,,1,01-Feb-2023 11:30 AM,assessment,Price Bid Opening Date,,"15,883,661",,HP Irrigation and Public Health,2022-2023
ocds-kjhdrl-2023_HPIPH_67284_1,tender,tender,1,2024-11-08,2023_HPIPH_67284_1,UNA-UNA00-733,"Providing Irrigation Facility under HP SHIVA Project for Bangana Block, District Una (Himachal Pradesh) Package - 11",Works,Open Tender,Item Rate,Civil Works,,No,No,,18-Jan-2023 04:00 PM,120,No,Both(Online/Offline),,,1,22-Feb-2023 03:30 PM,assessment,Price Bid Opening Date,,"151,770,408",,HP Irrigation and Public Health,2022-2023
ocds-kjhdrl-2023_HPIPH_67297_1,tender,tender,1,2024-11-08,2023_HPIPH_67297_1,SNN-SML-03-740-Tndr/23-7441-50 dt 18/1/23,A-R and M-O GWSS Suni in Tehsil suni Distt. Shimla HP,Works,Open Tender,Item Rate,Civil Works - Water Works,,No,No,"6,09,409",19-Jan-2023 05:00 PM,120,No,Online,,,1,31-Jan-2023 11:30 AM,assessment,Price Bid Opening Date,,"510,480.5",,HP Irrigation and Public Health,2022-2023
ocds-kjhdrl-2023_HPIPH_67298_1,tender,tender,1,2024-11-08,2023_HPIPH_67298_1,SNN-SML-03-740-Tndr/23-7451-60 dt 18/1/23,Replacement of Rising main LIS Sharog in GP Kotla in Tehsil suni Distt. Shimla HP,Works,Open Tender,Item Rate,Civil Works - Water Works,,No,No,"7,22,957",19-Jan-2023 05:00 PM,120,No,Online,,,1,31-Jan-2023 11:30 AM,assessment,Price Bid Opening Date,,"682,400",,HP Irrigation and Public Health,2022-2023
ocds-kjhdrl-2023_HPIPH_67299_1,tender,tender,1,2024-11-08,2023_HPIPH_67299_1,SNN-SML-03-740-Tndr/23-7461-70 dt 18/1/23,Providing LWSS Shillon Nallah to Gharyana in Tehsil suni Distt. Shimla HP,Works,Open Tender,Item Rate,Civil Works - Water Works,,No,No,"9,50,096",19-Jan-2023 05:00 PM,120,No,Online,,,1,31-Jan-2023 11:30 AM,assessment,Price Bid Opening Date,,"752,933",,HP Irrigation and Public Health,2022-2023
ocds-kjhdrl-2023_HPIPH_67300_1,tender,tender,1,2024-11-08,2023_HPIPH_67300_1,SNN-SML-03-740-Tndr/23-7471-80 dt 18/1/23,Providing FIS Suni in Tehsil suni Distt. Shimla HP,Works,Open Tender,Item Rate,Civil Works - Water Works,,No,No,"9,81,370",19-Jan-2023 05:00 PM,120,No,Online,,,1,31-Jan-2023 11:30 AM,assessment,Price Bid Opening Date,,"763,560",,HP Irrigation and Public Health,2022-2023
ocds-kjhdrl-2023_HPIPH_67320_1,tender,tender,1,2024-11-08,2023_HPIPH_67320_1,17846-17896 dated 19.01.2023,"Providing Irrigation Facility under HP SHIVA Project for Chauntara, Gopalpur and Dharampur Blocks, District Mandi (Himachal Pradesh) Package 7",Works,Open Tender,Item Rate,Civil Works,,No,No,,19-Jan-2023 06:00 PM,120,No,Both(Online/Offline),,,1,25-Feb-2023 11:30 AM,assessment,Price Bid Opening Date,,"459,829,930.5",,HP Irrigation and Public Health,2022-2023
ocds-kjhdrl-2023_HPIPH_67321_1,tender,tender,1,2024-11-08,2023_HPIPH_67321_1,JHT-BLP-03-782,Providing Irrigation Facility under HP SHIVA Project for Jhandutta and Swarghat Blocks District Bilaspur Himachal PradeshPackage06,Works,Open Tender,Item Rate,Civil Works,,No,No,,19-Jan-2023 05:00 PM,120,No,Both(Online/Offline),,,1,24-Feb-2023 11:30 AM,assessment,Price Bid Opening Date,,0,,HP Irrigation and Public Health,2022-2023
ocds-kjhdrl-2023_HPIPH_67366_1,tender,tender,1,2024-11-08,2023_HPIPH_67366_1,15426-86 dated 20-01-2023,Source Strengthening of Various LWSS under JSV Sub Division Nalagarh in Tehsil Nalagarh District Solan HP,Works,Open Tender,Item Rate,Civil Works,,No,No,,20-Jan-2023 04:30 PM,180,No,Both(Online/Offline),,,1,08-Feb-2023 11:30 AM,assessment,Price Bid Opening Date,,"316,500,256",,HP Irrigation and Public Health,2022-2023
ocds-kjhdrl-2023_HPIPH_67405_1,tender,tender,1,2024-11-08,2023_HPIPH_67405_1,No. EE/JSDS/2022-15730-79 dt-21/01/2023,Renovation of water body Nr. Police Station ward No.7 in Tehsil and Distt Kangra (HP) Under AMRUT 2.0,Works,Open Tender,Item Rate,Civil Works,,No,No,"97,62,783",21-Jan-2023 03:00 PM,120,No,Both(Online/Offline),,,1,10-Feb-2023 11:30 AM,assessment,Price Bid Opening Date,,"7,004,278",,HP Irrigation and Public Health,2022-2023
ocds-kjhdrl-2023_HPIPH_67431_1,tender,tender,1,2024-11-08,2023_HPIPH_67431_1,BLP-BLP-00736-NIET No-24980-25079 Dated 21/01/2023,1 Improvement of LIS Bachhari Masdan Parnal Mehrin Kathla and Ladher in Tehsil Ghumarwin District Bilaspur. SH Construction of sumpwell 30000 litr capacity Laying jointing testing of HDPE pipe and construction of 10 Nos outlets and construction of,Works,Open Tender,Item Rate,Civil Works,,No,No,"27,56,769",24-Jan-2023 10:00 AM,120,No,Both(Online/Offline),,,1,06-Feb-2023 11:30 AM,assessment,Price Bid Opening Date,,"1,720,874",,HP Irrigation and Public Health,2022-2023
ocds-kjhdrl-2023_HPIPH_67434_1,tender,tender,1,2024-11-08,2023_HPIPH_67434_1,BLP-BLP-00736-NIET No. 24980-25079 Dt. 21/01/2023,Improvement of Lift Irrigation Scheme Bachhari Masdan Parnal Mehri Kathla and Ladher in Tehsil Ghumarwin District Bilaspur SH Supply and Erection of centrifugal pumping machinery along with allied accessories and laying jointing and testing of Rising,Works,Open Tender,Item Rate,Civil Works,,No,No,"86,20,511",24-Jan-2023 10:00 AM,120,No,Both(Online/Offline),,,1,06-Feb-2023 11:30 AM,assessment,Price Bid Opening Date,,"6,746,274",,HP Irrigation and Public Health,2022-2023
ocds-kjhdrl-2023_HPIPH_67440_1,tender,tender,1,2024-11-08,2023_HPIPH_67440_1,BLP-BLP-00736 NIET No. 24980-25079 Dt. 21/01/2023,"Renovation and construction of LWSS Malyour from New source Mani Khad in Tehsil Ghumarwin District Bilaspur SH Site development, C/o RCC Sump well 26500 litr Node No.2 C/o RCC raw water tank 106000 litr cap at Node No. P-3 C/o sedimentation tank 2650",Works,Open Tender,Item Rate,Civil Works,,No,No,"62,97,857",24-Jan-2023 10:00 AM,120,No,Both(Online/Offline),,,1,06-Feb-2023 11:30 AM,assessment,Price Bid Opening Date,,"4,631,118",,HP Irrigation and Public Health,2022-2023
ocds-kjhdrl-2023_HPIPH_67451_1,tender,tender,1,2024-11-08,2023_HPIPH_67451_1,HP IPH 14153-90 DATED 21.01.2023,Augmentation of lift water supply scheme Ghar Bodhal in Gram Panchayat Ghar in Tehsil Palampur Distt. Kangra H P,Works,Open Tender,Lump-sum,Civil Works,,No,No,"13,50,000",23-Jan-2023 06:00 PM,120,No,Both(Online/Offline),,,1,30-Jan-2023 11:30 AM,assessment,Price Bid Opening Date,,"1,593,750",,HP Irrigation and Public Health,2022-2023
ocds-kjhdrl-2023_HPIPH_67456_1,tender,tender,1,2024-11-08,2023_HPIPH_67456_1,No. EE-JSV-HMR-TA/E-Tenders/2023,Annual Running and Maintenance of Sewerage Scheme to Hamirpur Town in Tehsil Distt Hamirpur Sub Head Providing and supplying of Diesel Generator set at Sewerage Treatment Plant Zone No 1),Works,Open Tender,Item Rate,Civil Works,,No,No,"12,09,500",23-Jan-2023 05:00 PM,120,No,Both(Online/Offline),,,1,04-Feb-2023 11:30 AM,assessment,Price Bid Opening Date,,"849,000",,HP Irrigation and Public Health,2022-2023
ocds-kjhdrl-2023_HPIPH_67462_1,tender,tender,1,2024-11-08,2023_HPIPH_67462_1,No. JS-HMR-CB-Tender-22-23-,A R and M O of Sewerage Scheme Hamirpur Town in Tehsil Distt Hamirpur Sub Head Providing and supplying of Diesel Generator set at Sewerage Treatment Plant Zone No 3,Works,Open Tender,Lump-sum,Civil Works,,No,No,"7,12,720",23-Jan-2023 05:00 PM,120,No,Both(Online/Offline),,,1,04-Feb-2023 11:30 AM,assessment,Price Bid Opening Date,,"750,000",,HP Irrigation and Public Health,2022-2023
ocds-kjhdrl-2023_HPIPH_67465_1,tender,tender,1,2024-11-08,2023_HPIPH_67465_1,EE/JSDS/EA-I/2022-15783-15832 dt 23/01/2023,Providing LWSS to SC abadi in village Kohala,Works,Open Tender,Item Rate,Civil Works,,No,No,"13,41,439",23-Jan-2023 05:00 PM,120,No,Both(Online/Offline),,,1,09-Feb-2023 11:30 AM,assessment,Price Bid Opening Date,,"1,383,955",,HP Irrigation and Public Health,2022-2023
ocds-kjhdrl-2023_HPIPH_67523_1,tender,tender,1,2024-11-08,2023_HPIPH_67523_1,No. JS-HMR-CB-te-2022-23-,A R and M O of Sewerage Scheme Hamirpur Town in Tehsil Distt Hamirpur Sub Head Providing and supplying of Diesel Generator set at Sewerage Treatment Plant Zone No 2,Works,Open Tender,Lump-sum,Civil Works,,No,No,"9,79,400",24-Jan-2023 05:00 PM,120,No,Both(Online/Offline),,,1,03-Feb-2023 11:30 AM,assessment,Price Bid Opening Date,,"990,000",,HP Irrigation and Public Health,2022-2023
ocds-kjhdrl-2023_HPIPH_67528_1,tender,tender,1,2024-11-08,2023_HPIPH_67528_1,SNN-SML-03-740-Tndr/23-7539-45 dt 23/1/23,"Providing LIS from Koldam Reservoir to Shakrori, Basantpur, Pahal, Neot etc. Tehsil Suni Distt Shimla HP Phase-II",Works,Open Tender,Item Rate,Civil Works - Water Works,,No,No,"3,24,03,985",24-Jan-2023 05:00 PM,120,No,Both(Online/Offline),,,1,06-Feb-2023 11:30 AM,assessment,Price Bid Opening Date,,"23,456,854",,HP Irrigation and Public Health,2022-2023
ocds-kjhdrl-2023_HPIPH_67546_2,tender,tender,1,2024-11-08,2023_HPIPH_67546_2,PNT-SMR02-720 No. 22559-22658 Dated 21.01.2023,C/O LWSS Kanshipur in GP Nihalgarh in Tehsil Paonta Sahib Distt. Sirmour (HP),Works,Open Tender,Lump-sum,Civil Works,,No,No,"7,56,000",24-Jan-2023 02:30 PM,120,No,Both(Online/Offline),,,1,30-Jan-2023 12:30 PM,assessment,Price Bid Opening Date,,"1,641,500",,HP Irrigation and Public Health,2022-2023
ocds-kjhdrl-2023_HPIPH_67670_1,tender,tender,1,2024-11-08,2023_HPIPH_67670_1,JHT-BLP-03-782,Operation and maintenance of LWSS Samleta Bhater in Tehsil Jhandutta Distt. Bilaspur HP SH Deployment of Manpower for operation maintenance of scheme for one year,Works,Open Tender,Item Rate,Civil Works,,No,No,,28-Jan-2023 02:00 PM,120,No,Both(Online/Offline),,,1,04-Feb-2023 11:30 AM,assessment,Price Bid Opening Date,,0,,HP Irrigation and Public Health,2022-2023
ocds-kjhdrl-2023_HPIPH_67671_1,tender,tender,1,2024-11-08,2023_HPIPH_67671_1,JHT-BLP-03-782,Operation and maintenance of LWSS Kheri Tindi Jabli WSS Jejwin Ist Phase in Tehsil Jhandutta Distt Bilaspur HP SH Deployment of Manpower for operation maintenance of scheme for six months,Works,Open Tender,Item Rate,Civil Works,,No,No,,28-Jan-2023 02:00 PM,120,No,Both(Online/Offline),,,1,04-Feb-2023 11:30 AM,assessment,Price Bid Opening Date,,"631,000",,HP Irrigation and Public Health,2022-2023
ocds-kjhdrl-2023_HPIPH_67729_1,tender,tender,1,2024-11-08,2023_HPIPH_67729_1,KSG-MDI10-764,Providing LWSS to village Shakra from Satluj river in GP Shakra in Tehsil Karsog Distt Mandi HP SH_C_O RCC raw water tank 111100 ltrs capacity_C_O Slow sand filter bed 69_42 Sqm and C_O RCC Circular Sump well_Clear water tank 10000 ltrs capacity,Works,Open Tender,Item Rate,Civil Works,,No,No,"28,21,660",30-Jan-2023 01:00 PM,120,No,Both(Online/Offline),,,1,16-Feb-2023 11:30 AM,assessment,Price Bid Opening Date,,"2,111,116",,HP Irrigation and Public Health,2022-2023
ocds-kjhdrl-2023_HPIPH_67733_1,tender,tender,1,2024-11-08,2023_HPIPH_67733_1,KSG-MDI10-764,Providing LWSS to village Shakra from Satluj river in GP Shakra in Tehsil Karsog Distt Mandi HP SH_ C_O Pump House C_O WC and toilet attached with WTP_Pump house and provision for internal wiring to Pump house,Works,Open Tender,Item Rate,Civil Works,,No,No,"16,71,281",30-Jan-2023 01:00 PM,120,No,Both(Online/Offline),,,1,16-Feb-2023 11:30 AM,assessment,Price Bid Opening Date,,"1,294,933",,HP Irrigation and Public Health,2022-2023
ocds-kjhdrl-2023_HPIPH_67981_1,tender,tender,1,2024-11-08,2023_HPIPH_67981_1,14022-121,"Providing IOT Based instrumentation quality and quantity of drinking water for LWSS Jambal Behi in Tehsil Dadasiba, Distt, Kangra, (HP)",Works,Open Tender,Item Rate,Civil Works,,No,No,"49,37,100",03-Feb-2023 05:00 PM,120,No,Online,,,1,10-Feb-2023 11:30 AM,assessment,Price Bid Opening Date,,"5,329,560",,HP Irrigation and Public Health,2022-2023
ocds-kjhdrl-2023_HPIPH_68027_1,tender,tender,1,2024-11-08,2023_HPIPH_68027_1,13398-448 dated 04.02.2023,Resilient and sustainable service delivery in water supplies in Jal Shkati Sub Division Mandap Division Dharampur Bharari District Mandi,Works,Open Tender,Item Rate,Civil Works,,No,No,"4,06,14,221",04-Feb-2023 05:00 PM,120,No,Both(Online/Offline),,,1,21-Feb-2023 11:30 AM,assessment,Price Bid Opening Date,,"41,806,114",,HP Irrigation and Public Health,2022-2023
ocds-kjhdrl-2023_HPIPH_68117_1,tender,tender,1,2024-11-08,2023_HPIPH_68117_1,10060-10109,"Augmentation Improvement for increasing population of WSS Manali, Nasogi and group of villages in Tehsil Manali Distt. Kullu H.P.",Works,Open Tender,Item Rate,Civil Works,,No,No,"2,53,38,801",04-Feb-2023 06:00 PM,120,No,Both(Online/Offline),,,1,13-Feb-2023 11:30 AM,assessment,Price Bid Opening Date,,"22,694,582",,HP Irrigation and Public Health,2022-2023
ocds-kjhdrl-2023_HPIPH_68173_1,tender,tender,1,2024-11-08,2023_HPIPH_68173_1,EE/IPHDT/WA-I/2022-21147-88 dated 06.02.2023,"Providing FHTC under LWSS Khaira, WSS Daroh Garh and WSS Parour Kharoth in Sullah Block Under JJM in Tehsil Palampur District Kangra HP.",Works,Open Tender,Item Rate,Pipe Laying Works,,No,No,"5,34,026",07-Feb-2023 10:30 AM,120,No,Both(Online/Offline),,,1,17-Feb-2023 11:30 AM,assessment,Price Bid Opening Date,,"416,098",,HP Irrigation and Public Health,2022-2023
ocds-kjhdrl-2023_HPIPH_68346_1,tender,tender,1,2024-11-08,2023_HPIPH_68346_1,JSV-1/TA/ E-tender/23- 18974-19024 Dated 07-02-23,"Pdg Separate water supply schemes to village Beetan in Tehsil Haroli Distt. Una (HP) (SH Construction of RCC OHSR 1,00,000 ltrs cap with 20mtrs staging height )",Works,Open Tender,Item Rate,Civil Works,,No,No,"23,89,982",07-Feb-2023 06:00 PM,120,No,Both(Online/Offline),,,1,14-Feb-2023 11:00 AM,assessment,Price Bid Opening Date,,"2,124,095",,HP Irrigation and Public Health,2022-2023
ocds-kjhdrl-2023_HPIPH_68393_1,tender,tender,1,2024-11-08,2023_HPIPH_68393_1,SNN-SML-03-740-Tndr/23-7787-96 dt 7/2/23,Construction of Jal Shakti Vibhag Sub Division office building Jalog Tehsil Suni Distt Shimla HP,Works,Open Tender,Item Rate,Civil Works,,No,No,"29,87,938",08-Feb-2023 05:00 PM,120,No,Online,,,1,20-Feb-2023 11:30 AM,assessment,Price Bid Opening Date,,"2,302,992",,HP Irrigation and Public Health,2022-2023
ocds-kjhdrl-2023_HPIPH_68401_1,tender,tender,1,2024-11-08,2023_HPIPH_68401_1,EE-JSD-RMP-E-TEN/22-17302-52 DT. 08.02.23,Imp and Aug. of GWSS Radu Paucha in GP Kaleda Majheoti Tehsil Nankhari Distt. Shimla HP,Works,Open Tender,Item Rate,Civil Works,,No,No,"5,33,418",08-Feb-2023 05:00 PM,120,No,Both(Online/Offline),,,1,15-Feb-2023 10:00 AM,assessment,Price Bid Opening Date,,"465,312",,HP Irrigation and Public Health,2022-2023
ocds-kjhdrl-2023_HPIPH_68696_1,tender,tender,1,2024-11-08,2023_HPIPH_68696_1,11429-78 dated 10.02.2023,Imp. Of water distribution system in GP Kataula Kamand and Aug. of WSS Riyagri Lanjhnoo Tehsil Sadar Distt. Mandi HP,Works,Open Tender,Item Rate,Pumps/Motors,,No,No,"20,60,016",10-Feb-2023 05:00 PM,120,No,Both(Online/Offline),,,1,17-Feb-2023 11:30 AM,assessment,Price Bid Opening Date,,"2,678,953",,HP Irrigation and Public Health,2022-2023
ocds-kjhdrl-2023_HPIPH_68700_1,tender,tender,1,2024-11-08,2023_HPIPH_68700_1,11429-78 dated 10.02.2023,Providing Lift Irrigation Scheme from Beas River to Village Tandoo Mehar Pakhari Dawarduand Bhatog in Tehsil Sadar Distt.Mandi HP,Works,Open Tender,Item Rate,Pumps/Motors,,No,No,"3,73,00,017",10-Feb-2023 05:00 PM,150,No,Both(Online/Offline),,,1,22-Feb-2023 11:30 AM,assessment,Price Bid Opening Date,,"33,537,294",,HP Irrigation and Public Health,2022-2023
ocds-kjhdrl-2023_HPIPH_68781_1,tender,tender,1,2024-11-08,2023_HPIPH_68781_1,EE/IPHT/Tender/22/21320-75 dt 13.02.2023,Providing FHTC under LWSS Khaira WSS Daroh Garh and WSS Parour Kharoth in Sullah Block Under JJM in Tehsil Palampur District Kangra HP,Works,Open Tender,Item Rate,Pumps/Motors,,No,No,"5,36,802",13-Feb-2023 03:30 PM,120,No,Both(Online/Offline),,,1,22-Feb-2023 11:30 AM,assessment,Price Bid Opening Date,,"584,980",,HP Irrigation and Public Health,2022-2023
ocds-kjhdrl-2023_HPIPH_68791_1,tender,tender,1,2024-11-08,2023_HPIPH_68791_1,NPR-731 Dt.01-03-2023,"Providing water supply scheme to NDRF complex at village Jachh in Tehsil Nurpur District Kangra Himachal SUB-HEADProviding and installation of Submersible Pumping Machinery with allied accessories and Laying, jointing and testing of Rising Main",Works,Open Tender,Item Rate,Civil Works,,No,No,"6,61,608",14-Feb-2023 05:00 PM,90,No,Online,,,1,01-Mar-2023 11:30 AM,assessment,Price Bid Opening Date,,"320,655",,HP Irrigation and Public Health,2022-2023
ocds-kjhdrl-2023_HPIPH_68799_1,tender,tender,1,2024-11-08,2023_HPIPH_68799_1,NPR-731 Dt.01-03-2023,Providing water supply scheme to NDRF complex at village Jachh in Tehsil Nurpur District Kangra Himachal ( SUB HEAD Construction of RCC Main Storage Tank of 30000 Ltr capacity with 10 mtrs staging height at NDRE complex),Works,Open Tender,Lump-sum,Civil Works,,No,No,"11,58,900",14-Feb-2023 05:00 PM,120,No,Online,,,1,01-Mar-2023 11:30 AM,assessment,Price Bid Opening Date,,"839,700",,HP Irrigation and Public Health,2022-2023
ocds-kjhdrl-2023_HPIPH_68801_1,tender,tender,1,2024-11-08,2023_HPIPH_68801_1,14527-14626,Special repair of LIS Kuhna in tehsil Rakkar Distt. Kangra (HP),Works,Open Tender,Item Rate,Civil Works,,No,No,"9,99,500",13-Feb-2023 05:00 PM,120,No,Offline,,,1,20-Feb-2023 11:30 AM,assessment,Price Bid Opening Date,,"1,574,280",,HP Irrigation and Public Health,2022-2023
ocds-kjhdrl-2023_HPIPH_68936_1,tender,tender,1,2024-11-08,2023_HPIPH_68936_1,11591 -630 dated 15/02/2023,PLWSS from Jhutharu Nallah to Shri Dev Prashar Temple in GP Segli Tehsil Sadar Distt Mandi HP NABARD XXVII,Works,Open Tender,Item Rate,Pumps/Motors,,No,No,"75,65,156",15-Feb-2023 05:00 PM,120,No,Both(Online/Offline),,,1,22-Feb-2023 11:30 AM,assessment,Price Bid Opening Date,,"9,249,996",,HP Irrigation and Public Health,2022-2023
ocds-kjhdrl-2023_HPIPH_68950_1,tender,tender,1,2024-11-08,2023_HPIPH_68950_1,SNN-SML-03-740-Tndr/23-7854-63 dt 14-1-23,Improvement of LWSS Nayaser Tikkar in Tehsil Suni Distt. Shimla HP,Works,Open Tender,Item Rate,Civil Works - Water Works,,No,No,"23,88,750",15-Feb-2023 05:00 PM,120,No,Online,,,1,27-Feb-2023 11:30 AM,assessment,Price Bid Opening Date,,"3,135,000",,HP Irrigation and Public Health,2022-2023
ocds-kjhdrl-2023_HPIPH_68959_1,tender,tender,1,2024-11-08,2023_HPIPH_68959_1,11219-70(Anni),Providing Flood Protection work to village Bagipul in in Nirmand Block Distt. Kullu -HP,Works,Open Tender,Item Rate,Civil Works,,No,No,,15-Feb-2023 06:00 PM,120,No,Online,,,1,22-Feb-2023 12:30 PM,assessment,Price Bid Opening Date,,"782,694",,HP Irrigation and Public Health,2022-2023
ocds-kjhdrl-2023_HPIPH_68991_1,tender,tender,1,2024-11-08,2023_HPIPH_68991_1,NO.EE/Hamirpur/Tender/NIT/2023,Providing House Hold connection by Ministry of Jal Shakti Har Ghar Nal Se Jal Providing LWSS to Naunghi Bhumpal Lahar Kotlu Niyati Rangas and multi villages under IPH Sub-Division Nadaun in Tehsil Nadaun Distt Hamirpur,Works,Open Tender,Lump-sum,Civil Works,,No,No,"75,00,000",15-Feb-2023 05:00 PM,120,No,Both(Online/Offline),,,1,22-Feb-2023 11:30 AM,assessment,Price Bid Opening Date,,"8,600,000",,HP Irrigation and Public Health,2022-2023
ocds-kjhdrl-2023_HPIPH_69023_1,tender,tender,1,2024-11-08,2023_HPIPH_69023_1,PNT-SMR02-720 No. 23699-23798 Dated 14.02.2023,"C/O 16 Nos Irrigation Tubewell 3 Nos Irrigation Tubewell in GP Danda Pagar, 4 Nos in GP Bhagani, 4 Nos Gorkhuwala, 3 Nos Dobri Salwala and 2 No. GP Khodri Majri in Tehsil Paonta Sahib District Sirmour HP",Works,Open Tender,Item Rate,Civil Works,,No,No,"5,22,222",16-Feb-2023 02:00 PM,120,No,Both(Online/Offline),,,1,23-Feb-2023 12:30 PM,assessment,Price Bid Opening Date,,"447,547",,HP Irrigation and Public Health,2022-2023
ocds-kjhdrl-2023_HPIPH_69023_3,tender,tender,1,2024-11-08,2023_HPIPH_69023_3,PNT-SMR02-720 No. 23699-23798 Dated 14.02.2023,Augmentation of LWSS Paonta Town in Tehsil Paonta Sahib District Sirmour (HP),Works,Open Tender,Item Rate,Civil Works,,No,No,"14,99,604",16-Feb-2023 02:00 PM,120,No,Both(Online/Offline),,,1,23-Feb-2023 12:30 PM,assessment,Price Bid Opening Date,,"1,105,928",,HP Irrigation and Public Health,2022-2023
ocds-kjhdrl-2023_HPIPH_69027_1,tender,tender,1,2024-11-08,2023_HPIPH_69027_1,No-JSV-RD-AB-Tender/22 14856-75,Providing and intallation of tube well in HPMC Rohru Tehsil Rohru Distt Shimla HP,Works,Open Tender,Item Rate,Civil Works - Others,,No,No,"9,98,611",16-Feb-2023 05:00 PM,120,No,Both(Online/Offline),,,1,23-Feb-2023 11:30 AM,assessment,Price Bid Opening Date,,"1,454,473",,HP Irrigation and Public Health,2022-2023
ocds-kjhdrl-2023_HPIPH_69037_1,tender,tender,1,2024-11-08,2023_HPIPH_69037_1,PNT-SMR02-720 No. 23699-23798 Dated 14.02.2023,"Re-construction of LWSS Rampur Majri, Rampur Banjaran, Doiyanwlaa, Gunglon, Mohrar and Left Out Hamlets of Rampur Bharapur in Tehsil Paonta Sahib District Sirmour HP",Works,Open Tender,Item Rate,Civil Works,,No,No,"26,96,192",16-Feb-2023 02:00 PM,120,No,Both(Online/Offline),,,1,23-Feb-2023 12:30 PM,assessment,Price Bid Opening Date,,"2,445,850",,HP Irrigation and Public Health,2022-2023
ocds-kjhdrl-2023_HPIPH_69109_1,tender,tender,1,2024-11-08,2023_HPIPH_69109_1,EE/JSV Divn/JWL-Tender/10272-10321 dt. 16.02.2023,"PLWSS to PC habitation of CV Paloura, Ludhiar in Tehsil Jawali Distt. Kangra HP SH Providing various accessories etc",Works,Open Tender,Item Rate,Civil Works - Water Works,,No,No,"8,00,740",17-Feb-2023 01:00 PM,120,No,Online,,,1,24-Feb-2023 11:30 AM,assessment,Price Bid Opening Date,,"729,140",,HP Irrigation and Public Health,2022-2023
ocds-kjhdrl-2023_HPIPH_69144_1,tender,tender,1,2024-11-08,2023_HPIPH_69144_1,7984-8083 Dated 16/02/2023,Replacement and Automation of pumping machinery of various Water Supply Schemes of Tube well Sub Division Baddi in Doon area of Solan District (HP) Job No.-1.,Works,Open Tender,Item Rate,Civil Works - Others,,No,No,"98,20,000",17-Feb-2023 05:35 PM,120,No,Online,,,1,25-Feb-2023 11:30 AM,assessment,Price Bid Opening Date,,"3,823,000",,HP Irrigation and Public Health,2022-2023
ocds-kjhdrl-2023_HPIPH_69163_1,tender,tender,1,2024-11-08,2023_HPIPH_69163_1,JBL-SML-09-718,Annual running operation and mainteance of existing STPs and septic tank of Kotkhai Town in Tehsil Kotkhai for one year,Works,Open Tender,Item Rate,Repair and Maintenance Works,,No,No,"33,38,000",17-Feb-2023 06:00 PM,120,No,Online,,,1,25-Feb-2023 11:30 AM,assessment,Price Bid Opening Date,,"2,688,000",,HP Irrigation and Public Health,2022-2023
ocds-kjhdrl-2023_HPIPH_69168_1,tender,tender,1,2024-11-08,2023_HPIPH_69168_1,8084-8183 Dated 16/02/2022,Replacement and Automation of pumping machinery of various Water Supply Schemes of Tube well Sub Division Baddi in Doon area of Solan District (HP) Job No.-2.,Works,Open Tender,Item Rate,Civil Works - Others,,No,No,"49,20,500",17-Feb-2023 05:35 PM,120,No,Online,,,1,25-Feb-2023 11:45 AM,assessment,Price Bid Opening Date,,"3,777,777",,HP Irrigation and Public Health,2022-2023
ocds-kjhdrl-2023_HPIPH_69179_1,tender,tender,1,2024-11-08,2023_HPIPH_69179_1,No. JSV-1/E -tender/ 23-19181-19210 dt 08-02-2023,"Construction of tubewell at village Khad (Mohalla Dhandian) in Tehsil Haroli District UNA (HP). (SH- Providing, laying, jointing and testing of GMSERW pipe in Rising Main, Supply Errection of Submersible Pumping Machinery with allied accessorie",Works,Open Tender,Item Rate,Civil Works,,No,No,"40,95,342",17-Feb-2023 05:00 PM,120,No,Both(Online/Offline),,,1,24-Feb-2023 11:00 AM,assessment,Price Bid Opening Date,,"2,934,551",,HP Irrigation and Public Health,2022-2023
ocds-kjhdrl-2023_HPIPH_69268_1,tender,tender,1,2024-11-08,2023_HPIPH_69268_1,Kasumpti/shimla/SSS/GH/13.32,"Strengthening and sustainability of source of various LWSS under JSV Sub-Division, Ghanahatti Tehsil and Distt.Shimla.HP.(SH-Laying and jointing of G.I.Pipe of various dia in LWSS Chawala Biunt, LWSS Gharog Ghandal).Under JJM.",Works,Open Tender,Item Rate,Civil Works - Water Works,,No,No,"13,32,267",20-Feb-2023 05:00 PM,120,No,Both(Online/Offline),,,1,27-Feb-2023 11:30 AM,assessment,Price Bid Opening Date,,"631,625",,HP Irrigation and Public Health,2022-2023
ocds-kjhdrl-2023_HPIPH_69284_1,tender,tender,1,2024-11-08,2023_HPIPH_69284_1,EE/JSD/BJN/Tender/22-10123-173 dated 20.02.2322,HIM CAD to FIS Deol Kuhal in Tehsil Baijnath Distt Kangra HP SH Construction of RCC lining from RD 0 to 775 Rmt,Works,Open Tender,Lump-sum,Civil Works,,No,No,"48,93,182",20-Feb-2023 05:10 PM,90,No,Both(Online/Offline),,,1,14-Mar-2023 11:30 AM,assessment,Price Bid Opening Date,,"2,837,296",,HP Irrigation and Public Health,2022-2023
ocds-kjhdrl-2023_HPIPH_69322_1,tender,tender,1,2024-11-08,2023_HPIPH_69322_1,16929-78,Providing water supply scheme for newly added area of Nagar Nigam Mandi Distt Mandi HP,Works,Open Tender,Item Rate,Civil Works,,No,No,"19,93,81,599",21-Feb-2023 05:00 PM,120,No,Both(Online/Offline),,,1,01-Mar-2023 11:30 AM,assessment,Price Bid Opening Date,,"203,908,221",,HP Irrigation and Public Health,2022-2023
ocds-kjhdrl-2023_HPIPH_69335_1,tender,tender,1,2024-11-08,2023_HPIPH_69335_1,EE/JSD/BJN/23--10229-278 dated 21.02.2023,HIM CAD to FIS Juduhal Kuhal in Tehsil Baijnath Distt Kangra HP SH Construction of RCC lining from RD 7800 to 8095 295 Rmt,Works,Open Tender,Item Rate,Civil Works,,No,No,"21,03,254",21-Feb-2023 02:00 PM,90,No,Both(Online/Offline),,,1,14-Mar-2023 11:30 AM,assessment,Price Bid Opening Date,,"1,260,359",,HP Irrigation and Public Health,2022-2023
ocds-kjhdrl-2023_HPIPH_69392_1,tender,tender,1,2024-11-08,2023_HPIPH_69392_1,10015-65 dated 22-02-2022,Augmentation of source Strengthening and Improvement of various GWSS under Jal Shakti Sub Division Chopal in Tehsil Chopal Distt Shimla HP Under JJM,Works,Open Tender,Item Rate,Miscellaneous Works,,No,No,"1,99,91,263",22-Feb-2023 05:00 PM,120,No,Both(Online/Offline),,,1,07-Mar-2023 11:30 AM,assessment,Price Bid Opening Date,,"11,764,761",,HP Irrigation and Public Health,2022-2023
ocds-kjhdrl-2023_HPIPH_69412_1,tender,tender,1,2024-11-08,2023_HPIPH_69412_1,10015-65 dated 22-02-2022,Augmentation Strengthening Renovation of various existing GWSS schemes under Sub Division Kupvi in Tehsil Kupvi Distt Shimla HP under JJM,Works,Open Tender,Item Rate,Miscellaneous Works,,No,No,"1,10,03,356",22-Feb-2023 05:00 PM,120,No,Both(Online/Offline),,,1,07-Mar-2023 11:30 AM,assessment,Price Bid Opening Date,,"6,515,152",,HP Irrigation and Public Health,2022-2023
ocds-kjhdrl-2023_HPIPH_69418_1,tender,tender,1,2024-11-08,2023_HPIPH_69418_1,EE/JSD/BJN/23--10437-486 dated 22.02.2023,HIM CAD to FIS Charanmati Kuhal in Tehsil Baijnath Distt Kangra HP SH Construction of RCC lining from RD 9210 to 9550 340 Rmt,Works,Open Tender,Item Rate,Civil Works,,No,No,"24,15,709",22-Feb-2023 02:00 PM,90,No,Both(Online/Offline),,,1,14-Mar-2023 11:30 AM,assessment,Price Bid Opening Date,,"1,677,119",,HP Irrigation and Public Health,2022-2023
ocds-kjhdrl-2023_HPIPH_69420_1,tender,tender,1,2024-11-08,2023_HPIPH_69420_1,10015-65 dated 22-02-2022,Augmentation of source Strengthening and Improvement of various GWSS under Jal Shakti Sub Division Chopal in Tehsil Chopal Distt Shimla HP Under JJM,Works,Open Tender,Item Rate,Miscellaneous Works,,No,No,"1,04,32,028",22-Feb-2023 05:00 PM,120,No,Both(Online/Offline),,,1,07-Mar-2023 11:30 AM,assessment,Price Bid Opening Date,,"5,745,000",,HP Irrigation and Public Health,2022-2023
ocds-kjhdrl-2023_HPIPH_69425_1,tender,tender,1,2024-11-08,2023_HPIPH_69425_1,10015-65 dated 22-02-2022,Augmentation of source Strengthening and Improvement of various GWSS under Jal Shakti Sub Division Chopal in Tehsil Chopal Distt Shimla HP Under JJM,Works,Open Tender,Item Rate,Miscellaneous Works,,No,No,"3,75,44,978",22-Feb-2023 05:00 PM,120,No,Both(Online/Offline),,,1,07-Mar-2023 11:30 AM,assessment,Price Bid Opening Date,,"23,456,477",,HP Irrigation and Public Health,2022-2023
ocds-kjhdrl-2023_HPIPH_69514_1,tender,tender,1,2024-11-08,2023_HPIPH_69514_1,JSV-DM/13546/2,"LWSS Dhori Khad to Batari, Kawanu, Jarol and Shilajan in GP Jarol Tehsil Kumarsain Distt. Shimla HP",Works,Open Tender,Item Rate,Civil Works - Water Works,,No,No,,23-Feb-2023 05:00 PM,120,No,Both(Online/Offline),,,1,13-Mar-2023 11:30 AM,assessment,Price Bid Opening Date,,"1,456,132",,HP Irrigation and Public Health,2022-2023
ocds-kjhdrl-2023_HPIPH_69517_1,tender,tender,1,2024-11-08,2023_HPIPH_69517_1,JSV-DM/13546/3,Providing LWSS Pharal Khad to Kumarsain in tehsil Kumarsain in Distt. Shimla,Works,Open Tender,Item Rate,Civil Works - Water Works,,No,No,,23-Feb-2023 05:00 PM,120,No,Both(Online/Offline),,,1,13-Mar-2023 11:30 AM,assessment,Price Bid Opening Date,,"382,768",,HP Irrigation and Public Health,2022-2023
ocds-kjhdrl-2023_HPIPH_69557_1,tender,tender,1,2024-11-08,2023_HPIPH_69557_1,Kasumpti/shimla/source/Sainj,"Working estimate for improvement and source strengthening of old schemes under JSV Sub-Division, Sainj tehsil Theog and Distt. Shimla (HP).(SH C/o 5 Nos Check Dam in various locations)",Works,Open Tender,Item Rate,Civil Works - Water Works,,No,No,"27,58,491",23-Feb-2023 05:00 PM,120,No,Both(Online/Offline),,,1,02-Mar-2023 11:30 AM,assessment,Price Bid Opening Date,,"1,992,928",,HP Irrigation and Public Health,2022-2023
ocds-kjhdrl-2023_HPIPH_69581_1,tender,tender,1,2024-11-08,2023_HPIPH_69581_1,15125-15224,"Source strengthening for LWSS. Sehri Dangrella , LWSS Bani khadwana and LWSS Bagli Chalali, LWSS Chanouta in Sub-Tehsil Pragpur District Kangra (H.P.) under JJM",Works,Open Tender,Item Rate,Civil Works,,No,No,"16,13,52,306",23-Feb-2023 05:15 PM,120,No,Both(Online/Offline),,,1,08-Mar-2023 11:30 AM,assessment,Price Bid Opening Date,,"152,335,333",,HP Irrigation and Public Health,2022-2023
ocds-kjhdrl-2023_HPIPH_69594_1,tender,tender,1,2024-11-08,2023_HPIPH_69594_1,BLP-BLP-00736-NIT No. 26461-564 Dated 23/02/2023,Providing Lift Irrigation schemeto GP Malyawar Bhatoli and Baloh from Satluj River in Tehsil Ghumarwin District Bilaspur SH Construction of circular main delivery tank 20000 litr capacity construction of storage tank 10000 litr capacity C/o desilitin,Works,Open Tender,Item Rate,Civil Works,,No,No,"29,97,871",24-Feb-2023 05:00 PM,120,No,Online,,,1,07-Mar-2023 11:30 AM,assessment,Price Bid Opening Date,,"2,619,248",,HP Irrigation and Public Health,2022-2023
ocds-kjhdrl-2023_HPIPH_69596_1,tender,tender,1,2024-11-08,2023_HPIPH_69596_1,JBL-SML-09-718,Source strengthning of GWSS Tehtoli Standli GWSS Sharmu Dhar GWSS Tharola GWSS Darkoti GWSS Kudi Khadyana Kudi Mohli GWSS Kdewali GWSS Jalath GWSS Katach GWSS Along GWSS Tamnoti GWSS Dhar Adhol LWSS Ghial Area Kangi Nallah and GWSS Baghar Chhatri etc,Works,Open Tender,Item Rate,Civil Works,,No,No,"1,49,91,743",24-Feb-2023 09:00 AM,120,No,Both(Online/Offline),,,1,10-Mar-2023 11:30 AM,assessment,Price Bid Opening Date,,"8,445,124",,HP Irrigation and Public Health,2022-2023
ocds-kjhdrl-2023_HPIPH_69596_2,tender,tender,1,2024-11-08,2023_HPIPH_69596_2,JBL-SML-09-718,Source strengthning of GWSS Tehtoli Standli GWSS Sharmu Dhar GWSS Tharola GWSS Darkoti GWSS Kudi Khadyana Kudi Mohli GWSS Kdewali GWSS Jalath GWSS Katach GWSS Along GWSS Tamnoti GWSS Dhar Adhol LWSS Ghial Area Kangi Nallah and GWSS Baghar Chhatri etc,Works,Open Tender,Item Rate,Civil Works,,No,No,"1,45,14,673",24-Feb-2023 09:00 AM,120,No,Online,,,1,10-Mar-2023 11:30 AM,assessment,Price Bid Opening Date,,"7,495,865",,HP Irrigation and Public Health,2022-2023
ocds-kjhdrl-2023_HPIPH_69596_3,tender,tender,1,2024-11-08,2023_HPIPH_69596_3,JBL-SML-09-718,Source strengthning of GWSS Tehtoli Standli GWSS Sharmu Dhar GWSS Tharola GWSS Darkoti GWSS Kudi Khadyana Kudi Mohli GWSS Kdewali GWSS Jalath GWSS Katach GWSS Along GWSS Tamnoti GWSS Dhar Adhol LWSS Ghial Area Kangi Nallah and GWSS Baghar Chhatri etc,Works,Open Tender,Item Rate,Civil Works,,No,No,"1,09,06,408",24-Feb-2023 09:00 AM,120,No,Online,,,1,10-Mar-2023 11:30 AM,assessment,Price Bid Opening Date,,"6,480,527",,HP Irrigation and Public Health,2022-2023
ocds-kjhdrl-2023_HPIPH_69626_1,tender,tender,1,2024-11-08,2023_HPIPH_69626_1,NGB-KNG01-773,Construction of FIS Kadul Kuhl in GP Amtrar in tehsil Nagrota Bagwan,Works,Open Tender,Item Rate,Civil Works,,No,No,"1,23,70,181",24-Feb-2023 05:00 PM,90,No,Both(Online/Offline),,,1,09-Mar-2023 11:30 AM,assessment,Price Bid Opening Date,,"7,899,248",,HP Irrigation and Public Health,2022-2023
ocds-kjhdrl-2023_HPIPH_69632_1,tender,tender,1,2024-11-08,2023_HPIPH_69632_1,JHT-BLP-03-782,Operation and maintenance of various LWSS under JSV Section Jhandutta in Tehsil Jhandutta Distt Bilaspur HP SH Deployment of Manpower for six Months,Works,Open Tender,Item Rate,Repair and Maintenance Works,,No,No,,24-Feb-2023 05:00 PM,120,No,Both(Online/Offline),,,1,04-Mar-2023 11:30 AM,assessment,Price Bid Opening Date,,"599,000",,HP Irrigation and Public Health,2022-2023
ocds-kjhdrl-2023_HPIPH_69650_1,tender,tender,1,2024-11-08,2023_HPIPH_69650_1,11492-5640-Anni-3,Retrofitting of WSS Seridhar Tandi Lahral in GP Ghatoo Gamog in Nirmand Block Distt. Kullu H.P,Works,Open Tender,Item Wise,Civil Works,,No,No,"12,91,691",24-Feb-2023 06:00 PM,120,No,Both(Online/Offline),,,1,03-Mar-2023 12:30 PM,assessment,Price Bid Opening Date,,"951,240",,HP Irrigation and Public Health,2022-2023
ocds-kjhdrl-2023_HPIPH_69659_1,tender,tender,1,2024-11-08,2023_HPIPH_69659_1,NHN-SMROO-722- 18607-687 dt 24-2-23,Resilient and Sustainable Services Delivery in water Supplies schemes under Jal Shakti Vibhag Subdivision Jamta in Tehsil Nahan Distt. Sirmour HP,Works,Open Tender,Item Rate,Civil Works,,No,No,"4,16,44,577",25-Feb-2023 05:00 PM,120,No,Both(Online/Offline),,,1,04-Mar-2023 11:30 AM,assessment,Price Bid Opening Date,,"37,797,670",,HP Irrigation and Public Health,2022-2023
ocds-kjhdrl-2023_HPIPH_69659_2,tender,tender,1,2024-11-08,2023_HPIPH_69659_2,NHN-SMROO-722- 18607-687 dt 24-2-23,Resilient and Sustainable Services Delivery in water Supplies schemes under Jal Shakti Vibhag Subdivision Jamta in Tehsil Nahan Distt. Sirmour HP,Works,Open Tender,Item Rate,Civil Works,,No,No,"1,86,55,930",25-Feb-2023 05:00 PM,120,No,Both(Online/Offline),,,1,04-Mar-2023 11:30 AM,assessment,Price Bid Opening Date,,"16,100,105",,HP Irrigation and Public Health,2022-2023
ocds-kjhdrl-2023_HPIPH_69729_1,tender,tender,1,2024-11-08,2023_HPIPH_69729_1,BLP-BLP-00736_NIT No. 26797-898 Dated 25/02/2023,Augmentation of source of water supply schemes of GP Talyana Hawan Bhulswai Harlog Sarwin Khas Balh Churadi and other adjoining GP from Satluj river Block Ghumarwin District Bilaspur HP SH Providing and fixing Cast steel non return valve 450mm dia 1N,Works,Open Tender,Item Rate,Civil Works,,No,No,"9,35,663",27-Feb-2023 10:00 AM,120,No,Online,,,1,09-Mar-2023 11:30 AM,assessment,Price Bid Opening Date,,"766,000",,HP Irrigation and Public Health,2022-2023
ocds-kjhdrl-2023_HPIPH_69734_1,tender,tender,1,2024-11-08,2023_HPIPH_69734_1,BLP-BLP-00736-NIT No. 26797-898 Dated 25/02/2023,Augmentation of source of water supply schemes of GP Talyana Hawan Bhulswai Harlog Sarwin Khas Balh Churadi and other adjoining GP from Satluj river Block Ghumarwin District Bilaspur HP SH Providing and fixing Cast steel non return valve 450mm dia 1,Works,Open Tender,Item Rate,Civil Works,,No,No,"15,33,033",27-Feb-2023 10:00 AM,120,No,Online,,,1,09-Mar-2023 11:30 AM,assessment,Price Bid Opening Date,,"1,209,492",,HP Irrigation and Public Health,2022-2023
ocds-kjhdrl-2023_HPIPH_69736_1,tender,tender,1,2024-11-08,2023_HPIPH_69736_1,BLP-BLP-00736-NIT No. 26797-898 Dated 25/02/2023,AR and MO LWSS Jukhala in Tehsil Sadar District Bilaspur SH Supply of manpower for pumping machinery and rising main for one year,Works,Open Tender,Item Rate,Civil Works,,No,No,"8,12,750",27-Feb-2023 10:00 AM,120,No,Offline,,,1,09-Mar-2023 11:30 AM,assessment,Price Bid Opening Date,,"778,000",,HP Irrigation and Public Health,2022-2023
ocds-kjhdrl-2023_HPIPH_69785_1,tender,tender,1,2024-11-08,2023_HPIPH_69785_1,15282-381,C/O LIS to village Jatoli and Kurial Khera in Tehsil Rakkar District Kangra HP,Works,Open Tender,Item Rate,Civil Works,,No,No,"53,58,499",27-Feb-2023 05:00 PM,120,No,Both(Online/Offline),,,1,06-Mar-2023 11:30 AM,assessment,Price Bid Opening Date,,"4,847,158",,HP Irrigation and Public Health,2022-2023
ocds-kjhdrl-2023_HPIPH_69861_1,tender,tender,1,2024-11-08,2023_HPIPH_69861_1,GGT-UNA01-752 No 11256-95 dt 28.02.2023,"Construction of 12 Nos. Tubewell in village Dangoh, Bhaderkali, Nakroh, Babehar, Marwari and Raipur in Tehsil Ghanari Distt. Una (HP)",Works,Open Tender,Item Rate,Civil Works,,No,No,"1,30,73,792",01-Mar-2023 01:00 PM,120,No,Both(Online/Offline),,,1,15-Mar-2023 11:00 AM,assessment,Price Bid Opening Date,,"12,849,253",,HP Irrigation and Public Health,2022-2023
ocds-kjhdrl-2023_HPIPH_69862_1,tender,tender,1,2024-11-08,2023_HPIPH_69862_1,GGT-UNA01-752 No 11256-95 dt 28.02.2023,"Providing IOT based instrumentation to monitor quality and quantity of drinking water in G.P. Nangal Jarialan for lift water supply scheme Nangal Jarialan , G.P. Bhanjal Upper, Bhanjal Lower (Kadh) for LWSS Amlehar in Block Gagret Distt. Una (HP) in",Works,Open Tender,Item Rate,Civil Works,,No,No,"49,36,506",01-Mar-2023 01:00 PM,120,No,Both(Online/Offline),,,1,15-Mar-2023 11:00 AM,assessment,Price Bid Opening Date,,"3,879,074",,HP Irrigation and Public Health,2022-2023
ocds-kjhdrl-2023_HPIPH_69863_1,tender,tender,1,2024-11-08,2023_HPIPH_69863_1,GGT-UNA01-752 No 11256-95 dt 28.02.2023,"Improvement of Tubewell No. 18 at Guglehar, Tubewell No. 81 Kuthera Jaswalan, Tubewell No. 8 at Mawa Sindian, Tubewell No. 6 at Tatehra and Tubewell No. 86 at Badoh Tehsil Ghanari Distt. Una (HP)",Works,Open Tender,Item Rate,Civil Works,,No,No,"37,72,142",01-Mar-2023 01:00 PM,120,No,Both(Online/Offline),,,1,15-Mar-2023 11:00 AM,assessment,Price Bid Opening Date,,"2,549,941",,HP Irrigation and Public Health,2022-2023
ocds-kjhdrl-2023_HPIPH_69865_1,tender,tender,1,2024-11-08,2023_HPIPH_69865_1,GGT-UNA01-752 No 11256-95 dt 28.02.2023,"Improvement of Tubewell No. 59 and 63 Saloh Beri, T/well No. 74 Bhaderkali, T/well No. 51 Mawa Kohlan, T/well at Bhaderkali (Bhudda), T/well No. 75 Nakroh in Tehsil Ghanari Distt. Una (HP)",Works,Open Tender,Item Rate,Civil Works,,No,No,"21,47,932",01-Mar-2023 01:00 PM,120,No,Both(Online/Offline),,,1,15-Mar-2023 11:00 AM,assessment,Price Bid Opening Date,,"1,321,300",,HP Irrigation and Public Health,2022-2023
ocds-kjhdrl-2023_HPIPH_69867_1,tender,tender,1,2024-11-08,2023_HPIPH_69867_1,GGT-UNA01-752 No 11256-95 dt 28.02.2023,"Improvement of Tubewell at Mandwara (Near Barrier) Tubewell at Guglehar, Irrigation Scheme Andora Upper , Lower in Tehsil Ghanari Distt. Una (HP)",Works,Open Tender,Item Rate,Civil Works,,No,No,"33,36,268",01-Mar-2023 01:00 PM,120,No,Both(Online/Offline),,,1,15-Mar-2023 11:00 AM,assessment,Price Bid Opening Date,,"2,025,929",,HP Irrigation and Public Health,2022-2023
ocds-kjhdrl-2023_HPIPH_69868_1,tender,tender,1,2024-11-08,2023_HPIPH_69868_1,GGT-UNA01-752 No 11256-95 dt 28.02.2023,"Improvement of Tubewell at Mandwara (Near Barrier) Tubewell at Guglehar, Irrigation Scheme Andoura Upper , Lower in Tehsil Ghanari Distt. Una (HP)",Works,Open Tender,Item Rate,Civil Works,,No,No,"31,98,897",01-Mar-2023 01:00 PM,120,No,Both(Online/Offline),,,1,15-Mar-2023 11:00 AM,assessment,Price Bid Opening Date,,"1,973,940",,HP Irrigation and Public Health,2022-2023
ocds-kjhdrl-2023_HPIPH_70030_1,tender,tender,1,2024-11-08,2023_HPIPH_70030_1,EE/IPHDT/WA-I/2022-21934-78 dated 02.03.2023,Providing FHTC under Lwss Kona Phiri Lwss Duhk Dhaniyara Lwss Bheri Paprola Lwss Tina Jhamete Lwss Dali Bhalunder Lwss Lahru Sadda etc. under JJM in Tehsil Palampur Thural Jaisinghpur in Distt Kangra H.P,Works,Open Tender,Item Rate,Civil Works,,No,No,,02-Mar-2023 05:00 PM,120,No,Both(Online/Offline),,,1,11-Mar-2023 11:30 AM,assessment,Price Bid Opening Date,,"53,759,031.66",,HP Irrigation and Public Health,2022-2023
ocds-kjhdrl-2023_HPIPH_70033_1,tender,tender,1,2024-11-08,2023_HPIPH_70033_1,EE/JSDS/EA-I/2022-17081-17130 dt 02/03/23,Providing Functional Tap Connection to left out habitation under various water supply scheme in Jal Shakti Division Shahpur,Works,Open Tender,Lump-sum,Civil Works,,No,No,"1,40,03,483",02-Mar-2023 04:00 PM,120,No,Both(Online/Offline),,,1,09-Mar-2023 11:30 AM,assessment,Price Bid Opening Date,,"10,638,779",,HP Irrigation and Public Health,2022-2023
ocds-kjhdrl-2023_HPIPH_70107_1,tender,tender,1,2024-11-08,2023_HPIPH_70107_1,EE-JSD-RMP-E-TEN/22-18581-630 DT. 3.3.23,Providing sewerage scheme to Taklech in Tehsil Rampur JOB NO 3,Works,Open Tender,Item Rate,Civil Works,,No,No,"66,95,483",03-Mar-2023 05:00 PM,120,No,Both(Online/Offline),,,1,14-Mar-2023 10:00 AM,assessment,Price Bid Opening Date,,"5,271,418",,HP Irrigation and Public Health,2022-2023
ocds-kjhdrl-2023_HPIPH_70256_1,tender,tender,1,2024-11-08,2023_HPIPH_70256_1,17417-66,AR and MO Sewerage Scheme Mandi,Works,Open Tender,Lump-sum,Repair and Maintenance Works,,No,No,"74,69,900",04-Mar-2023 05:00 PM,90,No,Both(Online/Offline),,,1,13-Mar-2023 11:30 AM,assessment,Price Bid Opening Date,,"6,800,000",,HP Irrigation and Public Health,2022-2023
ocds-kjhdrl-2023_HPIPH_70265_1,tender,tender,1,2024-11-08,2023_HPIPH_70265_1,GMR-BLP02-737(15256-95 DPR GOVIND),Providing Irrigation facility in Ghumarwin constituency from Govind Sagar Lake in Tehsil Ghumarwin Distt Bilaspur,Works,Open Tender,Item Rate,Civil Works,,No,No,"28,38,260",04-Mar-2023 05:00 PM,90,No,Both(Online/Offline),,,1,10-Mar-2023 11:30 AM,assessment,Price Bid Opening Date,,"2,651,080",,HP Irrigation and Public Health,2022-2023
ocds-kjhdrl-2023_HPIPH_70307_1,tender,tender,1,2024-11-08,2023_HPIPH_70307_1,JSV-DM-CB-13783-822/1,Providing LWSS Pharal khad to kumarsain Deeb and Zar in Tehsil Kumarsain.,Works,Open Tender,Item Rate,Civil Works - Buildings,,No,No,,07-Mar-2023 09:00 AM,120,No,Both(Online/Offline),,,1,22-Mar-2023 11:30 AM,assessment,Price Bid Opening Date,,"1,207,068",,HP Irrigation and Public Health,2022-2023
ocds-kjhdrl-2023_HPIPH_70314_1,tender,tender,1,2024-11-08,2023_HPIPH_70314_1,No. JSV-1/E -tender/ 23-20569-98 dt 06-03-2023,Restoration of rain damages to LIP Bhabour sahib Phase-II (SH C/O retaining wall to protect the open channel of Gravity main No.1 at village Bangarh Mohalla Pukhru RD 1700 ),Works,Open Tender,Item Rate,Civil Works,,No,No,"9,95,120",06-Mar-2023 03:00 PM,120,No,Both(Online/Offline),,,1,14-Mar-2023 11:00 AM,assessment,Price Bid Opening Date,,"537,296",,HP Irrigation and Public Health,2022-2023
ocds-kjhdrl-2023_HPIPH_70321_1,tender,tender,1,2024-11-08,2023_HPIPH_70321_1,No. JSV-1/E -tender/ 23-20569-98 dt 06-03-2023,"C/O LIS in Village Panjuwana ,Dhugge,Nagnoli( Lawana Majra), Pandoga( Jagrana), Badehra ( Pahadian) ,Panjawar and Bathree in Distt Una ( H.P.) (SH C/O Pump house for LIS Haroli lower road ( additional work)",Works,Open Tender,Item Rate,Civil Works,,No,No,"10,31,935",06-Mar-2023 03:00 PM,120,No,Both(Online/Offline),,,1,14-Mar-2023 11:00 AM,assessment,Price Bid Opening Date,,"681,952",,HP Irrigation and Public Health,2022-2023
ocds-kjhdrl-2023_HPIPH_70434_1,tender,tender,1,2024-11-08,2023_HPIPH_70434_1,PNT-SMR02-720 No. 25228-25327 Dated 06.03.2023,"C/O 3 Nos Irrigation T/wells in GP Danda Pagar, 4 Nos in GP Bhagani 4 Nos in GP Gorkhuwala, 3 Nos in GP Salwala and 2 No GP Khodri Majri in Tehsil paonta Sahib Distt. Sirmour HP",Works,Open Tender,Item Rate,Civil Works,,No,No,"75,62,149",07-Mar-2023 06:55 PM,120,No,Both(Online/Offline),,,1,13-Mar-2023 12:30 PM,assessment,Price Bid Opening Date,,"12,496,890",,HP Irrigation and Public Health,2022-2023
ocds-kjhdrl-2023_HPIPH_70434_4,tender,tender,1,2024-11-08,2023_HPIPH_70434_4,PNT-SMR02-720 No. 25228-25327 Dated 06.03.2023,C/O LWSS Phoolpur GP Phoolpur in Tehsil Paonta Sahib Distt. Sirmour HP,Works,Open Tender,Item Rate,Civil Works,,No,No,"38,84,000",07-Mar-2023 06:55 PM,120,No,Both(Online/Offline),,,1,13-Mar-2023 12:30 PM,assessment,Price Bid Opening Date,,"3,691,900",,HP Irrigation and Public Health,2022-2023
ocds-kjhdrl-2023_HPIPH_70434_5,tender,tender,1,2024-11-08,2023_HPIPH_70434_5,PNT-SMR02-720 No. 25228-25327 Dated 06.03.2023,Providing Sewerage Scheme to Paonta Town in Tehsil paonta Sahib District Sirmour (HP),Works,Open Tender,Item Rate,Civil Works,,No,No,"13,13,800",07-Mar-2023 06:55 PM,120,No,Both(Online/Offline),,,1,13-Mar-2023 12:30 PM,assessment,Price Bid Opening Date,,"1,158,000",,HP Irrigation and Public Health,2022-2023
ocds-kjhdrl-2023_HPIPH_70434_6,tender,tender,1,2024-11-08,2023_HPIPH_70434_6,PNT-SMR02-720 No. 25228-25327 Dated 06.03.2023,C/O LWSS Phoolpur in GP Phoolpur in Tehsil Paonta Sahib District Sirmour HP,Works,Open Tender,Item Rate,Civil Works,,No,No,"8,39,250",07-Mar-2023 06:55 PM,120,No,Both(Online/Offline),,,1,13-Mar-2023 12:30 PM,assessment,Price Bid Opening Date,,"496,990",,HP Irrigation and Public Health,2022-2023
ocds-kjhdrl-2023_HPIPH_70434_7,tender,tender,1,2024-11-08,2023_HPIPH_70434_7,PNT-SMR02-720 No. 25228-25327 Dated 06.03.2023,"Annual Repair and Maintenance of various LIS under Giri Irrigation Sub-Divisoin No. - II, Patlion in Tehsil Paonta Sahib District Sirmour HP",Works,Open Tender,Item Rate,Civil Works,,No,No,"5,87,650",07-Mar-2023 06:55 PM,120,No,Both(Online/Offline),,,1,13-Mar-2023 12:30 PM,assessment,Price Bid Opening Date,,"493,480",,HP Irrigation and Public Health,2022-2023
ocds-kjhdrl-2023_HPIPH_70633_1,tender,tender,1,2024-11-08,2023_HPIPH_70633_1,BLP-BLP-00736_NIT No. 28889-988 Dated 10/03/2023,AR and M/O LWSS Deoth Vao Humber and LWSS Kahli Changer under JSV Section Namhol in Tehsil Sadar District Bilaspur (SH Supply of manpower for operating field distribution system for one year).,Works,Open Tender,Item Rate,Civil Works,,No,No,"8,08,000",13-Mar-2023 05:00 PM,120,No,Both(Online/Offline),,,1,21-Mar-2023 11:30 AM,assessment,Price Bid Opening Date,,"798,000",,HP Irrigation and Public Health,2022-2023
ocds-kjhdrl-2023_HPIPH_70634_1,tender,tender,1,2024-11-08,2023_HPIPH_70634_1,BLP-BLP-00736-NIT No. 28889-988 Dated 10/03/2023,AR and MO LWSS Seer Khad to Bhiyanu Peer group of villages in Tehsil Ghumarwin District Bilaspur (SH Providing manpower for distribution system for six months).,Works,Open Tender,Item Rate,Civil Works,,No,No,"7,09,600",13-Mar-2023 05:00 PM,120,No,Offline,,,1,21-Mar-2023 11:30 AM,assessment,Price Bid Opening Date,,"695,000",,HP Irrigation and Public Health,2022-2023
ocds-kjhdrl-2023_HPIPH_70652_1,tender,tender,1,2024-11-08,2023_HPIPH_70652_1,17972-18032 dated 13-03-2023,Providing CAD Work for Left Out area LIS Chamdar in Tehsil Ramshehar District Solan HP Sub Head Laying jointing testing of HDPE Pipe in distribution system and Construction of 14 Nos outlets,Works,Open Tender,Item Rate,Civil Works,,No,No,"24,68,086",13-Mar-2023 04:00 PM,120,No,Online,,,1,22-Mar-2023 11:30 AM,assessment,Price Bid Opening Date,,"1,499,887.2",,HP Irrigation and Public Health,2022-2023
ocds-kjhdrl-2023_HPIPH_70655_1,tender,tender,1,2024-11-08,2023_HPIPH_70655_1,17972-18032 dated 13-03-2023,Providing CAD Work to FIS Poungni Chaskar Tehsil Ramshehar District Solan HP Sub Head Construction of Pucca field channel,Works,Open Tender,Item Rate,Civil Works,,No,No,"21,57,123",13-Mar-2023 04:00 PM,120,No,Online,,,1,22-Mar-2023 11:30 AM,assessment,Price Bid Opening Date,,"1,499,059",,HP Irrigation and Public Health,2022-2023
ocds-kjhdrl-2023_HPIPH_70657_1,tender,tender,1,2024-11-08,2023_HPIPH_70657_1,17972-18032 dated 13-03-2023,Providing CAD Work for Left Out area LIS Saur 2nd Stage in Tehsil Ramshehar District Solan HP Sub Head Laying jointing testing of HDPE Pipe in distribution system and Construction of 10 Nos outlets,Works,Open Tender,Item Rate,Civil Works,,No,No,"15,08,612",13-Mar-2023 04:00 PM,120,No,Online,,,1,22-Mar-2023 11:30 AM,assessment,Price Bid Opening Date,,"949,812.4",,HP Irrigation and Public Health,2022-2023
ocds-kjhdrl-2023_HPIPH_71123_1,tender,tender,1,2024-11-08,2023_HPIPH_71123_1,SHL-SMR03-780-JSV DIVSHILLAI-9967-10015 D18.03.23,Augmentation and Improvement to LWSS to various villages in GP Shiri Kiary and Drawil in Tehsil Shillai District Sirmour HP Under JJM,Works,Open Tender,Item Rate,Civil Works,,No,No,"16,47,013",18-Mar-2023 05:00 PM,120,No,Both(Online/Offline),,,1,29-Mar-2023 12:30 PM,assessment,Price Bid Opening Date,,"2,721,607",,HP Irrigation and Public Health,2022-2023
ocds-kjhdrl-2023_HPIPH_71123_2,tender,tender,1,2024-11-08,2023_HPIPH_71123_2,SHL-SMR03-780-JSV DIVSHILLAI-9967-10015 D18.03.23,Augmentation and Improvement of LWSS to various villages in GP Shiri Kiary and Drawil in Tehsil Shillai District Sirmour HP,Works,Open Tender,Item Rate,Civil Works,,No,No,"48,98,788",18-Mar-2023 05:00 PM,120,No,Both(Online/Offline),,,1,29-Mar-2023 12:30 PM,assessment,Price Bid Opening Date,,"5,757,062",,HP Irrigation and Public Health,2022-2023
ocds-kjhdrl-2023_HPIPH_71123_3,tender,tender,1,2024-11-08,2023_HPIPH_71123_3,SHL-SMR03-780-JSV DIVSHILLAI-9967-10015 D18.03.23,Augmentation and Improvement to LWSS to various villages in GP Shiri Kiary and Drawil in Tehsil Shillai District Sirmour HP,Works,Open Tender,Item Rate,Civil Works,,No,No,"11,54,029",18-Mar-2023 05:05 PM,120,No,Both(Online/Offline),,,1,29-Mar-2023 12:30 PM,assessment,Price Bid Opening Date,,"804,289",,HP Irrigation and Public Health,2022-2023
ocds-kjhdrl-2023_HPIPH_71145_1,tender,tender,1,2024-11-08,2023_HPIPH_71145_1,EE/JSDS/EA-I/2022-18023-72 dt 18/03/2023,Providing and installation of 5 Nos India Mark-III (65mm dia) India Mark-II (32mm dia) deep well hand pumps under Jal Shakti Division Shahpur,Works,Open Tender,Item Rate,Civil Works,,No,No,"9,35,900",18-Mar-2023 05:00 PM,120,No,Both(Online/Offline),,,1,28-Mar-2023 11:30 AM,assessment,Price Bid Opening Date,,"671,550",,HP Irrigation and Public Health,2022-2023
ocds-kjhdrl-2023_HPIPH_71152_1,tender,tender,1,2024-11-08,2023_HPIPH_71152_1,JBL-SML-09-718,Providing LWSS to Atal Bihari Institute of Engineering and Technology Pragatinagar Gumma in Tehsil Kotkhai Distt Shimla,Works,Open Tender,Item Rate,Civil Works - Buildings,,No,No,"73,71,423",18-Mar-2023 06:00 PM,120,No,Online,,,1,28-Mar-2023 11:30 AM,assessment,Price Bid Opening Date,,"4,929,684",,HP Irrigation and Public Health,2022-2023
ocds-kjhdrl-2023_HPIPH_71218_1,tender,tender,1,2024-11-08,2023_HPIPH_71218_1,JS-DM-CB-14087-126/2,Strengthening of Source Existing Distribution Network of Various WSS Under JSV Sub Division Theog.,Works,Open Tender,Item Rate,Civil Works - Water Works,,No,No,,21-Mar-2023 11:00 AM,120,No,Both(Online/Offline),,,1,31-Mar-2023 11:30 AM,assessment,Price Bid Opening Date,,"5,978,345",,HP Irrigation and Public Health,2022-2023
ocds-kjhdrl-2023_HPIPH_71238_1,tender,tender,1,2024-11-08,2023_HPIPH_71238_1,EE-JAD-BAGGI/2022- 34241-91 DATED 20/3/2023,Operation and Maintenance of WSS and Sewerage system SLBS Medical college Nerchowk,Works,Open Tender,Item Rate,Civil Works,,No,No,"40,26,413",21-Mar-2023 09:00 AM,120,No,Online,,,1,31-Mar-2023 11:30 AM,assessment,Price Bid Opening Date,,"2,325,000",,HP Irrigation and Public Health,2022-2023
ocds-kjhdrl-2023_HPIPH_71326_1,tender,tender,1,2024-11-08,2023_HPIPH_71326_1,Kasumpti/shimla/LWSS Khairi 9.88,Providing manpower for operation minor repair and maintenace of LWSS Khairi Jhakhri in G.P.Dhamoon Tehsil and Distt. Shimla.H.P.(SH-Providing manpower for operation/watch ward and distribution/supply of water from LWSS Khairi Jhakri for operating va,Services,Open Tender,Item Rate,Manpower Supply,,No,No,"9,88,021",21-Mar-2023 05:00 PM,120,No,Both(Online/Offline),,,1,01-Apr-2023 11:30 AM,assessment,Price Bid Opening Date,,"633,812",,HP Irrigation and Public Health,2022-2023
ocds-kjhdrl-2023_HPIPH_71345_1,tender,tender,1,2024-11-08,2023_HPIPH_71345_1,EE-JSD-BAGGI/2022- 34341-90 DATED 21/03/2023,AR and MO VARIOUS SCHEMES UNDER SUB DIVISION GOHAR,Works,Open Tender,Item Rate,Civil Works,,No,No,"8,98,392",22-Mar-2023 09:00 AM,120,No,Online,,,1,05-Apr-2023 11:30 AM,assessment,Price Bid Opening Date,,"600,000",,HP Irrigation and Public Health,2022-2023
ocds-kjhdrl-2023_HPIPH_71352_1,tender,tender,1,2024-11-08,2023_HPIPH_71352_1,EE-JSD-BAGGI/2022- 34341-90 Dated 21/03/2023,Providing Manpower like Beldar Chowkidar Fitter Pump Operator of various LWSS WSS under Sub Division No.II Baggi,Works,Open Tender,Item Rate,Civil Works,,No,No,"9,60,240",22-Mar-2023 09:00 AM,120,No,Online,,,1,05-Apr-2023 11:30 AM,assessment,Price Bid Opening Date,,"546,000",,HP Irrigation and Public Health,2022-2023
ocds-kjhdrl-2023_HPIPH_71357_1,tender,tender,1,2024-11-08,2023_HPIPH_71357_1,EE-JSD-BAGGI/2022- 34341-90 DATED 21/03/2023,AR and MO BVMIP LEFT BANK IN TEHSIL BALH DISTT MANDI HP,Works,Open Tender,Item Rate,Civil Works,,No,No,"11,88,672",22-Mar-2023 09:00 AM,120,No,Online,,,1,05-Apr-2023 11:30 AM,assessment,Price Bid Opening Date,,"716,640",,HP Irrigation and Public Health,2022-2023
ocds-kjhdrl-2023_HPIPH_71365_1,tender,tender,1,2024-11-08,2023_HPIPH_71365_1,EE-JSD-BAGGI/2022- 34341-90 DATED 21/03/2023,AR and MO BVMIP LEFT BANK IN TEHSIL BALH DISTT MANDI HP,Works,Open Tender,Item Rate,Civil Works,,No,No,"13,23,198",22-Mar-2023 09:00 AM,120,No,Online,,,1,05-Apr-2023 11:30 AM,assessment,Price Bid Opening Date,,"1,119,150",,HP Irrigation and Public Health,2022-2023
ocds-kjhdrl-2023_HPIPH_71372_1,tender,tender,1,2024-11-08,2023_HPIPH_71372_1,EE-JSV--E-tenders-2022-23,Construction of Office of the Chief Engineer Jal Shakti Vibhag Hamripur Zone at Salasi in Tehsil and Distt Hamirpur,Works,Open Tender,Item Rate,Civil Works,,No,No,"4,27,15,337",22-Mar-2023 09:00 AM,120,No,Both(Online/Offline),,,1,31-Mar-2023 11:30 AM,assessment,Price Bid Opening Date,,"35,635,749",,HP Irrigation and Public Health,2022-2023
ocds-kjhdrl-2023_HPIPH_71386_1,tender,tender,1,2024-11-08,2023_HPIPH_71386_1,EE-JSV-HMR-E-tenders-2022-23,Source Strengthening of LWSS Bamson Mewa Project in Tehsil Touni Devi District Hamirpur,Works,Open Tender,Item Rate,Civil Works,,No,No,"36,67,27,453",23-Mar-2023 09:00 AM,120,No,Both(Online/Offline),,,1,10-Apr-2023 11:30 AM,assessment,Price Bid Opening Date,,"317,898,240",,HP Irrigation and Public Health,2022-2023
ocds-kjhdrl-2023_HPIPH_71540_1,tender,tender,1,2024-11-08,2023_HPIPH_71540_1,No. JSV-1/E -tender/ 22-22248-77 dt 24-03-2023,"Drilling , Lowering of assembly and development of 180 mtrs deep tubewell against defunct tubewell No. 131 at Daulatpur (under CRF)",Works,Open Tender,Item Rate,Civil Works,,No,No,"25,00,684",24-Mar-2023 05:00 PM,120,No,Both(Online/Offline),,,1,04-Apr-2023 11:00 AM,assessment,Price Bid Opening Date,,"2,056,552",,HP Irrigation and Public Health,2022-2023
ocds-kjhdrl-2023_HPIPH_71687_1,tender,tender,1,2024-11-08,2023_HPIPH_71687_1,DHR-KNG02-728,Annual repair and maintenance of source level Augmentation WSS Khundian,Works,Open Tender,Lump-sum,Civil Works,,No,No,"4,07,03,391",28-Mar-2023 05:00 PM,90,No,Both(Online/Offline),,,1,10-Apr-2023 11:30 AM,assessment,Price Bid Opening Date,,"37,129,679",,HP Irrigation and Public Health,2022-2023
ocds-kjhdrl-2023_HPIPH_71707_1,tender,tender,1,2024-11-08,2023_HPIPH_71707_1,12533-585-Anni,"Const. of Flow Irrigation Scheme Chanai Gad to Bagi in GP Sarahan in Nirmand Block Distt, Kullu HP",Works,Open Tender,Item Rate,Civil Works,,No,No,"23,62,133",28-Mar-2023 06:30 PM,120,No,Online,,,1,12-Apr-2023 12:30 PM,assessment,Price Bid Opening Date,,"1,430,232",,HP Irrigation and Public Health,2022-2023
ocds-kjhdrl-2023_HPIPH_71718_1,tender,tender,1,2024-11-08,2023_HPIPH_71718_1,12533-585-Anni,"PLWSS Durah Khad to Dhawansh, Panvi, Dabbar and Kuadhar in GP. Lot Nirmand Block Tehsil Anni Distt. Kullu HP.",Works,Open Tender,Item Rate,Civil Works,,No,No,"30,12,998",29-Mar-2023 09:00 AM,120,No,Online,,,1,12-Apr-2023 12:30 PM,assessment,Price Bid Opening Date,,"2,507,365",,HP Irrigation and Public Health,2022-2023
ocds-kjhdrl-2023_HPIPH_71720_1,tender,tender,1,2024-11-08,2023_HPIPH_71720_1,12533-585-Anni,Const. of Command Area Development work FIS Bail Kuhl in Nirmand Block Distt Kullu HP,Works,Open Tender,Item Rate,Civil Works,,No,No,"39,85,062",29-Mar-2023 09:00 AM,120,No,Online,,,1,12-Apr-2023 12:30 PM,assessment,Price Bid Opening Date,,"2,652,802",,HP Irrigation and Public Health,2022-2023
ocds-kjhdrl-2023_HPIPH_71729_1,tender,tender,1,2024-11-08,2023_HPIPH_71729_1,EE/JSDS/EA-I/2022-18664-18713 dt 29/03/2023,Aug. of LWSS Bhadwal Ansoli and Matour,Works,Open Tender,Item Rate,Civil Works,,No,No,"18,07,527",29-Mar-2023 01:00 PM,120,No,Both(Online/Offline),,,1,06-Apr-2023 11:30 AM,assessment,Price Bid Opening Date,,"1,448,375",,HP Irrigation and Public Health,2022-2023
ocds-kjhdrl-2023_HPIPH_71731_1,tender,tender,1,2024-11-08,2023_HPIPH_71731_1,EE/JSDS/EA-I/2022-18664-18713 dt 29/03/2023,Imp. Of LWSS Jogipur Natehar Phase-II,Works,Open Tender,Item Rate,Civil Works,,No,No,"13,13,017",29-Mar-2023 01:00 PM,120,No,Both(Online/Offline),,,1,06-Apr-2023 11:30 AM,assessment,Price Bid Opening Date,,"1,313,017",,HP Irrigation and Public Health,2022-2023
ocds-kjhdrl-2023_HPIPH_71732_1,tender,tender,1,2024-11-08,2023_HPIPH_71732_1,NGB-KNG01-773,Stock Storage Nagrota Bagwan SH Aug. of Inspection hut Construction of Balance work,Works,Open Tender,Item Rate,Civil Works,,No,No,"15,98,750",29-Mar-2023 05:00 PM,30,No,Offline,,,1,04-Apr-2023 11:30 AM,assessment,Price Bid Opening Date,,"1,718,171",,HP Irrigation and Public Health,2022-2023
ocds-kjhdrl-2023_HPIPH_71759_1,tender,tender,1,2024-11-08,2023_HPIPH_71759_1,EE JSD SNR Tender 2022-18439-475 dt 31.03.2023,Providing LWSS to NC PC habitation in GP Chamukha Churad Baila Tihri Baroti Jambla etc in Tehsil Sundernagar Dist. Mandi HP,Works,Open Tender,Item Rate,Network /Communication Equipments,,No,No,"32,61,355",31-Mar-2023 05:00 PM,120,No,Both(Online/Offline),,,1,10-Apr-2023 11:30 AM,assessment,Price Bid Opening Date,,"2,254,892",,HP Irrigation and Public Health,2022-2023
ocds-kjhdrl-2023_HPIPH_71791_1,tender,tender,1,2024-11-08,2023_HPIPH_71791_1,EE-JSV-HMR-E-tenders-2022-23,Upgradation of water resource under LWSS Hamirpur Town in Tehsil and Distt. Hamirpur Sub Head C O 1 NO Percolation well C O Sump well 150000 Liters cap. At Head works C O Pump House cum Attendant Room C/O Underground main storage tank 300000 Liters,Works,Open Tender,Item Rate,Civil Works,,No,No,"13,74,51,634",31-Mar-2023 06:55 PM,120,No,Both(Online/Offline),,,1,10-Apr-2023 11:30 AM,assessment,Price Bid Opening Date,,"107,922,033",,HP Irrigation and Public Health,2022-2023
ocds-kjhdrl-2023_HPIPH_71820_2,tender,tender,1,2024-11-08,2023_HPIPH_71820_2,NHN-SMROO-722- 20277-347 dt 31-3-23,Providing FHTC of LWSS Panjahal under JJM in GP Panjahal Tehsil Nahan Distt Sirmour HP,Works,Open Tender,Item Rate,Civil Works,,No,No,"10,58,210",01-Apr-2023 05:00 PM,120,No,Both(Online/Offline),,,1,10-Apr-2023 11:30 AM,assessment,Price Bid Opening Date,,"887,571",,HP Irrigation and Public Health,2022-2023
ocds-kjhdrl-2023_HPIPH_71820_3,tender,tender,1,2024-11-08,2023_HPIPH_71820_3,NHN-SMROO-722- 20277-347 dt 31-3-23,Providing water facility in Bhanet Haldwari in Tehsil Dadahu Distt Sirmour HP,Works,Open Tender,Item Rate,Civil Works,,No,No,"5,65,079",01-Apr-2023 05:00 PM,120,No,Both(Online/Offline),,,1,10-Apr-2023 11:30 AM,assessment,Price Bid Opening Date,,"369,044",,HP Irrigation and Public Health,2022-2023
ocds-kjhdrl-2023_HPIPH_71820_4,tender,tender,1,2024-11-08,2023_HPIPH_71820_4,NHN-SMROO-722- 20277-347 dt 31-3-23,Providing LWSS Nahan town from Giri river at Dadahu Tehsil Nahan Distt Sirmour HP,Works,Open Tender,Item Rate,Civil Works,,No,No,"26,83,156",01-Apr-2023 05:00 PM,120,No,Both(Online/Offline),,,1,10-Apr-2023 11:30 AM,assessment,Price Bid Opening Date,,"1,784,940",,HP Irrigation and Public Health,2022-2023
ocds-kjhdrl-2023_HPIPH_71890_1,tender,tender,1,2024-11-08,2023_HPIPH_71890_1,BLP-BLP-00736-NIT No. 135-234 dated 03/04/2023,A/R and M/O Resettlement colony Jamthal harnoda and its adjoining villages in Tehsil Sadar District Bilaspur (SH Deployment of manpower for operation and maintenance of distribution system for six months).,Works,Open Tender,Item Rate,Civil Works,,No,No,"12,76,800",05-Apr-2023 11:00 AM,120,No,Both(Online/Offline),,,1,13-Apr-2023 11:30 AM,assessment,Price Bid Opening Date,,"1,100,000",,HP Irrigation and Public Health,2022-2023
ocds-kjhdrl-2023_HPIPH_71944_1,tender,tender,1,2024-11-08,2023_HPIPH_71944_1,No. JSV-1/E -tender/ 23-334-63 dt 04-04-2023,Providing Channelization of Seer Nallah in village Panjawar in Tehsil Haroli Distt. Una (HP)(SH Construction of Seer Nallah from RD 2790 to 3510 mtrs),Works,Open Tender,Item Rate,Civil Works,,No,No,"1,16,67,382",05-Apr-2023 12:30 PM,120,No,Both(Online/Offline),,,1,13-Apr-2023 11:00 AM,assessment,Price Bid Opening Date,,"6,571,771",,HP Irrigation and Public Health,2022-2023
ocds-kjhdrl-2023_HPIPH_71945_1,tender,tender,1,2024-11-08,2023_HPIPH_71945_1,No. JSV-1/E -tender/ 23-334-63 dt 04-04-2023,Providing Channelisation of Seer Nallah in village Panjawar in Tehsil Haroli Distt. Una (HP)(SH Construction of Seer Nallah from RD 3510 to 4230 mtrs),Works,Open Tender,Item Rate,Civil Works,,No,No,"1,16,67,382",05-Apr-2023 12:30 PM,120,No,Both(Online/Offline),,,1,13-Apr-2023 11:00 AM,assessment,Price Bid Opening Date,,"6,516,371",,HP Irrigation and Public Health,2022-2023
ocds-kjhdrl-2023_HPIPH_71947_1,tender,tender,1,2024-11-08,2023_HPIPH_71947_1,GMR-BLP02-737(48-95 MC Ghumarwin),Augmentation of LWSS to MC Ghumarwin in Tehsil Ghumarwin and Distt Bilaspur HP Under Urban Water Supply Scheme,Works,Open Tender,Turn-key,Civil Works,,No,No,"15,76,49,719",05-Apr-2023 05:00 PM,180,No,Online,,,1,17-Apr-2023 11:30 AM,assessment,Price Bid Opening Date,,"122,565,065",,HP Irrigation and Public Health,2022-2023
ocds-kjhdrl-2023_HPIPH_71960_1,tender,tender,1,2024-11-08,2023_HPIPH_71960_1,No. JSV-1/E -tender/ 23-423-52 dt 05-04-2023,"Construction of Jal Shakti Vibhag Rest House at Haroli in District Una, H.P. (SH Construction of civil work, Pdg and installation of sanitary fitting and electrical installation)",Works,Open Tender,Item Rate,Civil Works,,No,No,"4,75,98,820",05-Apr-2023 05:00 PM,120,No,Both(Online/Offline),,,1,13-Apr-2023 11:00 AM,assessment,Price Bid Opening Date,,"39,068,639",,HP Irrigation and Public Health,2022-2023
ocds-kjhdrl-2023_HPIPH_71984_1,tender,tender,1,2024-11-08,2023_HPIPH_71984_1,165-225 dated 06-04-2023,LWSS Scheme of various Harizan Basti under Ramshehar District Solan (HP),Works,Open Tender,Item Rate,Civil Works,,No,No,"21,89,289",06-Apr-2023 12:00 PM,120,No,Online,,,1,18-Apr-2023 11:30 AM,assessment,Price Bid Opening Date,,"1,234,435",,HP Irrigation and Public Health,2022-2023
ocds-kjhdrl-2023_HPIPH_71986_1,tender,tender,1,2024-11-08,2023_HPIPH_71986_1,165-225 dated 06-04-2023,LWSS Scheme of various Harizan Basti under Ramshehar District Solan (HP) Sub Head Providing and fixing automation system for LWSS Ramshehar and group of villages,Works,Open Tender,Item Rate,Civil Works,,No,No,"51,31,980",06-Apr-2023 01:00 PM,120,No,Online,,,1,18-Apr-2023 11:30 AM,assessment,Price Bid Opening Date,,"3,661,100",,HP Irrigation and Public Health,2022-2023
ocds-kjhdrl-2023_HPIPH_72222_1,tender,tender,1,2024-11-08,2023_HPIPH_72222_1,BLP-BLP-00736-NIT No. 900-999 Dated 12/04/2013,Improvement of FIS Kothi Majher in Tehsil Sadar District Bilaspur (SH Extraction of silt Co wire crate D/S of head weir to avoid scouring of khad Co RCC column to cross pucca field channel over Nallah Co main pucca field channel and C/o retaining wal,Works,Open Tender,Item Rate,Civil Works,,No,No,"7,21,534",14-Apr-2023 11:00 AM,120,No,Both(Online/Offline),,,1,24-Apr-2023 11:30 AM,assessment,Price Bid Opening Date,,"585,051",,HP Irrigation and Public Health,2022-2023
ocds-kjhdrl-2023_HPIPH_72237_1,tender,tender,1,2024-11-08,2023_HPIPH_72237_1,EE-JSD-BAGGI/2023- 798-848 DATED 13/04/2023,AR and MO LWSS REWALAR TOWN,Works,Open Tender,Item Rate,Civil Works,,No,No,"6,92,000",14-Apr-2023 09:00 AM,120,No,Online,,,1,25-Apr-2023 11:30 AM,assessment,Price Bid Opening Date,,"478,913",,HP Irrigation and Public Health,2022-2023
ocds-kjhdrl-2023_HPIPH_72273_1,tender,tender,1,2024-11-08,2023_HPIPH_72273_1,NIT No. 556-606 dt. 17-04-2023,"Retrofitting WSS group of villages Pichlihar, Hurang, Mandalgarh, Devgarh, Shirar, Benchi,Raison, Jindour, Nallach and Banogi in Tehsil Manali Distt. Kullu HP",Works,Open Tender,Item Rate,Civil Works,,No,No,"13,97,786",17-Apr-2023 05:30 PM,120,No,Both(Online/Offline),,,1,28-Apr-2023 11:30 AM,assessment,Price Bid Opening Date,,"986,776",,HP Irrigation and Public Health,2022-2023
ocds-kjhdrl-2023_HPIPH_72277_1,tender,tender,1,2024-11-08,2023_HPIPH_72277_1,NHN-SMROO-722- 713-773 dt 17-4-2023,R/M of various LWSS under Nahan Town,Works,Open Tender,Item Rate,Civil Works,,No,No,"17,31,721",18-Apr-2023 05:00 PM,120,No,Both(Online/Offline),,,1,04-May-2023 11:30 AM,assessment,Price Bid Opening Date,,"1,232,000",,HP Irrigation and Public Health,2023-2024
ocds-kjhdrl-2023_HPIPH_72321_1,tender,tender,1,2024-11-08,2023_HPIPH_72321_1,EE JSD SNR TA eTender 2023-730-50 dt. 19.04.2023,Construction of RCC Circular Water Storage Tank 100000 ltr capacity at JNGEC Sundernagar Tehsil Sundernagar Distt Mandi HP,Works,Open Tender,Item Rate,Civil Works - Water Works,,No,No,"9,34,252",19-Apr-2023 03:00 PM,120,No,Both(Online/Offline),,,1,28-Apr-2023 11:30 AM,assessment,Price Bid Opening Date,,"773,942",,HP Irrigation and Public Health,2022-2023
ocds-kjhdrl-2023_HPIPH_72422_1,tender,tender,1,2024-11-08,2023_HPIPH_72422_1,NIT No. 785-834 dt. 21-04-2023,Providing Flood Protection Work on River Beas Left Bank for Village Mahili Bihal and Bagga in G.P. Archhandi in Tehsil and Distt. Kullu H.P,Works,Open Tender,Item Rate,Civil Works,,No,No,"79,73,560",22-Apr-2023 01:00 PM,120,No,Both(Online/Offline),,,1,04-May-2023 11:30 AM,assessment,Price Bid Opening Date,,"5,614,666",,HP Irrigation and Public Health,2023-2024
ocds-kjhdrl-2023_HPIPH_72424_1,tender,tender,1,2024-11-08,2023_HPIPH_72424_1,NIT No. 785-834 dt. 21-04-2023,Providing Flood Protection Work of River Beas Left Bank for Village Mahili Bihal and Bagga in G.P. Archhandi in Tehsil and Distt. Kullu H.P,Works,Open Tender,Item Rate,Civil Works,,No,No,"1,03,27,432",22-Apr-2023 02:00 PM,120,No,Both(Online/Offline),,,1,04-May-2023 11:30 AM,assessment,Price Bid Opening Date,,"7,274,076",,HP Irrigation and Public Health,2023-2024
ocds-kjhdrl-2023_HPIPH_72452_1,tender,tender,1,2024-11-08,2023_HPIPH_72452_1,JBL-SML-09-718,operation and maintenance of LWSS Hattu Mata Temple for one year,Works,Open Tender,Item Rate,Repair and Maintenance Works,,No,No,"9,74,228",25-Apr-2023 06:00 PM,120,No,Online,,,1,03-May-2023 11:30 AM,assessment,Price Bid Opening Date,,"950,000",,HP Irrigation and Public Health,2023-2024
ocds-kjhdrl-2023_HPIPH_72462_1,tender,tender,1,2024-11-08,2023_HPIPH_72462_1,UNA-UNA03-733,Providing Fire Fighting System in Bangana Town in Tehsil Bangana Distt Una HP,Works,Open Tender,Item Rate,Civil Works - Buildings,,No,No,"16,07,903",26-Apr-2023 05:00 PM,90,No,Offline,,,1,09-May-2023 11:30 AM,assessment,Price Bid Opening Date,,"1,539,848",,HP Irrigation and Public Health,2023-2024
ocds-kjhdrl-2023_HPIPH_72533_1,tender,tender,1,2024-11-08,2023_HPIPH_72533_1,NHN-SMROO-722- 1340-1400 dt 27-04-2023,Providing CAD to LIS Salani Katola in Tehsil Nahan Distt. Sirmour HP,Works,Open Tender,Item Rate,Pipe Laying Works,,No,No,"12,08,418",28-Apr-2023 05:00 PM,120,No,Both(Online/Offline),,,1,09-May-2023 11:30 AM,assessment,Price Bid Opening Date,,"1,400,345",,HP Irrigation and Public Health,2023-2024
ocds-kjhdrl-2023_HPIPH_72533_2,tender,tender,1,2024-11-08,2023_HPIPH_72533_2,NHN-SMROO-722- 1340-1400 dt 27-04-2023,Providing FHTC of LWSS Panjahal under JJM in GP Panjahal Tehsil Nahan Distt. Sirmour HP,Works,Open Tender,Item Rate,Pipe Laying Works,,No,No,"41,08,164",28-Apr-2023 05:00 PM,120,No,Both(Online/Offline),,,1,09-May-2023 11:30 AM,assessment,Price Bid Opening Date,,"2,404,051",,HP Irrigation and Public Health,2023-2024
ocds-kjhdrl-2023_HPIPH_72544_1,tender,tender,1,2024-11-08,2023_HPIPH_72544_1,PNT-SMR02-720 No. 1190-1289 Dated 26.04.2023,Operation and Maintenance of Sewerage Scheme to Paonta Town in Tehsil Paonta Sahib Distt. Sirmour HP,Works,Open Tender,Item Rate,Civil Works,,No,No,"9,18,282",28-Apr-2023 03:00 PM,120,No,Both(Online/Offline),,,1,06-May-2023 12:30 PM,assessment,Price Bid Opening Date,,"693,000",,HP Irrigation and Public Health,2023-2024
ocds-kjhdrl-2023_HPIPH_72544_2,tender,tender,1,2024-11-08,2023_HPIPH_72544_2,PNT-SMR02-720 No. 1190-1289 Dated 26.04.2023,"Operation, Running and Maintenance of Sub-Divisional Water Sample Testing Laboratory at Majra in Tehsil Paonta Sahib Distt. Sirmour HP",Works,Open Tender,Item Rate,Civil Works,,No,No,"14,65,160",28-Apr-2023 03:00 PM,120,No,Both(Online/Offline),,,1,06-May-2023 12:30 PM,assessment,Price Bid Opening Date,,"490,000",,HP Irrigation and Public Health,2023-2024
ocds-kjhdrl-2023_HPIPH_72544_3,tender,tender,1,2024-11-08,2023_HPIPH_72544_3,PNT-SMR02-720 No. 1190-1289 Dated 26.04.2023,Operation and Maintenance of Water Supply Schemes under JSV Section Puruwala in Tehsil Paonta Sahib Distt. Sirmour HP,Works,Open Tender,Item Rate,Civil Works,,No,No,"5,90,935",28-Apr-2023 03:00 PM,120,No,Both(Online/Offline),,,1,06-May-2023 12:30 PM,assessment,Price Bid Opening Date,,"418,000",,HP Irrigation and Public Health,2023-2024
ocds-kjhdrl-2023_HPIPH_72577_1,tender,tender,1,2024-11-08,2023_HPIPH_72577_1,PNT-SMR02-750 No. 1190-1289 Dated 26.04.2023,A/R and M/O Sewerage Scheme to Paonta Town in Tehsil Paonta Sahib Distt. Sirmour HP,Works,Open Tender,Item Rate,Civil Works,,No,No,"26,92,523",28-Apr-2023 04:00 PM,120,No,Both(Online/Offline),,,1,06-May-2023 12:30 PM,assessment,Price Bid Opening Date,,"2,064,630",,HP Irrigation and Public Health,2023-2024
ocds-kjhdrl-2023_HPIPH_72577_2,tender,tender,1,2024-11-08,2023_HPIPH_72577_2,PNT-SMR02-750 No. 1190-1289 Dated 26.04.2023,A/R and M/O Sewerage Scheme to Paonta Town in Tehsil paonta Sahib Distt. Sirmour HP,Works,Open Tender,Item Rate,Civil Works,,No,No,"30,83,609",28-Apr-2023 04:00 PM,120,No,Both(Online/Offline),,,1,06-May-2023 12:30 PM,assessment,Price Bid Opening Date,,"2,292,640",,HP Irrigation and Public Health,2023-2024
ocds-kjhdrl-2023_HPIPH_72716_1,tender,tender,1,2024-11-08,2023_HPIPH_72716_1,No. JS-HMR-CB-Misc.Agr/2022-23,"CAD work for Lift Irrigation Scheme Bhaleth in Tehsil Sujanpur Distt. Hamirpur HP Sub Head Laying, jointing and testing of HDPE pipe line at various chak and C/O outlet chamber at various places",Works,Open Tender,Item Rate,Civil Works,,No,No,"62,40,275",02-May-2023 05:00 PM,120,No,Both(Online/Offline),,,1,11-May-2023 11:30 AM,assessment,Price Bid Opening Date,,"3,852,072",,HP Irrigation and Public Health,2023-2024
ocds-kjhdrl-2023_HPIPH_72919_1,tender,tender,1,2024-11-08,2023_HPIPH_72919_1,No. JSV-1/TA/ E-tender/2023- 3065-94 dt 06-05-23,"Construction of tubewell at village Khad (Mohalla Dhandian) in Tehsil Haroli District Una (HP). (SH - P/L of Distribution system, C/O of civil work Providing internal electrical installation to the pump house)",Works,Open Tender,Item Rate,Civil Works,,No,No,"44,80,368",06-May-2023 05:00 PM,120,No,Both(Online/Offline),,,1,17-May-2023 11:00 AM,assessment,Price Bid Opening Date,,"2,934,551",,HP Irrigation and Public Health,2023-2024
ocds-kjhdrl-2023_HPIPH_73020_1,tender,tender,1,2024-11-08,2023_HPIPH_73020_1,GGT-UNA01-752 No. 598-637 dt. 09.05.2023,Swan River Flood Management Project from Daulatpur Bridge to Gagret Bridge in main Swan River and all tributaries joining Swan River from Daulatpur Bridge to Santokhgarh Bridge in District Una (HP) Phase-IV,Works,Open Tender,Item Rate,Civil Works,,No,No,"57,28,302",09-May-2023 04:00 PM,120,No,Both(Online/Offline),,,1,16-May-2023 12:30 PM,assessment,Price Bid Opening Date,,"5,734,800",,HP Irrigation and Public Health,2023-2024
ocds-kjhdrl-2023_HPIPH_73119_1,tender,tender,1,2024-11-08,2023_HPIPH_73119_1,No. JSV-1/TA/ E-tender/23- 3575-3604 dt10-05-23,"Drilling , lowering of assembly and developing of 200 mtr deep T/well in village Subowana in Tehsil Haroli and Distt. Una (under CRF).",Works,Open Tender,Item Rate,Civil Works,,No,No,"28,73,463",11-May-2023 03:00 PM,120,No,Both(Online/Offline),,,1,20-May-2023 11:00 AM,assessment,Price Bid Opening Date,,"2,164,380",,HP Irrigation and Public Health,2023-2024
ocds-kjhdrl-2023_HPIPH_73229_1,tender,tender,1,2024-11-08,2023_HPIPH_73229_1,EE-JSD-SKT-TA/E-Tender 2022-23-1851-20 dt.11.05.23,Annual Running and Maintenance of Sewerage Scheme to Sarkaghat Town Zone C in Tehsil Sarkaghat Distt. Mandi HP,Works,Open Tender,Lump-sum,Civil Works,,No,No,"77,91,596",12-May-2023 05:00 PM,120,No,Both(Online/Offline),,,1,25-May-2023 11:30 AM,assessment,Price Bid Opening Date,,"5,495,995",,HP Irrigation and Public Health,2023-2024
ocds-kjhdrl-2023_HPIPH_73261_1,tender,tender,1,2024-11-08,2023_HPIPH_73261_1,JBL-SML-09-718,Aug of GWSS Kotkhai Town damaged due to TKH Road in NAC Kotkhai Distt Shimla HP,Works,Open Tender,Item Rate,Civil Works,,No,No,"16,13,276",13-May-2023 06:00 PM,120,No,Online,,,1,20-May-2023 11:30 AM,assessment,Price Bid Opening Date,,"1,181,842",,HP Irrigation and Public Health,2023-2024
ocds-kjhdrl-2023_HPIPH_73361_1,tender,tender,1,2024-11-08,2023_HPIPH_73361_1,UNA03-733,Providing Water Supply Scheme to Murrah Caste Buffalo from in village Barnoh under Rashtriya Gokul Mission in Distt Una (HP),Works,Open Tender,Item Rate,Civil Works,,No,No,"15,62,829",16-May-2023 05:00 PM,90,No,Online,,,1,29-May-2023 11:30 AM,assessment,Price Bid Opening Date,,"1,294,494",,HP Irrigation and Public Health,2023-2024
ocds-kjhdrl-2023_HPIPH_73486_1,tender,tender,1,2024-11-08,2023_HPIPH_73486_1,PNT-SMR02-720 No. 2381-2480 Dated 16.05.2023,"C/O 12 Nos (9 Nos) Tubewells in Paonta are for Village Dharmkot, Taruwala, Gondpur, Shubhkhera in Tehsil Paonta Sahib Distt. Sirmour HP",Works,Open Tender,Item Rate,Civil Works,,No,No,"12,27,363",17-May-2023 06:55 PM,120,No,Both(Online/Offline),,,1,27-May-2023 12:30 PM,assessment,Price Bid Opening Date,,"826,815",,HP Irrigation and Public Health,2023-2024
ocds-kjhdrl-2023_HPIPH_73486_2,tender,tender,1,2024-11-08,2023_HPIPH_73486_2,PNT-SMR02-720 No. 2381-2480 Dated 16.05.2023,Repair and Maintenance of various LIS/LWSS Schemes to Rajban Section in Tehsil paonta Sahib Distt. Sirmour HP,Works,Open Tender,Item Rate,Civil Works,,No,No,"6,30,192",17-May-2023 06:55 PM,120,No,Both(Online/Offline),,,1,27-May-2023 12:30 PM,assessment,Price Bid Opening Date,,"441,136",,HP Irrigation and Public Health,2023-2024
ocds-kjhdrl-2023_HPIPH_73570_1,tender,tender,1,2024-11-08,2023_HPIPH_73570_1,JBL-SML-09-718,Providing Sewerage scheme to Kotkhai Town,Works,Open Tender,Item Rate,Civil Works - Others,,No,No,"15,29,605",19-May-2023 09:00 AM,120,No,Offline,,,1,26-May-2023 11:30 AM,assessment,Price Bid Opening Date,,"1,500,000",,HP Irrigation and Public Health,2023-2024
ocds-kjhdrl-2023_HPIPH_73570_2,tender,tender,1,2024-11-08,2023_HPIPH_73570_2,JBL-SML-09-718,Providing Sewerage scheme to Kotkhai Town SH Improvement of Sewerage Scheme to Kotkhai Town Zone 2nd,Works,Open Tender,Item Rate,Chemicals/Minerals,,No,No,"7,00,932",19-May-2023 09:00 AM,120,No,Offline,,,1,26-May-2023 11:30 AM,assessment,Price Bid Opening Date,,"677,485",,HP Irrigation and Public Health,2023-2024
ocds-kjhdrl-2023_HPIPH_73593_1,tender,tender,1,2024-11-08,2023_HPIPH_73593_1,1606-56 dated 19.05.2023,Providing Balance FHTC in GP Tarswan and Silh Budhani in Tehsil Padhar Distt. Mandi HP,Works,Open Tender,Item Rate,Civil Works - Water Works,,No,No,"8,76,131",19-May-2023 05:00 PM,90,No,Both(Online/Offline),,,1,30-May-2023 11:30 AM,assessment,Price Bid Opening Date,,"805,657",,HP Irrigation and Public Health,2023-2024
ocds-kjhdrl-2023_HPIPH_73719_1,tender,tender,1,2024-11-08,2023_HPIPH_73719_1,No. JSV-1/TA/ E-tender/23- 4400-29 dt23-05-23,Providing Separate Water Supply Scheme to upcoming Bulk Drug Park at Polian Beet in Tehsil and Distt Una HP,Works,Open Tender,Item Rate,Civil Works,,No,No,"5,43,17,388",23-May-2023 11:00 AM,120,No,Both(Online/Offline),,,1,31-May-2023 11:30 AM,assessment,Price Bid Opening Date,,"57,007,200",,HP Irrigation and Public Health,2023-2024
ocds-kjhdrl-2023_HPIPH_73950_3,tender,tender,1,2024-11-08,2023_HPIPH_73950_3,SHL-SMR03-780-JSV DIV-SHILLAI-1047-1107 Dt26.05.23,C O LIS Manal in GP Manal Tehsil Shillai Distt Sirmour HP,Works,Open Tender,Item Rate,Civil Works,,No,No,"6,30,861",26-May-2023 05:00 PM,120,No,Both(Online/Offline),,,1,07-Jun-2023 12:30 PM,assessment,Price Bid Opening Date,,"1,153,008",,HP Irrigation and Public Health,2023-2024
ocds-kjhdrl-2023_HPSEB_67141_1,tender,tender,1,2024-11-08,2023_HPSEB_67141_1,HPSEBL/CE(COMM)/MEA-09/2022-23,Open Tender for Annual order for Annual Energy Audit as per BEE Regulation (CG DL E 08102021-230245-436) of GOI for FY 2020-21 FY 2021 22 and FY 2022 23 under PAT Cycle II by Empanelled Accredited Energy Auditing firm for HPSEBL,Services,Open Tender,Lump-sum,Consultancy,,No,No,"5,00,000",11-Jan-2023 06:00 PM,45,No,Online,,,1,30-Jan-2023 03:00 PM,assessment,Price Bid Opening Date,,"323,320",,HPSEBL,2022-2023
ocds-kjhdrl-2023_HPSEB_67166_1,tender,tender,1,2024-11-08,2023_HPSEB_67166_1,SEES/SHIMLA-318/2022-23,SEES/SHIMLA-318/2022-23,Works,Open Tender,Item Rate,Electrical Works,,No,No,"92,59,248",16-Jan-2023 11:00 AM,180,No,Online,,,1,24-Jan-2023 11:30 AM,assessment,Price Bid Opening Date,,"8,818,585",,HPSEBL,2022-2023
ocds-kjhdrl-2023_HPSEB_67188_3,tender,tender,1,2024-11-08,2023_HPSEB_67188_3,BVPCL/MD/DB-HRT/22-23-6428-36,"Cutting of Adit Plug, carrying out restoration works of Head Race Tunnel and providing Hinge gate in Intermediate Adit site Khaddar, Uhl Stage-III HEP (100MW), Joginder Nagar, Distt- Mandi, Himachal Pradesh",Works,Open Tender,Tender cum Auction,Civil Works,,No,No,"1,23,78,095",27-Mar-2023 09:00 AM,180,No,Online,,,1,05-Apr-2023 03:00 PM,assessment,Price Bid Opening Date,,"11,818,592",,HPSEBL,2022-2023
ocds-kjhdrl-2023_HPSEB_67395_1,tender,tender,1,2024-11-08,2023_HPSEB_67395_1,CEON-DEP-25-2022-23,CEON-DEP-25/2022-23,Works,Open Tender,Tender cum Auction,Electrical Works,,No,No,"3,62,22,006",21-Jan-2023 02:00 PM,120,No,Online,,,1,10-Feb-2023 12:30 PM,assessment,Price Bid Opening Date,,"35,823,564",,HPSEBL,2022-2023
ocds-kjhdrl-2023_HPSEB_67449_2,tender,tender,1,2024-11-08,2023_HPSEB_67449_2,PED-63/2022-23,Tender for prov skilled labour alongwith Tand P during major brakdown due to hailstorm rainfall under electrical division HPSEBL Palampur,Works,Open Tender,Turn-key,Electrical Works,,No,No,"3,95,930",31-Jan-2023 04:30 PM,180,No,Online,,,1,09-Feb-2023 03:00 PM,assessment,Price Bid Opening Date,,"414,133",,HPSEBL,2022-2023
ocds-kjhdrl-2023_HPSEB_68323_1,tender,tender,1,2024-11-08,2023_HPSEB_68323_1,HPSEBL/183619/NIT-114/2022-23,"Estimate for replacement of 10 Nos Rotten wooden poles with Steel Tubular Poles of existing LT line from various existing substations Kapahi and Surrounding in ( E) section Kalahod under SSSD , HPSEB,Ltd. Sundernagar T.S-292 /2022-23 S/Amt-4,08",Services,Open Tender,Percentage,Supply and Erection,,No,No,"1,06,355",08-Feb-2023 10:30 AM,90,No,Online,,,1,09-Mar-2023 03:30 PM,assessment,Price Bid Opening Date,,"80,051",,HPSEBL,2022-2023
ocds-kjhdrl-2023_HPSEB_68326_1,tender,tender,1,2024-11-08,2023_HPSEB_68326_1,HPSEBL/183619/NIT-115/2022-23,"Estimate for replacement of 11 No. Rotten wooden poles with Steel Tubular Poles of exisitng LT line from various existing substations in ( E) section Ratti-1st under ESD , HPSEB,Ltd. Nerchowk T.S-298 /2022-23 S/Amt-3,06,210 /- only",Works,Open Tender,Percentage,Electrical Works,,No,No,"1,12,554",08-Feb-2023 10:30 AM,90,No,Online,,,1,09-Mar-2023 03:30 PM,assessment,Price Bid Opening Date,,"85,265",,HPSEBL,2022-2023
ocds-kjhdrl-2023_HPSEB_68330_1,tender,tender,1,2024-11-08,2023_HPSEB_68330_1,HPSEBL/183619/NIT-117/2022-23,"Estimate for replacement of 10 No. s Rotten wooden poles with Steel Tubular Poles of existing LT line from various existing substations in ( E) section Rohanda under ESD , HPSEB,Ltd. Nihri T.S-308 /2022-23 S/Amt-3,30,940 /- only",Works,Open Tender,Percentage,Electrical Works,,No,No,"1,23,915",08-Feb-2023 10:30 AM,90,No,Online,,,1,09-Mar-2023 03:30 PM,assessment,Price Bid Opening Date,,"92,933",,HPSEBL,2022-2023
ocds-kjhdrl-2023_HPSEB_68336_1,tender,tender,1,2024-11-08,2023_HPSEB_68336_1,HPSEBL/183619/NIT-118/2022-23,"Estimate for replacement of 10 No.s Rotten wooden poles with Steel Tubular Poles of existing LT line from various existing substations in ( E) section Behli under ESD , HPSEB,Ltd. Nihri T.S-309 /2022-23 S/Amt-3,11,110 /- only WBS",Works,Open Tender,Percentage,Electrical Works,,No,No,"1,17,778",08-Feb-2023 10:30 AM,90,No,Online,,,1,09-Mar-2023 03:30 PM,assessment,Price Bid Opening Date,,"89,405",,HPSEBL,2022-2023
ocds-kjhdrl-2023_HPSEB_68339_1,tender,tender,1,2024-11-08,2023_HPSEB_68339_1,HPSEBL/183619/NIT-119/2022-23,"Estimate for replacement of 8No.s Rotten wooden poles with Steel Tubular Poles of exisitng LT line from various existing substations in ( E) section Slapper-2nd under ESD , HPSEB,Ltd. Slapper T.S-306 /2022-23 S/Amt-2,48,450 /- only WBS- ,",Works,Open Tender,Percentage,Electrical Works,,No,No,"95,082",08-Feb-2023 10:30 AM,90,No,Online,,,1,09-Mar-2023 03:30 PM,assessment,Price Bid Opening Date,,"84,618",,HPSEBL,2022-2023
ocds-kjhdrl-2023_HPSEB_68343_1,tender,tender,1,2024-11-08,2023_HPSEB_68343_1,HPSEBL/183619/NIT-120/2022-23,"Estimate for replacement of 11 No.s Rotten wooden poles with Steel Tubular Poles of existing LT line from various existing substations Nerchowk in ( E) section Nerchowk under ESD , HPSEB,Ltd. Nerchowk T.S-301 /2022-23 S/Amt-3,21,920 /- only",Works,Open Tender,Percentage,Electrical Works,,No,No,"1,00,827",08-Feb-2023 10:30 AM,90,No,Online,,,1,09-Mar-2023 03:30 PM,assessment,Price Bid Opening Date,,"76,045",,HPSEBL,2022-2023
ocds-kjhdrl-2023_HPSEB_68351_2,tender,tender,1,2024-11-08,2023_HPSEB_68351_2,HPSEBL/183619/NIT-123/2022-23,"Estimate for replacement of 8 No.s Rotten wooden poles with Steel Tubular Poles of exisitng LT line from various existing substations in ( E) section Punghroo under ESD , HPSEB,Ltd. Sundernagar T.S-316 /2022-23 S/Amt-2,38,500 /- only WBS-",Works,Open Tender,Percentage,Electrical Works,,No,No,"1,38,709",08-Feb-2023 10:30 AM,90,No,Online,,,1,09-Mar-2023 03:30 PM,assessment,Price Bid Opening Date,,"105,017",,HPSEBL,2022-2023
ocds-kjhdrl-2023_HPSEB_68357_1,tender,tender,1,2024-11-08,2023_HPSEB_68357_1,HPSEBL/183619/NIT-125/2022-23,"Estimate for replacement of 25 Nos Rotten wooden poles with Steel Tubular Poles of exisitng LT line from various existing substations in ( E) section Ratti-2nd under ESD , HPSEB,Ltd. Nerchowk T.S-318 /2022-23 S/Amt-7,81,110 /- only WBS",Works,Open Tender,Percentage,Electrical Works,,No,No,"2,68,216",09-Feb-2023 10:30 AM,90,No,Online,,,1,06-Mar-2023 03:30 PM,assessment,Price Bid Opening Date,,"195,796",,HPSEBL,2022-2023
ocds-kjhdrl-2023_HPSEB_68363_1,tender,tender,1,2024-11-08,2023_HPSEB_68363_1,HPSEBL/183619/NIT-127/2022-23,"Estimate for R/R of 10 No. Rotten wooden poles with ST Poles of exisitng 11 KV HT line of Galma Feeder under ESD , HPSEB,Ltd. Nerchowk . T.S No.-320/2022-23 S/Amt- 4,17,170 /- only",Works,Open Tender,Percentage,Electrical Works,,No,No,"2,02,920",09-Feb-2023 10:30 AM,90,No,Online,,,1,06-Mar-2023 03:30 PM,assessment,Price Bid Opening Date,,"155,788",,HPSEBL,2022-2023
ocds-kjhdrl-2023_HPSEB_68485_1,tender,tender,1,2024-11-08,2023_HPSEB_68485_1,HPSEBL/SEGB/DB-7/2022-23-06,Repair of trench weir D/S Ganvi-II,Works,Open Tender,Item Rate,Civil Works,,No,No,"9,04,216",28-Feb-2023 05:00 PM,90,No,Online,,,1,13-Mar-2023 11:00 AM,assessment,Price Bid Opening Date,,"678,162",,HPSEBL,2022-2023
ocds-kjhdrl-2023_HPSEB_68648_1,tender,tender,1,2024-11-08,2023_HPSEB_68648_1,E-TENDERING JOB.13/2022-23,Replacement of 35 Nos Rotten Wooden pole with Steel Tubular Pole 8/9 mtrs. Long of existing LT in (E) Section Tikkar under (E) Sub-Division Tikkar,Works,Open Tender,Percentage,Electrical Works,,No,No,"4,47,095",10-Feb-2023 11:00 AM,30,No,Online,,,1,22-Feb-2023 11:30 AM,assessment,Price Bid Opening Date,,"283,905",,HPSEBL,2022-2023
ocds-kjhdrl-2023_HPSEB_68706_1,tender,tender,1,2024-11-08,2023_HPSEB_68706_1,HPSEBL/OCHMR/ NDN/E/2022-23/34,"Reconductoring of existing33KV line of Anu-Rangas-Nadaun feeder from tapping point Jol Sappar to132/33/11KV S/Stn.Nadaun with 30/7/2.59mm conductor on turnkey basis to provide SOP to Dr. RKGMC, Jol Sappar under ED Nadaun",Works,Open Tender,Turn-key,Electrical Works,,No,No,"73,15,000",14-Feb-2023 02:00 PM,180,No,Online,,,1,21-Feb-2023 02:00 PM,assessment,Price Bid Opening Date,,"7,493,175",,HPSEBL,2022-2023
ocds-kjhdrl-2023_HPSEB_68711_1,tender,tender,1,2024-11-08,2023_HPSEB_68711_1,HPSEBL/OCHMR/ JMK/E/2022-23/35,"Construction of 63kVA,11/0.4KVS/Stn.,a/w associated 11KV HT and 3Phase LT Lines to provide SOP to LWSS at Kamlota Kohala including Survey, Design, Supply of material / equipment, erection, testing and commissioning of same on turnkey basis UESD2,JMK",Works,Open Tender,Turn-key,Electrical Works,,No,No,"10,05,000",14-Feb-2023 02:30 PM,180,No,Online,,,1,20-Feb-2023 02:15 PM,assessment,Price Bid Opening Date,,"905,559",,HPSEBL,2022-2023
ocds-kjhdrl-2023_HPSEB_68753_1,tender,tender,1,2024-11-08,2023_HPSEB_68753_1,HPSEBL/183619/NIT-108/2022-23,"Estimate for replacement of 22 Nos Rotten wooden poles with Steel Tubular Poles of existing LT line from existing 25 KVA S/Stn Galog , 100 KVA Charkhari 25 KVA S/Stn Rohara-1st in ( E) section Charkhari under ESD , HPSEB,Ltd. Nihri T.S-287 /2022-",Works,Open Tender,Percentage,Electrical Works,,No,No,"2,20,236",14-Feb-2023 10:30 AM,90,No,Online,,,1,06-Mar-2023 03:30 PM,assessment,Price Bid Opening Date,,"154,083",,HPSEBL,2022-2023
ocds-kjhdrl-2023_HPSEB_68755_1,tender,tender,1,2024-11-08,2023_HPSEB_68755_1,HPSEBL/183619/NIT-110/2022-23,"Estimate for replacement of 28 No.s Rotten wooden poles with Steel Tubular Poles of existing LT line from various existing substations in ( E) section JAIDEVI under ESD , HPSEB,Ltd. Sundernagar T.S-294 /2022-23 S/Amt-9,23,290 /-",Works,Open Tender,Percentage,Electrical Works,,No,No,"2,28,106",14-Feb-2023 10:30 AM,90,No,Online,,,1,06-Mar-2023 03:30 PM,assessment,Price Bid Opening Date,,"175,114",,HPSEBL,2022-2023
ocds-kjhdrl-2023_HPSEB_68769_1,tender,tender,1,2024-11-08,2023_HPSEB_68769_1,OCD/DB/Bid-44/2022-23,"Tender for Replacement of LT Rotten wooden poles with 8 Mtr. Long ST poles emanating from different s/stns. in section Tissa-I and II under ESD Tissa, ED Chamba OCD/DB/Bid-44/2022-23",Works,Open Tender,Turn-key,Electrical Works,,No,No,"12,97,603",13-Feb-2023 01:00 PM,90,No,Online,,,1,29-Mar-2023 01:00 PM,assessment,Price Bid Opening Date,,"1,284,627",,HPSEBL,2022-2023
ocds-kjhdrl-2023_HPSEB_68774_1,tender,tender,1,2024-11-08,2023_HPSEB_68774_1,OCD/DB/Bid-46/2022-23,"Tender for Replacement of HT/LT Rotten wooden poles with 8/9 Mtr. Long ST poles emanating from different s/stns. in various section under ESD Dharwala, ED Chamba OCD/DB/Bid-46/2022-23",Works,Open Tender,Turn-key,Electrical Works,,No,No,"18,06,679",13-Feb-2023 01:30 PM,90,No,Online,,,1,18-Apr-2023 01:00 PM,assessment,Price Bid Opening Date,,"1,841,909",,HPSEBL,2022-2023
ocds-kjhdrl-2023_HPSEB_68777_1,tender,tender,1,2024-11-08,2023_HPSEB_68777_1,OCD/DB/Bid-47/2022-23,"Tender for Replacement of LT Rotten wooden poles with 8 Mtr. Long ST poles emanating from different s/stns. in various section under ESD Bharmour, ED Chamba OCD/DB/Bid-47/2022-23",Works,Open Tender,Turn-key,Electrical Works,,No,No,"4,90,620",13-Feb-2023 02:00 PM,90,No,Online,,,1,18-Apr-2023 01:00 PM,assessment,Price Bid Opening Date,,"485,715",,HPSEBL,2022-2023
ocds-kjhdrl-2023_HPSEB_69039_1,tender,tender,1,2024-11-08,2023_HPSEB_69039_1,18 2022 23,18 2022 23,Services,Open Tender,Turn-key,Supply and Erection,,No,No,"10,29,997",16-Feb-2023 04:00 PM,45,No,Online,,,1,14-Mar-2023 11:00 AM,assessment,Price Bid Opening Date,,"973,347",,HPSEBL,2022-2023
ocds-kjhdrl-2023_HPSEB_69226_1,tender,tender,1,2024-11-08,2023_HPSEB_69226_1,CEON-DEP-26/2022-23,CEON-DEP-26/2022-23,Works,Open Tender,Turn-key,Electrical Works,,No,No,"82,82,345",20-Feb-2023 12:00 PM,180,No,Online,,,1,02-Mar-2023 11:30 AM,assessment,Price Bid Opening Date,,"8,969,840",,HPSEBL,2022-2023
ocds-kjhdrl-2023_HPSEB_69230_1,tender,tender,1,2024-11-08,2023_HPSEB_69230_1,CEON-DEP-27/2022-23,CEON-DEP-27/2022-23,Works,Open Tender,Turn-key,Electrical Works,,No,No,"87,85,441",20-Feb-2023 02:00 PM,180,No,Online,,,1,02-Mar-2023 12:30 PM,assessment,Price Bid Opening Date,,"8,956,379",,HPSEBL,2022-2023
ocds-kjhdrl-2023_HPSEB_69243_1,tender,tender,1,2024-11-08,2023_HPSEB_69243_1,HPSEBL/CEG/SP-101/2022-23-02,Filter element and valves supply,Goods,Single,Item Wise,Electrical Work/ Equipment,,No,No,,20-Feb-2023 04:00 PM,120,No,Online,,,1,04-Apr-2023 03:00 PM,assessment,Price Bid Opening Date,,"188,800",,HPSEBL,2022-2023
ocds-kjhdrl-2023_HPSEB_69280_3,tender,tender,1,2024-11-08,2023_HPSEB_69280_3,CEON-DEP-28/2022-23,CEON-DEP-28/2022-23,Works,Open Tender,Turn-key,Electrical Works,,No,No,"80,72,210",22-Feb-2023 06:00 PM,180,No,Online,,,1,02-Mar-2023 03:00 PM,assessment,Price Bid Opening Date,,"8,765,735",,HPSEBL,2022-2023
ocds-kjhdrl-2023_HPSEB_69384_1,tender,tender,1,2024-11-08,2023_HPSEB_69384_1,CEON-DEP-29/2022-23,CEON-DEP-29/2022-23,Works,Open Tender,Turn-key,Electrical Works,,No,No,"79,67,910",22-Feb-2023 09:00 AM,180,No,Online,,,1,04-Mar-2023 11:00 AM,assessment,Price Bid Opening Date,,"8,511,322",,HPSEBL,2022-2023
ocds-kjhdrl-2023_HPSEB_69481_1,tender,tender,1,2024-11-08,2023_HPSEB_69481_1,HPSEBL/GPHD/DB-9/2022-23-133,"Repair overhauling work of EOT Crane 10T and 2T installed at Ganvi Power House Sage-II under Ganvi Power House Division, HPSEBL, Jeori",Works,Open Tender,Lump-sum,Repair and Maintenance Works,,No,No,,22-Feb-2023 06:00 PM,90,No,Online,,,1,07-Mar-2023 03:00 PM,assessment,Price Bid Opening Date,,"178,787",,HPSEBL,2022-2023
ocds-kjhdrl-2023_HPSEB_69552_1,tender,tender,1,2024-11-08,2023_HPSEB_69552_1,CMD/2022-23-05,Foundation of UNIT-4,Works,Open Tender,Item Rate,Civil Works,,No,No,"4,03,372",23-Feb-2023 05:00 PM,120,No,Online,,,1,16-Mar-2023 12:30 PM,assessment,Price Bid Opening Date,,"397,660",,HPSEBL,2022-2023
ocds-kjhdrl-2023_HPSEB_69673_1,tender,tender,1,2024-11-08,2023_HPSEB_69673_1,Tender No -75/2022-23,Replacement of 13 Nos Rotten Wooden Poles from various Substations in ES Taradevi and ES Jutogh under ESD HPSEBL Jutogh under ED No-1 Shimla-9,Works,Limited,Percentage,Electrical Works,,No,No,,25-Feb-2023 12:00 PM,7,No,Online,,,1,07-Mar-2023 02:00 PM,assessment,Price Bid Opening Date,,"138,233",,HPSEBL,2022-2023
ocds-kjhdrl-2023_HPSEB_69675_1,tender,tender,1,2024-11-08,2023_HPSEB_69675_1,NIT10/2022-23,"Providing SOP to Vashno Mandir at Bashing, Tehsil Kullu by augmentation of 63KVA, 11/0.4KV to 250KVA, 11/0.4KV DTR Vashno Mandir in (E) section Babeli under ESD No. II, HPSEBL, Kullu",Works,Open Tender,Turn-key,Electrical Works,,No,No,"6,66,361",25-Feb-2023 12:20 PM,180,No,Online,,,1,17-Mar-2023 11:00 AM,assessment,Price Bid Opening Date,,"601,057",,HPSEBL,2022-2023
ocds-kjhdrl-2023_HPSEB_69687_1,tender,tender,1,2024-11-08,2023_HPSEB_69687_1,NIT11/2022-23,"Providing SOP to SADA development fee barrier by providing 25KVA, 11/0.4KV DTR at Kasol near Suma Ropa in (E) section Manikaran under ESD, HPSEBL, Jari",Works,Open Tender,Turn-key,Electrical Works,,No,No,"3,59,725",25-Feb-2023 12:40 PM,180,No,Online,,,1,17-Mar-2023 11:00 AM,assessment,Price Bid Opening Date,,"287,060",,HPSEBL,2022-2023
ocds-kjhdrl-2023_HPSEB_69828_1,tender,tender,1,2024-11-08,2023_HPSEB_69828_1,SED/SP-Tender-No-77,replacement of 15 Nos Rotten Wooden Poles from various Substations in ES Totu under ESD HPSEBL Jutogh under ED No-1 Shimla-9,Works,Limited,Percentage,Electrical Works,,No,No,,27-Feb-2023 04:10 PM,7,No,Online,,,1,07-Mar-2023 12:00 PM,assessment,Price Bid Opening Date,,"147,062",,HPSEBL,2022-2023
ocds-kjhdrl-2023_HPSEB_69838_1,tender,tender,1,2024-11-08,2023_HPSEB_69838_1,HPSEBL/CEG/Khauli-I/2023,Nozzle Seals,Goods,Single,Item Wise,Electrical Work/ Equipment,,No,No,,28-Feb-2023 11:30 AM,120,No,Online,,,1,18-Mar-2023 11:30 AM,assessment,Price Bid Opening Date,,"1,390,172",,HPSEBL,2022-2023
ocds-kjhdrl-2023_HPSEB_69917_2,tender,tender,1,2024-11-08,2023_HPSEB_69917_2,HPSEBL/183619/NIT-129/2022-23,"Estimate for providing SOP to mobile Tower of M/S Reliance Infratel Ltd. Site at Ridha c/o Sh. Shakil Mohammad village Pungh P.O and Tehsil Sundernagar Distt. Mandi (HP) by providing augmentation of existing 100 KVA ,11/0.4 KV S/Stn into 250 KVA ,",Works,Open Tender,Percentage,Electrical Works,,No,No,"2,51,724",13-Mar-2023 12:15 PM,90,No,Online,,,1,10-Apr-2023 03:30 PM,assessment,Price Bid Opening Date,,"213,709",,HPSEBL,2022-2023
ocds-kjhdrl-2023_HPSEB_69929_1,tender,tender,1,2024-11-08,2023_HPSEB_69929_1,OCD/DB/Bid-49/2022-23,"Tender for Supply of equipment material , design, erection, testing commissioning for SOP to JSV, LWSS Phase-2nd Gunu Gharat to Pakhrotu in GP Kandla by Prov. 11/.4 KV 3x250 KVA S/Stn. at Village Sapra a/w 11 KV HT and LT line section Koti under",Works,Open Tender,Turn-key,Electrical Works,,No,No,"42,49,434",01-Mar-2023 03:00 PM,90,No,Online,,,1,10-Mar-2023 11:30 AM,assessment,Price Bid Opening Date,,"3,909,479",,HPSEBL,2022-2023
ocds-kjhdrl-2023_HPSEB_69936_1,tender,tender,1,2024-11-08,2023_HPSEB_69936_1,OCD/DB/Bid-50/2022-23,"Tender for Supply of equipment material , design, erection, testing commissioning for SOP to JSV, LWSS Source level Aug. and Improvement of various WSS of draught efected habitations in GP Sanwal, Shalela, Bari Jhajakothi etc. by Prov. 11/.4 KV 2",Works,Open Tender,Turn-key,Electrical Works,,No,No,"49,50,497",01-Mar-2023 03:00 PM,90,No,Online,,,1,16-Mar-2023 01:00 PM,assessment,Price Bid Opening Date,,"4,545,546",,HPSEBL,2022-2023
ocds-kjhdrl-2023_HPSEB_69939_1,tender,tender,1,2024-11-08,2023_HPSEB_69939_1,OCD/DB/Bid-51/2022-23,"Tender for Supply of equipment / material , design, erection, testing commissioning for restoration and re-erection of outgoing 11 KV line 5-Pole Structure at 33/132 KV Kudthala damaged due to heavy snowfall, section Tarella under ESD Tissa ED Cha",Works,Open Tender,Turn-key,Electrical Works,,No,No,"4,86,051",01-Mar-2023 03:00 PM,90,No,Online,,,1,10-Mar-2023 12:30 PM,assessment,Price Bid Opening Date,,"486,051",,HPSEBL,2022-2023
ocds-kjhdrl-2023_HPSEB_69941_1,tender,tender,1,2024-11-08,2023_HPSEB_69941_1,CE(MM)-24/2022-23,Procurement of 11 kV and 22 kV 400 Amp G O Switches,Goods,Open Tender,Tender cum Auction,Electrical Work/ Equipment,,No,No,"2,16,91,263",01-Mar-2023 05:00 PM,120,No,Online,,,1,09-Mar-2023 03:30 PM,assessment,Price Bid Opening Date,,"26,546,214",,HPSEBL,2022-2023
ocds-kjhdrl-2023_HPSEB_69957_1,tender,tender,1,2024-11-08,2023_HPSEB_69957_1,PED-66/2022-23,PED 66/2022-23,Works,Open Tender,Turn-key,Electrical Works,,No,No,"81,857",01-Mar-2023 05:00 PM,180,No,Online,,,1,10-Mar-2023 12:00 PM,assessment,Price Bid Opening Date,,"69,578.35",,HPSEBL,2022-2023
ocds-kjhdrl-2023_HPSEB_69959_1,tender,tender,1,2024-11-08,2023_HPSEB_69959_1,Limited Tender No -78/2022-23,Estimate for replacement of 13 Nos Rotten Wooden Poles at different location in ES HB Colony and ES Shoghi under Under ED No-1,Works,Limited,Percentage,Electrical Works,,No,No,,01-Mar-2023 03:50 PM,7,No,Online,,,1,09-Mar-2023 12:00 PM,assessment,Price Bid Opening Date,,"167,146",,HPSEBL,2022-2023
ocds-kjhdrl-2023_HPSEB_69971_1,tender,tender,1,2024-11-08,2023_HPSEB_69971_1,PED-68/2022-23,PED 68/2022-23,Works,Open Tender,Turn-key,Electrical Works,,No,No,"60,596",01-Mar-2023 05:00 PM,180,No,Online,,,1,10-Mar-2023 01:00 PM,assessment,Price Bid Opening Date,,"53,324.52",,HPSEBL,2022-2023
ocds-kjhdrl-2023_HPSEB_69994_1,tender,tender,1,2024-11-08,2023_HPSEB_69994_1,Limited Tender No -79/2022-23,Replacement of 6Nos Rotten Wooden Poles with steel tubular poles from various Substations in ES Koti under ESD HPSEBLJunga,Works,Limited,Percentage,Electrical Works,,No,No,"1,40,576",02-Mar-2023 11:30 AM,7,No,Online,,,1,13-Mar-2023 03:00 PM,assessment,Price Bid Opening Date,,"99,809",,HPSEBL,2022-2023
ocds-kjhdrl-2023_HPSEB_69999_1,tender,tender,1,2024-11-08,2023_HPSEB_69999_1,19 2022 23,Estimate for providing SOP to 100 bedded hospital Sandhole in Electrical section Sandhole under ESD Sandhole,Services,Open Tender,Turn-key,Supply and Erection,,No,No,"25,12,127",02-Mar-2023 01:30 PM,45,No,Online,,,1,13-Mar-2023 11:30 AM,assessment,Price Bid Opening Date,,"2,082,302",,HPSEBL,2022-2023
ocds-kjhdrl-2023_HPSEB_70004_1,tender,tender,1,2024-11-08,2023_HPSEB_70004_1,20 2022 23,Estimate for Prov SOP to 100 Bedded Hospital Dharampur in E Section Dhrampur UESD Dharampur,Services,Open Tender,Turn-key,Supply and Erection,,No,No,"29,47,338",02-Mar-2023 02:00 PM,45,No,Online,,,1,13-Mar-2023 12:15 PM,assessment,Price Bid Opening Date,,"2,559,174",,HPSEBL,2022-2023
ocds-kjhdrl-2023_HPSEB_70008_1,tender,tender,1,2024-11-08,2023_HPSEB_70008_1,21 2022 23,Estimate for Prov SOP to HT Line of Atal Aadharsh Vidalya Marhi in E Section Marhi UESD Dharampur,Services,Open Tender,Turn-key,Supply and Erection,,No,No,"22,42,169",02-Mar-2023 03:00 PM,45,No,Online,,,1,13-Mar-2023 03:30 PM,assessment,Price Bid Opening Date,,"2,061,674",,HPSEBL,2022-2023
ocds-kjhdrl-2023_HPSEB_70027_1,tender,tender,1,2024-11-08,2023_HPSEB_70027_1,Tender No -80/2022-23,"Replacement of 14 Nos. Rotten wooden Poles from various substations in Electrical Section Craigneno under Electrical Sub Division HPSEBL, Mashobra",Works,Limited,Percentage,Electrical Works,,No,No,"1,74,509",03-Mar-2023 10:30 AM,7,No,Online,,,1,16-Mar-2023 12:00 PM,assessment,Price Bid Opening Date,,"123,901",,HPSEBL,2022-2023
ocds-kjhdrl-2023_HPSEB_70031_1,tender,tender,1,2024-11-08,2023_HPSEB_70031_1,Tender No -81/2022-23,"Replacement of 14Nos. Rotten wooden/PCC Poles from various substations in Electrical Section Craigneno under Electrical Sub Division HPSEBL, Mashobra",Works,Limited,Percentage,Electrical Works,,No,No,,03-Mar-2023 11:00 AM,7,No,Online,,,1,14-Mar-2023 03:30 PM,assessment,Price Bid Opening Date,,"123,428",,HPSEBL,2022-2023
ocds-kjhdrl-2023_HPSEB_70099_1,tender,tender,1,2024-11-08,2023_HPSEB_70099_1,SP- limited Tender No -82/2022-23,"Replacement of 13Nos. Rotten wooden from various substations in ES Dhalli and ES Parechi under Electrical Sub Division HPSEBL, Dhalli under Electrical Division No.1",Works,Limited,Percentage,Electrical Works,,No,No,,03-Mar-2023 01:00 PM,7,No,Online,,,1,13-Mar-2023 12:00 PM,assessment,Price Bid Opening Date,,"138,331",,HPSEBL,2022-2023
ocds-kjhdrl-2023_HPSEB_70104_1,tender,tender,1,2024-11-08,2023_HPSEB_70104_1,SP- limited Tender No -83/2022-23,"Replacement of 15Nos. Rotten wooden from various substations in ES Parechi under Electrical Sub Division HPSEBL, Dhalli under Electrical Division No.11",Works,Limited,Percentage,Electrical Works,,No,No,,03-Mar-2023 02:00 PM,7,No,Online,,,1,13-Mar-2023 01:30 PM,assessment,Price Bid Opening Date,,"159,561",,HPSEBL,2022-2023
ocds-kjhdrl-2023_HPSEB_70145_1,tender,tender,1,2024-11-08,2023_HPSEB_70145_1,CEON-NDRF-30/2022-23,CEON-NDRF-30/2022-23,Works,Open Tender,Turn-key,Electrical Works,,No,No,"9,05,181",03-Mar-2023 06:00 PM,180,No,Online,,,1,09-Mar-2023 11:30 AM,assessment,Price Bid Opening Date,,"916,043",,HPSEBL,2022-2023
ocds-kjhdrl-2023_HPSEB_70198_1,tender,tender,1,2024-11-08,2023_HPSEB_70198_1,9687.0,Tender for prov. 11/.4 KV 63 KVA S/Stn at Mangarh-ll,Works,Open Tender,Percentage,Electrical Works,,No,No,"1,55,220",07-Mar-2023 03:00 PM,120,No,Online,,,1,16-Mar-2023 11:30 AM,assessment,Price Bid Opening Date,,"121,069",,HPSEBL,2022-2023
ocds-kjhdrl-2023_HPSEB_70230_1,tender,tender,1,2024-11-08,2023_HPSEB_70230_1,JED-86/2022-23,"Re-organisation of LT line, LT extension and improvement of voltage system",Works,Open Tender,Item Rate,Electrical Works,,No,No,"6,09,396",06-Mar-2023 05:00 PM,60,No,Online,,,1,16-Mar-2023 11:30 AM,assessment,Price Bid Opening Date,,"484,470",,HPSEBL,2022-2023
ocds-kjhdrl-2023_HPSEB_70232_1,tender,tender,1,2024-11-08,2023_HPSEB_70232_1,9687.0,Prov. 11 KV HT Line to prop. 11/.4 KV 63 KVA S/Stn at Mangarh-ll,Works,Open Tender,Percentage,Electrical Works,,No,No,"1,40,530",07-Mar-2023 03:00 PM,120,No,Online,,,1,16-Mar-2023 11:30 AM,assessment,Price Bid Opening Date,,"109,613",,HPSEBL,2022-2023
ocds-kjhdrl-2023_HPSEB_70243_1,tender,tender,1,2024-11-08,2023_HPSEB_70243_1,9687.0,Prov. Link to 11 KV Bari spur with 11 KV DAV School Spur,Works,Open Tender,Percentage,Electrical Works,,No,No,"99,830",07-Mar-2023 03:00 PM,120,No,Online,,,1,16-Mar-2023 11:30 AM,assessment,Price Bid Opening Date,,"102,818",,HPSEBL,2022-2023
ocds-kjhdrl-2023_HPSEB_70254_1,tender,tender,1,2024-11-08,2023_HPSEB_70254_1,JED-88/2022-23,Prov LT ext. to left out houses and renewal and replacement of old and absolute LT boxes,Works,Open Tender,Item Rate,Electrical Works,,No,No,"5,24,620",06-Mar-2023 05:00 PM,60,No,Online,,,1,16-Mar-2023 11:30 AM,assessment,Price Bid Opening Date,,"400,810",,HPSEBL,2022-2023
ocds-kjhdrl-2023_HPSEB_70255_1,tender,tender,1,2024-11-08,2023_HPSEB_70255_1,SEGN/DB-Bid-3/2022-23,O and M of Gumma Power House,Works,Open Tender,Item Rate,Repair and Maintenance Works,,No,No,,06-Mar-2023 11:00 AM,90,No,Online,,,1,14-Mar-2023 11:00 AM,assessment,Price Bid Opening Date,,"8,902,520",,HPSEBL,2022-2023
ocds-kjhdrl-2023_HPSEB_70296_1,tender,tender,1,2024-11-08,2023_HPSEB_70296_1,HPSEBL/KED/NIT13/2022-23,Tender for providing 100KVA 11 0.4KV DTR Sheridog alongwith associated HT line re-organisation of LD system from proposed 100KVA 11 0.4KV DTR Sheridog in E section Kolibehar under ESD No I HPSEBL Kullu,Works,Open Tender,Turn-key,Electrical Works,,No,No,"2,73,747",06-Mar-2023 11:30 AM,180,No,Online,,,1,24-Mar-2023 11:00 AM,assessment,Price Bid Opening Date,,"206,679.05",,HPSEBL,2022-2023
ocds-kjhdrl-2023_HPSEB_70315_1,tender,tender,1,2024-11-08,2023_HPSEB_70315_1,9687.0,Re-org. of LD System to link the Prop. 11/.4 KV 63 KVA S/Stn,Works,Open Tender,Percentage,Electrical Works,,No,No,"1,19,845",07-Mar-2023 03:00 PM,120,No,Online,,,1,16-Mar-2023 11:30 AM,assessment,Price Bid Opening Date,,"92,280",,HPSEBL,2022-2023
ocds-kjhdrl-2023_HPSEB_70325_1,tender,tender,1,2024-11-08,2023_HPSEB_70325_1,HPSEBL/OCK/NIT-21/2022-23,HPSEBL/OCK/NIT-21/2022-23,Works,Open Tender,Turn-key,Electrical Works,,No,No,"9,81,624",06-Mar-2023 01:40 PM,180,No,Online,,,1,27-Mar-2023 11:00 AM,assessment,Price Bid Opening Date,,"932,543",,HPSEBL,2022-2023
ocds-kjhdrl-2023_HPSEB_70330_1,tender,tender,1,2024-11-08,2023_HPSEB_70330_1,HPSEBL/OCK/NIT-22/2022-23,HPSEBL/OCK/NIT-221/2022-23,Works,Open Tender,Turn-key,Electrical Works,,No,No,"16,84,974",06-Mar-2023 01:50 PM,180,No,Online,,,1,18-Mar-2023 11:00 AM,assessment,Price Bid Opening Date,,"1,498,785",,HPSEBL,2022-2023
ocds-kjhdrl-2023_HPSEB_70335_1,tender,tender,1,2024-11-08,2023_HPSEB_70335_1,HPSEBL/KED/NIT14/2022-23,"Tender for Providing 63KVA 11 0.4KV DTR Uchdhar alongwith associated HT line and re-organisation of LD system from proposed 63KVA, 11 0.4KV DTR Uchdhar in E section Barshaini under ESD HPSEBL Jari",Works,Open Tender,Turn-key,Electrical Works,,No,No,"4,57,675",06-Mar-2023 03:00 PM,180,No,Online,,,1,14-Mar-2023 11:00 AM,assessment,Price Bid Opening Date,,"443,945",,HPSEBL,2022-2023
ocds-kjhdrl-2023_HPSEB_70338_1,tender,tender,1,2024-11-08,2023_HPSEB_70338_1,HPSEBL/OCK/NIT-23/2022-23,HPSEBL/OCK/NIT-23/2022-23,Works,Open Tender,Turn-key,Electrical Works,,No,No,"43,33,900",06-Mar-2023 04:30 PM,180,No,Online,,,1,27-Mar-2023 11:00 AM,assessment,Price Bid Opening Date,,"4,117,205",,HPSEBL,2022-2023
ocds-kjhdrl-2023_HPSEB_70340_1,tender,tender,1,2024-11-08,2023_HPSEB_70340_1,HPSEBL/KED/NIT15/2022-23,"Replacement of lengthy service wire by providing overhead LT line from various sub-stations in (E) section Seobag under ESD No. II, HPSEBL, Kullu",Works,Open Tender,Turn-key,Electrical Works,,No,No,"2,19,350",06-Mar-2023 03:40 PM,180,No,Online,,,1,14-Mar-2023 11:00 AM,assessment,Price Bid Opening Date,,"212,770",,HPSEBL,2022-2023
ocds-kjhdrl-2023_HPSEB_70343_1,tender,tender,1,2024-11-08,2023_HPSEB_70343_1,SP- limited Tender No -84/2022-23,Replacement of 9 Nos Rotten Wooden Poles from various Substations in ES Junga1st and Mundaghat under ESD HPSEBL Junga under ED No-1 Shimla-9,Works,Limited,Percentage,Electrical Works,,No,No,,06-Mar-2023 04:00 PM,7,No,Online,,,1,14-Mar-2023 12:00 PM,assessment,Price Bid Opening Date,,"141,328",,HPSEBL,2022-2023
ocds-kjhdrl-2023_HPSEB_70346_1,tender,tender,1,2024-11-08,2023_HPSEB_70346_1,HPSEBL/KED/NIT-16/2022-23,"Providing 63KVA, 11 0.4KV DTR Pedag at Khanipand-II alongwith associated HT line and re-organisation of LD system from proposed 63KVA, 11 0.4KV DTR Pedag at Khanipand-II in (E) section Bharai under ESD No. II, HPSEBL, Kullu",Works,Open Tender,Turn-key,Electrical Works,,No,No,"3,93,662",06-Mar-2023 04:20 PM,180,No,Online,,,1,24-Mar-2023 11:00 AM,assessment,Price Bid Opening Date,,"389,725",,HPSEBL,2022-2023
ocds-kjhdrl-2023_HPSEB_70354_1,tender,tender,1,2024-11-08,2023_HPSEB_70354_1,HPSEBL/KED/NIT-17/2022-23,"Providing LT extension to newly constructed houses from 25KVA, 11/0.4KV DTR Bagan in (E) section Bharai under ESD No. II, HPSEBL, Kullu",Works,Open Tender,Turn-key,Electrical Works,,No,No,"1,11,683",06-Mar-2023 04:45 PM,180,No,Online,,,1,24-Mar-2023 11:00 AM,assessment,Price Bid Opening Date,,"110,566",,HPSEBL,2022-2023
ocds-kjhdrl-2023_HPSEB_70359_1,tender,tender,1,2024-11-08,2023_HPSEB_70359_1,HPSEBL/KED/NIT-18/2022-23,"Providing additional 3 Phase double circuit LT line from proposed 630KVA, 11/0.4KV DTR at Lower Badah in (E) section Gandhinagar under ESD No. I, HPSEBL, Kullu",Works,Open Tender,Turn-key,Electrical Works,,No,No,"2,69,335",06-Mar-2023 05:10 PM,180,No,Online,,,1,24-Mar-2023 11:00 AM,assessment,Price Bid Opening Date,,"266,373",,HPSEBL,2022-2023
ocds-kjhdrl-2023_HPSEB_70361_1,tender,tender,1,2024-11-08,2023_HPSEB_70361_1,HPSEBL/KED/NIT-19/2022-23,"Replacement of lengthy service wire by providing overhead LT line from various sub-stations in (E) section Seobag under ESD No. II, HPSEBL, Kullu",Works,Open Tender,Turn-key,Electrical Works,,No,No,"68,218",06-Mar-2023 05:25 PM,180,No,Online,,,1,24-Mar-2023 11:00 AM,assessment,Price Bid Opening Date,,"67,536",,HPSEBL,2022-2023
ocds-kjhdrl-2023_HPSEB_70397_1,tender,tender,1,2024-11-08,2023_HPSEB_70397_1,EDS-34/2022-23,Shifting of existing 22 KV HT Line Chaba Sunni feeder crossing over the cnstruction Project of Shimla Jal Prabandhan Nigam at Vill. Shakrori under ESD Sunni. Sub Head Erection of 22 KV HT Line and Dismentalling of existing 22 KV HT Line and provid,Works,Limited,Percentage,Electrical Works,,No,No,,07-Mar-2023 01:15 PM,30,No,Online,,,1,15-Mar-2023 03:00 PM,assessment,Price Bid Opening Date,,"196,826",,HPSEBL,2022-2023
ocds-kjhdrl-2023_HPSEB_70462_1,tender,tender,1,2024-11-08,2023_HPSEB_70462_1,MED/S-114/2022-23,"Tender for shifting of existing 22HT Line crossing over the site of proposed ITI building Kotli with overhead XLPE Cable in Elect. Section Kotli under ESD HPSEBL, Saigloo.",Services,Open Tender,Percentage,Supply and Erection,,No,No,"3,34,114",13-Mar-2023 11:00 AM,90,No,Online,,,1,11-Apr-2023 11:00 AM,assessment,Price Bid Opening Date,,"302,842",,HPSEBL,2022-2023
ocds-kjhdrl-2023_HPSEB_70464_1,tender,tender,1,2024-11-08,2023_HPSEB_70464_1,MED/M-III-115/2022-23,"Tender for SOP to newly constructed Police Administration Block Building at Dhangsidhar by providing 100KVA,11/0.4Kv S/Stn, 11KV HT line , 3phase LT line, with HT Metering equipment at Purani Mandi in Elect. Section Khaliayar U ESD No-iii Mandi.",Services,Open Tender,Percentage,Supply and Erection,,No,No,"5,98,865",13-Mar-2023 11:00 AM,90,No,Online,,,1,28-Mar-2023 11:00 AM,assessment,Price Bid Opening Date,,"520,890",,HPSEBL,2022-2023
ocds-kjhdrl-2023_HPSEB_70469_1,tender,tender,1,2024-11-08,2023_HPSEB_70469_1,MED /M-II-116/2022-23,"SOP to the Sewerage scheme for Mandi Town and adjoining village of Mandi under Electrical Sub- Division, HPSEBL, No-II, Mandi.",Services,Open Tender,Percentage,Supply and Erection,,No,No,"7,26,555",13-Mar-2023 11:00 AM,90,No,Online,,,1,20-Mar-2023 03:00 PM,assessment,Price Bid Opening Date,,"646,632",,HPSEBL,2022-2023
ocds-kjhdrl-2023_HPSEB_70471_1,tender,tender,1,2024-11-08,2023_HPSEB_70471_1,10/2022-23,10/2022-23,Works,Open Tender,Turn-key,Electrical Works,,No,No,"4,31,854",13-Mar-2023 09:30 AM,180,No,Online,,,1,20-Mar-2023 11:00 AM,assessment,Price Bid Opening Date,,"323,718",,HPSEBL,2022-2023
ocds-kjhdrl-2023_HPSEB_70476_1,tender,tender,1,2024-11-08,2023_HPSEB_70476_1,11/2022-23,11/2022-23,Works,Open Tender,Turn-key,Electrical Works,,No,No,"6,66,873",13-Mar-2023 09:30 AM,180,No,Online,,,1,20-Mar-2023 11:00 AM,assessment,Price Bid Opening Date,,"499,888",,HPSEBL,2022-2023
ocds-kjhdrl-2023_HPSEB_70478_1,tender,tender,1,2024-11-08,2023_HPSEB_70478_1,12/2022-23,12/2022-23,Works,Open Tender,Turn-key,Electrical Works,,No,No,"9,62,327",13-Mar-2023 09:30 AM,180,No,Online,,,1,20-Mar-2023 11:00 AM,assessment,Price Bid Opening Date,,"721,624",,HPSEBL,2022-2023
ocds-kjhdrl-2023_HPSEB_70483_1,tender,tender,1,2024-11-08,2023_HPSEB_70483_1,13/2022-23,13/2022-23,Works,Open Tender,Turn-key,Electrical Works,,No,No,"9,71,063",13-Mar-2023 09:30 AM,180,No,Online,,,1,20-Mar-2023 11:00 AM,assessment,Price Bid Opening Date,,"727,812",,HPSEBL,2022-2023
ocds-kjhdrl-2023_HPSEB_70486_1,tender,tender,1,2024-11-08,2023_HPSEB_70486_1,14/2022-23,14/2022-23,Works,Open Tender,Turn-key,Electrical Works,,No,No,"7,52,860",13-Mar-2023 09:30 AM,180,No,Online,,,1,20-Mar-2023 11:00 AM,assessment,Price Bid Opening Date,,"564,269",,HPSEBL,2022-2023
ocds-kjhdrl-2023_HPSEB_70490_1,tender,tender,1,2024-11-08,2023_HPSEB_70490_1,15/2022-23,15/2022-23,Works,Open Tender,Turn-key,Electrical Works,,No,No,"7,56,325",13-Mar-2023 09:30 AM,180,No,Online,,,1,20-Mar-2023 11:00 AM,assessment,Price Bid Opening Date,,"566,790",,HPSEBL,2022-2023
ocds-kjhdrl-2023_HPSEB_70492_1,tender,tender,1,2024-11-08,2023_HPSEB_70492_1,16/2022-23,16/2022-23,Works,Open Tender,Turn-key,Electrical Works,,No,No,"7,97,644",13-Mar-2023 09:30 AM,180,No,Online,,,1,20-Mar-2023 11:00 AM,assessment,Price Bid Opening Date,,"597,675",,HPSEBL,2022-2023
ocds-kjhdrl-2023_HPSEB_70530_1,tender,tender,1,2024-11-08,2023_HPSEB_70530_1,OCU-20/2022-23,OCU-20/2022-23,Works,Open Tender,Percentage,Electrical Works,,No,No,"14,83,129",10-Mar-2023 12:15 PM,90,No,Online,,,1,18-Mar-2023 11:30 AM,assessment,Price Bid Opening Date,,"1,534,160",,HPSEBL,2022-2023
ocds-kjhdrl-2023_HPSEB_70580_1,tender,tender,1,2024-11-08,2023_HPSEB_70580_1,KED-29/2022-23,KED-29/2022-23,Works,Open Tender,Turn-key,Electrical Works,,No,No,"4,74,148",10-Mar-2023 05:00 PM,90,No,Online,,,1,06-Apr-2023 04:15 PM,assessment,Price Bid Opening Date,,"472,962",,HPSEBL,2022-2023
ocds-kjhdrl-2023_HPSEB_70588_1,tender,tender,1,2024-11-08,2023_HPSEB_70588_1,KED-30/2022-23,KED-30/2022-23,Works,Open Tender,Turn-key,Electrical Works,,No,No,"1,58,282",10-Mar-2023 05:00 PM,90,No,Online,,,1,21-Mar-2023 11:30 AM,assessment,Price Bid Opening Date,,"134,160",,HPSEBL,2022-2023
ocds-kjhdrl-2023_HPSEB_70594_1,tender,tender,1,2024-11-08,2023_HPSEB_70594_1,KED-31/2022-23,KED-30/2022-23,Works,Open Tender,Turn-key,Electrical Works,,No,No,"1,74,536",10-Mar-2023 05:15 PM,90,No,Online,,,1,21-Mar-2023 11:30 AM,assessment,Price Bid Opening Date,,"147,937",,HPSEBL,2022-2023
ocds-kjhdrl-2023_HPSEB_70600_1,tender,tender,1,2024-11-08,2023_HPSEB_70600_1,KED-32/2022-23,KED-32/2022-23,Works,Open Tender,Turn-key,Electrical Works,,No,No,"1,09,393",10-Mar-2023 05:25 PM,90,No,Online,,,1,21-Mar-2023 11:30 AM,assessment,Price Bid Opening Date,,"96,003",,HPSEBL,2022-2023
ocds-kjhdrl-2023_HPSEB_70603_1,tender,tender,1,2024-11-08,2023_HPSEB_70603_1,KED-33/2022-23,KED-33/2022-23,Works,Open Tender,Turn-key,Electrical Works,,No,No,"1,21,656",10-Mar-2023 05:40 PM,90,No,Online,,,1,21-Mar-2023 11:30 AM,assessment,Price Bid Opening Date,,"107,983",,HPSEBL,2022-2023
ocds-kjhdrl-2023_HPSEB_70667_1,tender,tender,1,2024-11-08,2023_HPSEB_70667_1,HPSEBL/CEG/Bassi-ACB/2022-23,Supply of material ie ACB for Bassi HEP,Goods,Single,Item Wise,Electrical Work/ Equipment,,No,No,,14-Mar-2023 11:00 AM,120,No,Online,,,1,22-Mar-2023 11:00 AM,assessment,Price Bid Opening Date,,"173,409",,HPSEBL,2022-2023
ocds-kjhdrl-2023_HPSEB_70709_1,tender,tender,1,2024-11-08,2023_HPSEB_70709_1,23/2022-23,23/2022-23,Works,Open Tender,Turn-key,Electrical Works,,No,No,"5,86,019",16-Mar-2023 09:55 AM,180,No,Online,,,1,24-Mar-2023 11:00 AM,assessment,Price Bid Opening Date,,"439,515",,HPSEBL,2022-2023
ocds-kjhdrl-2023_HPSEB_70719_1,tender,tender,1,2024-11-08,2023_HPSEB_70719_1,17/2022-23,17/2022-23,Works,Open Tender,Turn-key,Electrical Works,,No,No,"9,82,300",16-Mar-2023 09:30 AM,180,No,Online,,,1,24-Mar-2023 11:00 AM,assessment,Price Bid Opening Date,,"736,234",,HPSEBL,2022-2023
ocds-kjhdrl-2023_HPSEB_70721_1,tender,tender,1,2024-11-08,2023_HPSEB_70721_1,DED-171/22-23,DED-171/2022-23,Works,Open Tender,Percentage,Civil Works - Buildings,,No,No,"1,93,805",14-Mar-2023 04:20 PM,30,No,Online,,,1,21-Mar-2023 04:00 PM,assessment,Price Bid Opening Date,,"199,042",,HPSEBL,2022-2023
ocds-kjhdrl-2023_HPSEB_70738_1,tender,tender,1,2024-11-08,2023_HPSEB_70738_1,18/2022-23,18/2022-23,Works,Open Tender,Turn-key,Electrical Works,,No,No,"5,42,646",16-Mar-2023 09:30 AM,180,No,Online,,,1,24-Mar-2023 11:00 AM,assessment,Price Bid Opening Date,,"406,984",,HPSEBL,2022-2023
ocds-kjhdrl-2023_HPSEB_70741_1,tender,tender,1,2024-11-08,2023_HPSEB_70741_1,19/2022-23,19/2022-23,Works,Open Tender,Turn-key,Electrical Works,,No,No,"9,32,633",16-Mar-2023 09:30 AM,180,No,Online,,,1,24-Mar-2023 11:00 AM,assessment,Price Bid Opening Date,,"698,615",,HPSEBL,2022-2023
ocds-kjhdrl-2023_HPSEB_70745_1,tender,tender,1,2024-11-08,2023_HPSEB_70745_1,20/2022-23,20/2022-23,Works,Open Tender,Turn-key,Electrical Works,,No,No,"5,37,015",16-Mar-2023 09:30 AM,180,No,Online,,,1,24-Mar-2023 11:00 AM,assessment,Price Bid Opening Date,,"402,762",,HPSEBL,2022-2023
ocds-kjhdrl-2023_HPSEB_70749_1,tender,tender,1,2024-11-08,2023_HPSEB_70749_1,21/2022-23,21/2022-23,Works,Open Tender,Turn-key,Electrical Works,,No,No,"4,92,978",16-Mar-2023 09:30 AM,180,No,Online,,,1,24-Mar-2023 11:00 AM,assessment,Price Bid Opening Date,,"370,719",,HPSEBL,2022-2023
ocds-kjhdrl-2023_HPSEB_70750_1,tender,tender,1,2024-11-08,2023_HPSEB_70750_1,DED-172/22-23,DED-172/2022-23,Works,Open Tender,Percentage,Civil Works - Buildings,,No,No,"1,92,493",14-Mar-2023 05:00 PM,30,No,Online,,,1,21-Mar-2023 04:00 PM,assessment,Price Bid Opening Date,,"198,075",,HPSEBL,2022-2023
ocds-kjhdrl-2023_HPSEB_70753_1,tender,tender,1,2024-11-08,2023_HPSEB_70753_1,22/2022-23,22/2022-23,Works,Open Tender,Turn-key,Electrical Works,,No,No,"6,57,304",16-Mar-2023 09:30 AM,180,No,Online,,,1,24-Mar-2023 11:00 AM,assessment,Price Bid Opening Date,,"492,978",,HPSEBL,2022-2023
ocds-kjhdrl-2023_HPSEB_70856_1,tender,tender,1,2024-11-08,2023_HPSEB_70856_1,CEO/MM/Tender No. 01(HT Stay Set)/2022-23,CEO/MM-Tender-01/2022-23,Goods,Limited,Item Rate,Electrical Work/ Equipment,,No,No,,15-Mar-2023 03:55 PM,120,No,Not Applicable,,,1,24-Mar-2023 03:00 PM,assessment,Price Bid Opening Date,,"198,849",,HPSEBL,2022-2023
ocds-kjhdrl-2023_HPSEB_70956_1,tender,tender,1,2024-11-08,2023_HPSEB_70956_1,DED-173/22-23,DED-173/2022-23,Services,Open Tender,Percentage,Repair and Maintenance Services,,No,No,"1,94,133",16-Mar-2023 04:10 PM,30,No,Online,,,1,22-Mar-2023 03:00 PM,assessment,Price Bid Opening Date,,"199,782",,HPSEBL,2022-2023
ocds-kjhdrl-2023_HPSEB_71021_1,tender,tender,1,2024-11-08,2023_HPSEB_71021_1,EDS-36/2022-23,Electrical Work,Works,Open Tender,Percentage,Electrical Works,,No,No,,17-Mar-2023 02:00 PM,90,No,Online,,,1,27-Mar-2023 03:00 PM,assessment,Price Bid Opening Date,,"332,314",,HPSEBL,2022-2023
ocds-kjhdrl-2023_HPSEB_71022_1,tender,tender,1,2024-11-08,2023_HPSEB_71022_1,PED-72/2022-23,PED 72/2022-23,Works,Open Tender,Percentage,Electrical Works,,No,No,"2,34,768",17-Mar-2023 03:00 PM,180,No,Online,,,1,24-Mar-2023 01:00 PM,assessment,Price Bid Opening Date,,"176,075.84",,HPSEBL,2022-2023
ocds-kjhdrl-2023_HPSEB_71033_1,tender,tender,1,2024-11-08,2023_HPSEB_71033_1,DED-174/2022-23,DED-174/2022-23,Works,Open Tender,Percentage,Civil Works - Buildings,,No,No,"1,94,034",17-Mar-2023 03:45 PM,30,No,Online,,,1,23-Mar-2023 04:00 PM,assessment,Price Bid Opening Date,,"199,681",,HPSEBL,2022-2023
ocds-kjhdrl-2023_HPSEB_71042_1,tender,tender,1,2024-11-08,2023_HPSEB_71042_1,ROC-10/2022-23,Prov. SOP to HPMC cold store Rohru,Works,Open Tender,Percentage,Electrical Works,,No,No,"21,76,405",17-Mar-2023 04:10 PM,60,No,Online,,,1,29-Mar-2023 02:30 PM,assessment,Price Bid Opening Date,,"1,848,856",,HPSEBL,2022-2023
ocds-kjhdrl-2023_HPSEB_71113_1,tender,tender,1,2024-11-08,2023_HPSEB_71113_1,CEO/MM-02(Cross Arms 2800mm/2022-23,CEO/MM-02(Cross Arms)/2022-23,Goods,Limited,Item Rate,Electrical Work/ Equipment,,No,No,,18-Mar-2023 01:30 PM,120,No,Not Applicable,,,1,28-Mar-2023 03:00 PM,assessment,Price Bid Opening Date,,"196,588",,HPSEBL,2022-2023
ocds-kjhdrl-2023_HPSEB_71201_1,tender,tender,1,2024-11-08,2023_HPSEB_71201_1,SED/SP-Limited Tender No-85/2022-23,"Estimate for shifting of 11KV Baragaon HT line near STP Plant at Badagaon in Electrical Section New Shimla under ESD, HPSEBL , Khalini under Electrical Division No.1",Works,Limited,Percentage,Electrical Works,,No,No,"1,74,486",21-Mar-2023 03:00 PM,7,No,Online,,,1,31-Mar-2023 12:00 PM,assessment,Price Bid Opening Date,,"172,741",,HPSEBL,2022-2023
ocds-kjhdrl-2023_HPSEB_71235_1,tender,tender,1,2024-11-08,2023_HPSEB_71235_1,113-22-23,113-22-23,Services,Open Tender,Item Rate,Miscellaneous Services,,No,No,"1,46,320",20-Mar-2023 05:10 PM,180,No,Online,,,1,29-Mar-2023 11:00 AM,assessment,Price Bid Opening Date,,"146,320",,HPSEBL,2022-2023
ocds-kjhdrl-2023_HPSEB_71236_1,tender,tender,1,2024-11-08,2023_HPSEB_71236_1,184619/2022-23-9127-32 Dated 14-03-2023,Tender for providing 22 KV HT line to 63 KVA 22/0.4 KV s/stn Thanger under ESD HPSEBL Churag.,Services,Open Tender,Item Wise,Supply and Erection,,No,No,"3,38,540",20-Mar-2023 06:00 PM,180,No,Online,,,1,11-Apr-2023 12:30 PM,assessment,Price Bid Opening Date,,"253,905",,HPSEBL,2022-2023
ocds-kjhdrl-2023_HPSEB_71240_1,tender,tender,1,2024-11-08,2023_HPSEB_71240_1,184619/2022-23-9127-32 Dated 14-03-2023,Tender for providing 63 KVA 22/0.4 KV s/stn Thanger under ESD Churag.,Services,Open Tender,Item Wise,Supply and Erection,,No,No,"2,50,906",20-Mar-2023 06:00 PM,180,No,Online,,,1,11-Apr-2023 12:30 PM,assessment,Price Bid Opening Date,,"188,179",,HPSEBL,2022-2023
ocds-kjhdrl-2023_HPSEB_71248_1,tender,tender,1,2024-11-08,2023_HPSEB_71248_1,184619/2022-23-9127-32 Dated 14-03-2023,Tender for providing 63 KVA 22/0.4 KV s/stn Ruchhad under ESD Chhatri.,Services,Open Tender,Item Wise,Supply and Erection,,No,No,"2,47,490",20-Mar-2023 06:10 PM,180,No,Online,,,1,11-Apr-2023 12:30 PM,assessment,Price Bid Opening Date,,"254,488.39",,HPSEBL,2022-2023
ocds-kjhdrl-2023_HPSEB_71249_1,tender,tender,1,2024-11-08,2023_HPSEB_71249_1,184619/2022-23-9127-32 Dated 14-03-2023,Tender for providing 22 KV HT line to 63 KVA 22/0.4 KV s/stn Ruchhad under ESD HPSEBL Chhatri.,Services,Open Tender,Item Wise,Supply and Erection,,No,No,"9,26,590",20-Mar-2023 06:20 PM,180,No,Online,,,1,11-Apr-2023 12:30 PM,assessment,Price Bid Opening Date,,"694,942.5",,HPSEBL,2022-2023
ocds-kjhdrl-2023_HPSEB_71251_1,tender,tender,1,2024-11-08,2023_HPSEB_71251_1,184619/2022-23-9134-40 Dated 14-03-2023,Tender for prov 3 Phase LT Line from from 63 KVA 22/0.4 KV s/stn Thangar under ESD HPSEBL Churag,Services,Open Tender,Item Wise,Supply and Erection,,No,No,"80,044",20-Mar-2023 06:30 PM,180,No,Online,,,1,11-Apr-2023 12:30 PM,assessment,Price Bid Opening Date,,"60,033",,HPSEBL,2022-2023
ocds-kjhdrl-2023_HPSEB_71253_1,tender,tender,1,2024-11-08,2023_HPSEB_71253_1,184619/2022-23-9134-40 Dated 14-03-2023,Tender for prov 3 Phase LT Line to PHC Churag under ESD HPSEBL Churag,Services,Open Tender,Item Wise,Supply and Erection,,No,No,"1,81,431",20-Mar-2023 06:40 PM,180,No,Online,,,1,01-Apr-2023 12:30 PM,assessment,Price Bid Opening Date,,"136,098.25",,HPSEBL,2022-2023
ocds-kjhdrl-2023_HPSEB_71255_1,tender,tender,1,2024-11-08,2023_HPSEB_71255_1,184619/2022-23-9134-40 Dated 14-03-2023,Tender for re-organisation of LT Line for interlinking from proposed 63 KVA 22/0.4 KV s/stn Ruchhad under ESD HPSEBL Chattri,Services,Open Tender,Item Wise,Supply and Erection,,No,No,"1,75,343",20-Mar-2023 06:55 PM,180,No,Online,,,1,11-Apr-2023 12:30 PM,assessment,Price Bid Opening Date,,"131,507.25",,HPSEBL,2022-2023
ocds-kjhdrl-2023_HPSEB_71278_1,tender,tender,1,2024-11-08,2023_HPSEB_71278_1,SP-Limited Tender No-86/2022-23,"Estimate for providing additional structure to raise the height of lengthy span of 22KV Mathu colony feeder in ES Cemetery under ESD, HPSEBL Dhalli under Electrical Division No.1",Works,Limited,Percentage,Electrical Works,,No,No,"1,76,765",21-Mar-2023 03:00 PM,7,No,Online,,,1,01-Apr-2023 02:00 PM,assessment,Price Bid Opening Date,,"174,998",,HPSEBL,2022-2023
ocds-kjhdrl-2023_HPSEB_71283_1,tender,tender,1,2024-11-08,2023_HPSEB_71283_1,CEO/MM/Ltd. Tender No. 031(Cross Arms 280)/2022-23,CEO/MM/Ltd. Tender/ No. 03 (Cross Arms 2800mm)/2022-23,Goods,Limited,Item Rate,Electrical Work/ Equipment,,No,No,"2,00,000",21-Mar-2023 11:30 AM,120,No,Not Applicable,,,1,29-Mar-2023 03:00 PM,assessment,Price Bid Opening Date,,"196,588",,HPSEBL,2022-2023
ocds-kjhdrl-2023_HPSEB_71288_1,tender,tender,1,2024-11-08,2023_HPSEB_71288_1,CEO/MM/Ltd.Tender No.04(S/Stn. Fitting)/2022-23,CEO/MM/Ltd. Tender/ No. 04 (S/Stn. Fitting)/2022-23,Goods,Limited,Item Rate,Electrical Work/ Equipment,,No,No,"2,00,000",21-Mar-2023 11:30 AM,120,No,Not Applicable,,,1,29-Mar-2023 03:30 PM,assessment,Price Bid Opening Date,,"190,806",,HPSEBL,2022-2023
ocds-kjhdrl-2023_HPSEB_71291_1,tender,tender,1,2024-11-08,2023_HPSEB_71291_1,OCD/DB/Bid-52/2022-23,"Tender for Supply of equipment / material , design, erection, testing commissioning for SOP to Govt. ITI Garnota (Building Additional Accommodation) in Tehsil Bhatiyat by Prov. 11/.4 KV 400 KVA S/Stn. a/w 11 KV HT and LT line section Sihunta unde",Works,Open Tender,Turn-key,Electrical Works,,No,No,"22,00,576",21-Mar-2023 03:00 PM,90,No,Online,,,1,28-Mar-2023 11:30 AM,assessment,Price Bid Opening Date,,"1,815,476",,HPSEBL,2022-2023
ocds-kjhdrl-2023_HPSEB_71302_1,tender,tender,1,2024-11-08,2023_HPSEB_71302_1,KPHDD-28/2022-23,Tender for Providing Assisting Facilities to help the watch and ward of Damaged PSKCM Sal-II,Services,Open Tender,Item Rate,Manpower Supply,,No,No,,21-Mar-2023 03:00 PM,180,No,Online,,,1,29-Mar-2023 11:00 AM,assessment,Price Bid Opening Date,,"226,737",,HPSEBL,2022-2023
ocds-kjhdrl-2023_HPSEB_71311_1,tender,tender,1,2024-11-08,2023_HPSEB_71311_1,OCD/DB/Bid-54/2022-23,"Tender for Supply of equipment material , design, erection, testing commissioning for SOP to LWSS Batran, Padher and Sakoh by Prov. 11/.4 KV 250 KVA S/Stn. at Baruila Nallah a/w 11 KV HT section Kher under ESD Rehan EDFatehpur",Works,Open Tender,Turn-key,Electrical Works,,No,No,"12,89,046",21-Mar-2023 03:00 PM,90,No,Online,,,1,28-Mar-2023 12:30 PM,assessment,Price Bid Opening Date,,"1,075,065",,HPSEBL,2022-2023
ocds-kjhdrl-2023_HPSEB_71317_1,tender,tender,1,2024-11-08,2023_HPSEB_71317_1,OCD/DB/Bid-55/2022-23,"Tender for Supply of equipment material , design, erection, testing commissioning for SOP to JSV, i) LWSS T/Well at Minjgran by Prov. 11/.4 KV 63 KVA S/Stn. a/w 11 KV HT section Nurpur and,",Works,Open Tender,Turn-key,Electrical Works,,No,No,"11,28,027",21-Mar-2023 03:00 PM,90,No,Online,,,1,28-Mar-2023 01:00 PM,assessment,Price Bid Opening Date,,"938,519",,HPSEBL,2022-2023
ocds-kjhdrl-2023_HPSEB_71321_1,tender,tender,1,2024-11-08,2023_HPSEB_71321_1,FED-07,FED-07/2022-23,Services,Open Tender,Turn-key,Supply and Erection,,No,No,,03-Apr-2023 04:00 PM,90,No,Online,,,1,13-Apr-2023 03:00 PM,assessment,Price Bid Opening Date,,"628,360",,HPSEBL,2022-2023
ocds-kjhdrl-2023_HPSEB_71322_1,tender,tender,1,2024-11-08,2023_HPSEB_71322_1,OCD/DB/Bid-56/2022-23,"Tender for Supply of equipment / material , design, erection, testing commissioning for SOP to LIS Ladori (Under HPHDP). by Prov. 11/.4 KV 63 KVA S/Stn. at Ladori a/w 11 KV HT line section Ladori under ESD Suliali ED Nurpur",Works,Open Tender,Turn-key,Electrical Works,,No,No,"8,00,580",21-Mar-2023 03:00 PM,90,No,Online,,,1,28-Mar-2023 02:00 PM,assessment,Price Bid Opening Date,,"697,305",,HPSEBL,2022-2023
ocds-kjhdrl-2023_HPSEB_71323_1,tender,tender,1,2024-11-08,2023_HPSEB_71323_1,OCD/DB/Bid-57/2022-23,"Tender for Supply of equipment / material , design, erection, testing commissioning for SOP to D.R.D.A. for fish feed unit at Maredi by Prov. 11/.4 KV 25 KVA S/Stn. a/w 11 KV HT line section Maredi under ESD Chamba-II ED Chamba",Works,Open Tender,Turn-key,Electrical Works,,No,No,"5,07,174",21-Mar-2023 03:00 PM,90,No,Online,,,1,28-Mar-2023 02:30 PM,assessment,Price Bid Opening Date,,"514,554",,HPSEBL,2022-2023
ocds-kjhdrl-2023_HPSEB_71349_1,tender,tender,1,2024-11-08,2023_HPSEB_71349_1,KPHDD_29/2022-23,"Tender for Elect. Mtc. Works including facilities to the shift staff of different groups, cleaning of switchyard, operation of gates and other activities under the supervision of regular staff",Services,Open Tender,Item Rate,Manpower Supply,,No,No,,21-Mar-2023 06:00 PM,180,No,Online,,,1,29-Mar-2023 12:30 PM,assessment,Price Bid Opening Date,,"251,793.12",,HPSEBL,2022-2023
ocds-kjhdrl-2023_HPSEB_71391_1,tender,tender,1,2024-11-08,2023_HPSEB_71391_1,E-TENDERING JOB.21./2022-23,"Tender for Providing of SOP to LWSS Randeep Nagar and Shallan near vill Chainu (Stage-1st) by providing 63 KVA, 22/0.4 KV S/Stn along with 22 KV HT in (E) Section Kalgaon under ESD Tikkar",Works,Open Tender,Percentage,Electrical Works,,No,No,"5,91,840",22-Mar-2023 01:00 PM,30,No,Online,,,1,04-Apr-2023 01:00 PM,assessment,Price Bid Opening Date,,"443,940",,HPSEBL,2022-2023
ocds-kjhdrl-2023_HPSEB_71396_1,tender,tender,1,2024-11-08,2023_HPSEB_71396_1,E-TENDERING JOB.22./2022-23,"Tender for Proposed New 63 KVA, 22/0.4 KV S/stn Rohal at Ghaichwari in (E) Section Gushali Under ESD Chirgaon No-I.",Works,Open Tender,Percentage,Electrical Works,,No,No,"5,44,490",22-Mar-2023 01:00 PM,30,No,Online,,,1,11-Apr-2023 01:00 PM,assessment,Price Bid Opening Date,,"392,577",,HPSEBL,2022-2023
ocds-kjhdrl-2023_HPSEB_71400_1,tender,tender,1,2024-11-08,2023_HPSEB_71400_1,E-TENDERING JOB.23./2022-23,Tender for Augmentation of 100 to 250 KVA Transformer for providing SOP to HDFC Bank Chirgaon alongwith LT line in (E) Section Chirgaon-I Under ESD Chirgaon,Works,Open Tender,Percentage,Electrical Works,,No,No,"4,86,558",22-Mar-2023 01:30 PM,30,No,Online,,,1,04-Apr-2023 01:00 PM,assessment,Price Bid Opening Date,,"326,480",,HPSEBL,2022-2023
ocds-kjhdrl-2023_HPSEB_71418_1,tender,tender,1,2024-11-08,2023_HPSEB_71418_1,HPSEBL/RE/ GPHDG-04/2023-24,HPSEBL/RE/ GPHDG-04/2023-24,Works,Open Tender,Item Rate,Civil Works - Others,,No,No,"1,29,475",22-Mar-2023 04:30 PM,60,No,Both(Online/Offline),,,1,29-Mar-2023 11:00 AM,assessment,Price Bid Opening Date,,"122,126",,HPSEBL,2022-2023
ocds-kjhdrl-2023_HPSEB_71422_1,tender,tender,1,2024-11-08,2023_HPSEB_71422_1,KPHDD-30/2022-23,"Tender for carrying out the Civil Mtc. Works including cleaning of colonies, office complex, rest camp, intake, forebay, Power house including cutting of bushes, minor colonies Mtc. works, cleaning of drains, regulation of drinking water system and",Services,Open Tender,Item Rate,Manpower Supply,,No,No,,22-Mar-2023 05:00 PM,180,No,Online,,,1,31-Mar-2023 11:00 AM,assessment,Price Bid Opening Date,,"245,253.56",,HPSEBL,2022-2023
ocds-kjhdrl-2023_HPSEB_71428_1,tender,tender,1,2024-11-08,2023_HPSEB_71428_1,KPHDD-31/2022-23,"Tender for cleaning sweeping, mopping in Rest camp at Holi cutting uprooting the grass bushes surrounding Rest camp Colony at Holi Power House",Services,Open Tender,Item Rate,Manpower Supply,,No,No,,22-Mar-2023 05:45 PM,180,No,Online,,,1,31-Mar-2023 12:00 PM,assessment,Price Bid Opening Date,,"172,752",,HPSEBL,2022-2023
ocds-kjhdrl-2023_HPSEB_71483_1,tender,tender,1,2024-11-08,2023_HPSEB_71483_1,57-2022-23,57-2022-23,Works,Open Tender,Turn-key,Electrical Works,,No,No,"29,61,891",23-Mar-2023 12:25 PM,180,No,Online,,,1,31-Mar-2023 11:00 AM,assessment,Price Bid Opening Date,,"2,284,507",,HPSEBL,2022-2023
ocds-kjhdrl-2023_HPSEB_71525_1,tender,tender,1,2024-11-08,2023_HPSEB_71525_1,DB-Tender/No-29(S/Stn LT Line at Jhakri)/2022-23,DB-Tender No-29(S/Stn LT Line at Jhakri)/2022-23.,Works,Limited,Percentage,Electrical Works,,No,No,,24-Mar-2023 03:30 PM,180,No,Online,,,1,31-Mar-2023 11:00 AM,assessment,Price Bid Opening Date,,"436,182",,HPSEBL,2022-2023
ocds-kjhdrl-2023_HPSEB_71529_1,tender,tender,1,2024-11-08,2023_HPSEB_71529_1,DB-Tender/No-30(S/Stn LT Line at Bhounch)/2022-2,DB Tender No 30(S/Stn LT Line at Bhounch)2022-23.,Works,Limited,Percentage,Electrical Works,,No,No,,24-Mar-2023 03:30 PM,180,No,Online,,,1,31-Mar-2023 11:00 AM,assessment,Price Bid Opening Date,,"434,322",,HPSEBL,2022-2023
ocds-kjhdrl-2023_HPSEB_71532_1,tender,tender,1,2024-11-08,2023_HPSEB_71532_1,DB-Tender/No-31(S/Stn LT Line at Manla-II)/2022-,DB TenderNo 31(S Stn LT Line at Manla-II) 2022-23.,Works,Limited,Percentage,Electrical Works,,No,No,,24-Mar-2023 03:30 PM,180,No,Online,,,1,31-Mar-2023 11:00 AM,assessment,Price Bid Opening Date,,"425,274",,HPSEBL,2022-2023
ocds-kjhdrl-2023_HPSEB_71572_1,tender,tender,1,2024-11-08,2023_HPSEB_71572_1,DB-Tender-No. 24(SOP Badich)/2022-23,"C/O of 22/.4KV 63KVA S/Stn at Badich including HT and LT line in (E ) Section HPSEBL, Sarien under ESD Chopal",Works,Open Tender,Percentage,Electrical Works,,No,No,,25-Mar-2023 10:00 AM,60,No,Online,,,1,06-Apr-2023 01:00 PM,assessment,Price Bid Opening Date,,"716,420",,HPSEBL,2022-2023
ocds-kjhdrl-2023_HPSEB_71575_1,tender,tender,1,2024-11-08,2023_HPSEB_71575_1,SED/-Limited Tender No-87/2022-23,"Estimate for SOP to Valley View Hotel and Restraunt Head office Koti ,P.O and Tehsil Junga,District Shimla Kufri-chail Road in Electrical Section Koti under ESD HPSEBl, Junga under Electrical Division No. 1",Works,Limited,Percentage,Electrical Works,,No,No,"1,89,019",25-Mar-2023 12:00 PM,7,No,Online,,,1,03-Apr-2023 12:00 PM,assessment,Price Bid Opening Date,,"163,501",,HPSEBL,2022-2023
ocds-kjhdrl-2023_HPSEB_71576_1,tender,tender,1,2024-11-08,2023_HPSEB_71576_1,184619/2022-23-9448-55 Dated 23-03-2023,Tender for SOP to Sumit digital tower at Tuman Augment of 25 KVA Sub. Station in to 63 KVA and 2 phase LT line to 3 phase LT line under ESD Chhatri,Services,Open Tender,Item Wise,Supply and Erection,,No,No,"1,45,923",25-Mar-2023 05:00 PM,180,No,Online,,,1,11-Apr-2023 12:30 PM,assessment,Price Bid Opening Date,,"143,347.72",,HPSEBL,2022-2023
ocds-kjhdrl-2023_HPSEB_71577_1,tender,tender,1,2024-11-08,2023_HPSEB_71577_1,SED/-Limited Tender No-88/2022-23,"Estimate of for shifting of existing single/three phase LT/HT Line from Panchyati Raj Training Institute, Craigneno in ES Craigneno, Sh. Vijay Singh village shaiser PO Baldeyan in ES Durgapur, HIPA Fairlawns in ES Mashobra, Sh. Dalip kumar Thakur vi",Works,Limited,Percentage,Electrical Works,,No,No,"1,54,786",25-Mar-2023 12:00 PM,7,No,Online,,,1,03-Apr-2023 02:00 PM,assessment,Price Bid Opening Date,,"139,307",,HPSEBL,2022-2023
ocds-kjhdrl-2023_HPSEB_71579_1,tender,tender,1,2024-11-08,2023_HPSEB_71579_1,184619/2022-23-9448-55 Dated 23-03-2023,"Tender for SOP to Indus Tower Koti Augment of 63 KVA22/0.4 Sub. Station in to 100 KVA 22/0.4 KV and aug.of 2 phase to 3 phase LT line at Koti under ESD HPSEBL, Chhatri",Services,Open Tender,Item Wise,Supply and Erection,,No,No,"1,08,443",25-Mar-2023 05:00 PM,180,No,Online,,,1,11-Apr-2023 12:30 PM,assessment,Price Bid Opening Date,,"106,988.91",,HPSEBL,2022-2023
ocds-kjhdrl-2023_HPSEB_71581_1,tender,tender,1,2024-11-08,2023_HPSEB_71581_1,184619/2022-23-9448-55 Dated 23-03-2023,Tender for augmentation of 25 KVA22/0.4 KV. Sub. Station in to 63 KVA 22/0.4 KV reliance Jio Tower Joung under ESD HPSEBL Seri,Services,Open Tender,Item Wise,Supply and Erection,,No,No,"91,684",25-Mar-2023 05:00 PM,180,No,Online,,,1,11-Apr-2023 12:30 PM,assessment,Price Bid Opening Date,,"94,073.73",,HPSEBL,2022-2023
ocds-kjhdrl-2023_HPSEB_71599_1,tender,tender,1,2024-11-08,2023_HPSEB_71599_1,HPSEBL/183619/NIT-130/2022-23,"Estimate for replacement of 15 No. Rotten wooden poles with Steel Tubular Poles of exisitng LT line from various existing substations in ( E) section Nihri-1st under ESD , HPSEB,Ltd. Nihri T.S-315 /2022-23 S/Amt-4,92,425 /- only",Goods,Open Tender,Percentage,Electrical Work/ Equipment,,No,No,"2,40,455",25-Mar-2023 03:00 PM,90,No,Online,,,1,10-Apr-2023 03:30 PM,assessment,Price Bid Opening Date,,"165,877",,HPSEBL,2022-2023
ocds-kjhdrl-2023_HPSEB_71600_1,tender,tender,1,2024-11-08,2023_HPSEB_71600_1,HPSEBL/183619/NIT-131/2022-23,"Estimate for replacement of 48 No.s Rotten wooden poles with Steel Tubular Poles of existing LT Line from 25 KVA S/Stn Nihri-2nd , Kathachi-2nd Kot in ( E) section Nihri-2nd under ESD , HPSEB,Ltd. Nihri.T.S-154/2020-21 S/Amt- Rs. 16,72,310 /- o",Works,Open Tender,Percentage,Electrical Works,,No,No,"6,68,696",25-Mar-2023 03:00 PM,90,No,Online,,,1,10-Apr-2023 03:30 PM,assessment,Price Bid Opening Date,,"667,382",,HPSEBL,2022-2023
ocds-kjhdrl-2023_HPSEB_71603_1,tender,tender,1,2024-11-08,2023_HPSEB_71603_1,HPSEBL/GPHD/DB-9/2022-23-134 dated 25.03.2023,Estimate for Restoration of Temporary Diversion channel of Nogli Power House(2.5 MW) Intake RD 214 to 221.50 Meter damaged due to heavy rain / flood in Nogli Khad on dated 16.07.202,Services,Open Tender,Lump-sum,Repair and Maintenance Services,,No,No,,25-Mar-2023 06:00 PM,180,No,Online,,,1,07-Apr-2023 03:00 PM,assessment,Price Bid Opening Date,,"220,221",,HPSEBL,2022-2023
ocds-kjhdrl-2023_HPSEB_71605_1,tender,tender,1,2024-11-08,2023_HPSEB_71605_1,HPSEBL/GPHD/DB-9/2022-23-136 dated 25.03.2023,Estimate for Restoration of Temporary Diversion channel of Nogli Power House(2.5 MW) Intake RD 221.50 to 233.50 Meter damaged due to heavy rain / flood in Nogli Khad on dated 16.07.2022,Services,Open Tender,Lump-sum,Repair and Maintenance Services,,No,No,,25-Mar-2023 06:00 PM,180,No,Online,,,1,07-Apr-2023 03:00 PM,assessment,Price Bid Opening Date,,"221,018",,HPSEBL,2022-2023
ocds-kjhdrl-2023_HPSEB_71607_1,tender,tender,1,2024-11-08,2023_HPSEB_71607_1,HPSEBL/GPHD/DB-9/2022-23-137 dated 25.03.2023,Estimate for Restoration of Temporary Diversion channel of Nogli Power House(2.5 MW) Intake RD 233.5 to 245 Meter damaged due to heavy rain / flood in Nogli Khad on dated 16.07.2022,Services,Open Tender,Lump-sum,Repair and Maintenance Services,,No,No,,25-Mar-2023 06:00 PM,180,No,Online,,,1,07-Apr-2023 03:00 PM,assessment,Price Bid Opening Date,,"220,988",,HPSEBL,2022-2023
ocds-kjhdrl-2023_HPSEB_71648_1,tender,tender,1,2024-11-08,2023_HPSEB_71648_1,DB-Tender-No. 23(SOP Khagna)/2022-23,"C/O of 22/.4KV 100KVA S/Stn at Khagna including HT and LT line in (E ) Section HPSEBL, Chopal under ESD Chopal",Works,Open Tender,Percentage,Electrical Works,,No,No,,27-Mar-2023 02:00 PM,60,No,Online,,,1,06-Apr-2023 01:00 PM,assessment,Price Bid Opening Date,,"895,663",,HPSEBL,2022-2023
ocds-kjhdrl-2023_HPSEB_71677_1,tender,tender,1,2024-11-08,2023_HPSEB_71677_1,Letter No,05-2022-23,Services,Open Tender,Item Rate,Miscellaneous Services,,No,No,"3,99,029",29-Mar-2023 10:00 AM,180,No,Online,,,1,06-Apr-2023 03:00 PM,assessment,Price Bid Opening Date,,"398,066",,HPSEBL,2022-2023
ocds-kjhdrl-2023_HPSEB_71684_1,tender,tender,1,2024-11-08,2023_HPSEB_71684_1,06-2022-23,06-2022-23,Services,Open Tender,Item Rate,Miscellaneous Services,,No,No,"2,89,430",29-Mar-2023 10:00 AM,180,No,Online,,,1,06-Apr-2023 03:00 PM,assessment,Price Bid Opening Date,,"271,530",,HPSEBL,2022-2023
ocds-kjhdrl-2023_HPSEB_71690_1,tender,tender,1,2024-11-08,2023_HPSEB_71690_1,07-2022-23,07-2022-23,Services,Open Tender,Item Rate,Miscellaneous Services,,No,No,"3,99,784",29-Mar-2023 10:00 AM,180,No,Online,,,1,06-Apr-2023 03:00 PM,assessment,Price Bid Opening Date,,"367,500",,HPSEBL,2022-2023
ocds-kjhdrl-2023_HPSEB_71737_1,tender,tender,1,2024-11-08,2023_HPSEB_71737_1,CEO/MM- 01-Single Tender (SBM Stationery)/2023-24,CEO/MM- 01-Single Tender (SBM Stationery)/2023-24,Goods,Single,Item Rate,Stationery,,No,No,"21,34,000",29-Mar-2023 04:00 PM,120,No,Online,,,1,05-Apr-2023 03:00 PM,assessment,Price Bid Opening Date,,"2,127,000",,HPSEBL,2022-2023
ocds-kjhdrl-2023_HPSEB_71809_1,tender,tender,1,2024-11-08,2023_HPSEB_71809_1,SEES/SHIMLA-319/2023-24,SEES/SHIMLA-319/2023-24,Works,Open Tender,Item Rate,Electrical Works,,No,No,"1,48,659",01-Apr-2023 03:00 PM,180,No,Online,,,1,25-Apr-2023 11:30 AM,assessment,Price Bid Opening Date,,"86,907",,HPSEBL,2022-2023
ocds-kjhdrl-2023_HPSEB_71812_1,tender,tender,1,2024-11-08,2023_HPSEB_71812_1,SED/SP-Limited Tender No-01/2023-24,Estimate for SOP to STP Dhalli in ES Dhalli under ESD HPSEBL Dhalli under Electrical Division No. 1,Works,Limited,Percentage,Electrical Works,,No,No,"6,02,455",01-Apr-2023 05:00 PM,9,No,Online,,,1,11-Apr-2023 12:00 PM,assessment,Price Bid Opening Date,,"596,431",,HPSEBL,2022-2023
ocds-kjhdrl-2023_HPSEB_71830_1,tender,tender,1,2024-11-08,2023_HPSEB_71830_1,SED/SP-Limited Tender No-02/2023-24,"Estimate for SoP to Model Children Home for Girls at Mashobra in Electrical Section Mashobra under ESD, HPSEBL, Mashobra under Electrical Division No. 1",Works,Limited,Percentage,Electrical Works,,No,No,"9,37,525",01-Apr-2023 05:00 PM,9,No,Online,,,1,11-Apr-2023 02:00 PM,assessment,Price Bid Opening Date,,"927,212",,HPSEBL,2022-2023
ocds-kjhdrl-2023_HPSEB_71888_1,tender,tender,1,2024-11-08,2023_HPSEB_71888_1,22 2022 23,22 2022 23,Services,Open Tender,Turn-key,Supply and Erection,,No,No,"14,49,888",04-Apr-2023 01:30 PM,90,No,Online,,,1,13-Apr-2023 11:30 AM,assessment,Price Bid Opening Date,,"1,276,626",,HPSEBL,2022-2023
ocds-kjhdrl-2023_HPSEB_71893_1,tender,tender,1,2024-11-08,2023_HPSEB_71893_1,E1-2023-24,E1-2023-24,Works,Open Tender,Turn-key,Electrical Works,,No,No,"3,59,350",04-Apr-2023 01:40 PM,180,No,Online,,,1,12-Apr-2023 11:00 AM,assessment,Price Bid Opening Date,,"268,075",,HPSEBL,2022-2023
ocds-kjhdrl-2023_HPSEB_71895_1,tender,tender,1,2024-11-08,2023_HPSEB_71895_1,23 2022 23,23 2022 23,Services,Open Tender,Turn-key,Supply and Erection,,No,No,"23,49,671",04-Apr-2023 02:00 PM,90,No,Online,,,1,13-Apr-2023 12:00 PM,assessment,Price Bid Opening Date,,"2,062,776",,HPSEBL,2022-2023
ocds-kjhdrl-2023_HPSEB_71896_1,tender,tender,1,2024-11-08,2023_HPSEB_71896_1,E2-2023-24,E2-2023-24,Works,Open Tender,Turn-key,Electrical Works,,No,No,"69,461",04-Apr-2023 03:15 PM,180,No,Online,,,1,12-Apr-2023 11:00 AM,assessment,Price Bid Opening Date,,"52,790",,HPSEBL,2022-2023
ocds-kjhdrl-2023_HPSEB_71898_1,tender,tender,1,2024-11-08,2023_HPSEB_71898_1,24 2022 23,24 2022 23,Services,Open Tender,Turn-key,Supply and Erection,,No,No,"16,40,760",04-Apr-2023 02:30 PM,90,No,Online,,,1,13-Apr-2023 12:30 PM,assessment,Price Bid Opening Date,,"1,444,689",,HPSEBL,2022-2023
ocds-kjhdrl-2023_HPSEB_71908_1,tender,tender,1,2024-11-08,2023_HPSEB_71908_1,E3-2023-24,E3-2023-24,Works,Open Tender,Turn-key,Electrical Works,,No,No,"73,525",04-Apr-2023 03:35 PM,180,No,Online,,,1,12-Apr-2023 11:00 AM,assessment,Price Bid Opening Date,,"55,879",,HPSEBL,2022-2023
ocds-kjhdrl-2023_HPSEB_71913_1,tender,tender,1,2024-11-08,2023_HPSEB_71913_1,E4-2023-24,E4-2023-24,Works,Open Tender,Turn-key,Electrical Works,,No,No,"1,96,795",04-Apr-2023 03:55 PM,180,No,Online,,,1,12-Apr-2023 11:00 AM,assessment,Price Bid Opening Date,,"136,772",,HPSEBL,2022-2023
ocds-kjhdrl-2023_HPSEB_71924_1,tender,tender,1,2024-11-08,2023_HPSEB_71924_1,E6-2023-24,E6-2023-24,Works,Open Tender,Turn-key,Electrical Works,,No,No,"1,27,399",04-Apr-2023 04:25 PM,180,No,Online,,,1,12-Apr-2023 11:00 AM,assessment,Price Bid Opening Date,,"91,090",,HPSEBL,2022-2023
ocds-kjhdrl-2023_HPSEB_71932_1,tender,tender,1,2024-11-08,2023_HPSEB_71932_1,E9-2023-24,E9-2023-24,Works,Open Tender,Turn-key,Electrical Works,,No,No,"91,098",04-Apr-2023 05:00 PM,180,No,Online,,,1,12-Apr-2023 11:00 AM,assessment,Price Bid Opening Date,,"65,135",,HPSEBL,2022-2023
ocds-kjhdrl-2023_HPSEB_71934_1,tender,tender,1,2024-11-08,2023_HPSEB_71934_1,E10-2023-24,E10-2023-24,Works,Open Tender,Turn-key,Electrical Works,,No,No,"2,55,375",04-Apr-2023 05:15 PM,180,No,Online,,,1,12-Apr-2023 11:00 AM,assessment,Price Bid Opening Date,,"182,593",,HPSEBL,2022-2023
ocds-kjhdrl-2023_HPSEB_71936_1,tender,tender,1,2024-11-08,2023_HPSEB_71936_1,E11-2023-24,E11-2023-24,Works,Open Tender,Turn-key,Electrical Works,,No,No,"2,03,262",04-Apr-2023 05:25 PM,180,No,Online,,,1,12-Apr-2023 11:00 AM,assessment,Price Bid Opening Date,,"139,234",,HPSEBL,2022-2023
ocds-kjhdrl-2023_HPSEB_71994_1,tender,tender,1,2024-11-08,2023_HPSEB_71994_1,150-51,shifting of 3 Phase LT line passing over the house of Sh. Tilak Raj S/o Sh. Balveer Singh Vill. Nagoh Kraint,Works,Open Tender,Percentage,Electrical Works,,No,No,"64,835",06-Apr-2023 04:50 PM,120,No,Online,,,1,13-Apr-2023 02:00 PM,assessment,Price Bid Opening Date,,"53,810.11",,HPSEBL,2022-2023
ocds-kjhdrl-2023_HPSEB_71998_1,tender,tender,1,2024-11-08,2023_HPSEB_71998_1,148-49,Repl. Of bare cond with LT AB Cable 120 mm2 in Ward No. 4 Dehra from 11/0.4 KV 250 KVA S/Stn Hawa Mahal,Works,Open Tender,Percentage,Electrical Works,,No,No,"1,89,630",06-Apr-2023 04:50 PM,120,No,Online,,,1,13-Apr-2023 02:00 PM,assessment,Price Bid Opening Date,,"161,182.13",,HPSEBL,2022-2023
ocds-kjhdrl-2023_HPSEB_72027_1,tender,tender,1,2024-11-08,2023_HPSEB_72027_1,01-2023-24,01-2023-24,Works,Open Tender,Turn-key,Electrical Works,,No,No,"13,46,291",07-Apr-2023 10:00 AM,180,No,Online,,,1,18-Apr-2023 11:30 AM,assessment,Price Bid Opening Date,,"982,792",,HPSEBL,2022-2023
ocds-kjhdrl-2023_HPSEB_72028_1,tender,tender,1,2024-11-08,2023_HPSEB_72028_1,02-2023-24,02-2023-24,Works,Open Tender,Turn-key,Electrical Works,,No,No,"13,17,343",07-Apr-2023 10:00 AM,180,No,Online,,,1,18-Apr-2023 10:30 AM,assessment,Price Bid Opening Date,,"961,660",,HPSEBL,2022-2023
ocds-kjhdrl-2023_HPSEB_72088_1,tender,tender,1,2024-11-08,2023_HPSEB_72088_1,AED-01/2023-24,AED-01/2023-24,Services,Limited,Percentage,Manpower Supply,,No,No,"1,77,000",11-Apr-2023 10:00 AM,30,No,Online,,,1,17-Apr-2023 11:00 AM,assessment,Price Bid Opening Date,,"177,000",,HPSEBL,2022-2023
ocds-kjhdrl-2023_HPSEB_72090_1,tender,tender,1,2024-11-08,2023_HPSEB_72090_1,AED-02/2023-24,AED-02/2023-24,Services,Limited,Percentage,Supply and Erection,,No,No,"1,98,240",11-Apr-2023 10:00 AM,30,No,Online,,,1,17-Apr-2023 12:00 PM,assessment,Price Bid Opening Date,,"198,240",,HPSEBL,2022-2023
ocds-kjhdrl-2023_HPSEB_72150_1,tender,tender,1,2024-11-08,2023_HPSEB_72150_1,DB-Tender/No-1(Shifting APMC)/2023-24.,DB-Tender/No-1(Shifting APMC)/2023-24.,Works,Limited,Percentage,Electrical Works,,No,No,"3,28,383",11-Apr-2023 05:00 PM,180,No,Online,,,1,19-Apr-2023 11:00 AM,assessment,Price Bid Opening Date,,"321,815",,HPSEBL,2022-2023
ocds-kjhdrl-2023_HPSEB_72152_1,tender,tender,1,2024-11-08,2023_HPSEB_72152_1,DB-Tender/No-2(SOP Bore well Parala)/2023-24,DB-Tender/No-2(SOP Bore well Parala)/2023-24,Works,Limited,Percentage,Electrical Works,,No,No,"1,42,725",11-Apr-2023 05:00 PM,180,No,Online,,,1,19-Apr-2023 11:00 AM,assessment,Price Bid Opening Date,,"139,870",,HPSEBL,2022-2023
ocds-kjhdrl-2023_HPSEB_72177_1,tender,tender,1,2024-11-08,2023_HPSEB_72177_1,NIT-1-2023-24,NIT 01 2023 24,Works,Open Tender,Percentage,Electrical Works,,No,No,"23,58,458",12-Apr-2023 02:00 PM,180,No,Online,,,1,21-Apr-2023 11:00 AM,assessment,Price Bid Opening Date,,"1,898,558",,HPSEBL,2022-2023
ocds-kjhdrl-2023_HPSEB_72185_1,tender,tender,1,2024-11-08,2023_HPSEB_72185_1,NIT-2-2023-24,NIT 2 2023-24,Works,Open Tender,Percentage,Electrical Works,,No,No,"24,32,264",12-Apr-2023 01:30 PM,180,No,Online,,,1,21-Apr-2023 11:00 AM,assessment,Price Bid Opening Date,,"1,979,133",,HPSEBL,2022-2023
ocds-kjhdrl-2023_HPSEB_72190_1,tender,tender,1,2024-11-08,2023_HPSEB_72190_1,184619/2023-24-161-67 Dated 05-04-2023,Tender for re-organization of LT Line from proposed 63 KVA 22/0.4 KV s/stn Jawala Under ESD HPSEBL Seri.,Services,Open Tender,Item Wise,Supply and Erection,,No,No,"69,179",12-Apr-2023 05:00 PM,180,No,Online,,,1,08-May-2023 12:30 PM,assessment,Price Bid Opening Date,,"68,015",,HPSEBL,2023-2024
ocds-kjhdrl-2023_HPSEB_72191_1,tender,tender,1,2024-11-08,2023_HPSEB_72191_1,184619/2023-24-161-67 Dated 05-04-2023,Tender for re-organization of LT Line from proposed 63 KVA 22/0.4 KV s/stn Tundal Under ESD HPSEBL Seri.,Services,Open Tender,Item Wise,Supply and Erection,,No,No,"1,29,855",12-Apr-2023 05:00 PM,180,No,Online,,,1,18-Apr-2023 12:30 PM,assessment,Price Bid Opening Date,,"135,408.47",,HPSEBL,2022-2023
ocds-kjhdrl-2023_HPSEB_72195_1,tender,tender,1,2024-11-08,2023_HPSEB_72195_1,184619/2023-24-161-67 Dated 05-04-2023,Tender for re-organization of LT Line from proposed 63 KVA 22/0.4 KV s/stn Kyaru (Mahawan) Under ESD HPSEBL Seri.,Services,Open Tender,Item Wise,Supply and Erection,,No,No,"70,680",12-Apr-2023 05:00 PM,180,No,Online,,,1,24-Apr-2023 12:30 PM,assessment,Price Bid Opening Date,,"72,378.79",,HPSEBL,2022-2023
ocds-kjhdrl-2023_HPSEB_72197_1,tender,tender,1,2024-11-08,2023_HPSEB_72197_1,DB-Tender/No-3(LT Extension Matiana)/2023-24.,DB-Tender/No-3(LT Extension Matiana)/2023-24.,Works,Limited,Percentage,Electrical Works,,No,No,"5,06,522",12-Apr-2023 05:00 PM,180,No,Online,,,1,21-Apr-2023 11:00 AM,assessment,Price Bid Opening Date,,"496,391",,HPSEBL,2022-2023
ocds-kjhdrl-2023_HPSEB_72198_1,tender,tender,1,2024-11-08,2023_HPSEB_72198_1,184619/2023-24-161-67 Dated 05-04-2023,Tender for re-organization of LT Line from proposed 63 KVA 22/0.4 KV s/stn Routi Under ESD HPSEBL Seri.,Services,Open Tender,Item Wise,Supply and Erection,,No,No,"1,47,302",12-Apr-2023 05:00 PM,180,No,Online,,,1,24-Apr-2023 12:30 PM,assessment,Price Bid Opening Date,,"150,968.79",,HPSEBL,2022-2023
ocds-kjhdrl-2023_HPSEB_72199_1,tender,tender,1,2024-11-08,2023_HPSEB_72199_1,DB-Tender/No-4(LT Extension Shilaroo)/2023-24.,DB-Tender/No-4(LT Extension Shilaroo)/2023-24.,Works,Limited,Percentage,Electrical Works,,No,No,"5,41,222",12-Apr-2023 05:00 PM,180,No,Online,,,1,21-Apr-2023 11:00 AM,assessment,Price Bid Opening Date,,"530,397",,HPSEBL,2022-2023
ocds-kjhdrl-2023_HPSEB_72201_1,tender,tender,1,2024-11-08,2023_HPSEB_72201_1,184619/2023-24-161-67 Dated 05-04-2023,Tender for re-organization of LT Line from proposed 63 KVA 22/0.4 KV s/stn Batoni Under ESD HPSEBL Seri.,Services,Open Tender,Item Wise,Supply and Erection,,No,No,"1,82,647",12-Apr-2023 05:00 PM,180,No,Online,,,1,08-May-2023 12:30 PM,assessment,Price Bid Opening Date,,"178,562.19",,HPSEBL,2023-2024
ocds-kjhdrl-2023_HPSEB_72202_1,tender,tender,1,2024-11-08,2023_HPSEB_72202_1,DB-Tender/No-5(LT Extension Sandhu)/2023-24.,DB-Tender/No-5(LT Extension Sandhu)/2023-24.,Works,Limited,Percentage,Electrical Works,,No,No,,12-Apr-2023 05:00 PM,180,No,Online,,,1,21-Apr-2023 11:00 AM,assessment,Price Bid Opening Date,,"648,467",,HPSEBL,2022-2023
ocds-kjhdrl-2023_HPSEB_72203_1,tender,tender,1,2024-11-08,2023_HPSEB_72203_1,DB-Tender/No-6(LT Extension Dharmpur)/2023-24.,DB-Tender/No-6(LT Extension Dharmpur)/2023-24.,Works,Limited,Percentage,Electrical Works,,No,No,,12-Apr-2023 05:00 PM,180,No,Online,,,1,21-Apr-2023 11:00 AM,assessment,Price Bid Opening Date,,"509,206",,HPSEBL,2022-2023
ocds-kjhdrl-2023_HPSEB_72204_1,tender,tender,1,2024-11-08,2023_HPSEB_72204_1,184619/2023-24-161-67 Dated 05-04-2023,Tender for LT extension to left out houses from existing 63 KVA 22/0.4 KV s/stn Mandlah Under ESD HPSEBL Seri.,Services,Open Tender,Item Wise,Supply and Erection,,No,No,"1,59,555",12-Apr-2023 05:00 PM,180,No,Online,,,1,18-Apr-2023 12:30 PM,assessment,Price Bid Opening Date,,"167,337.72",,HPSEBL,2022-2023
ocds-kjhdrl-2023_HPSEB_72210_1,tender,tender,1,2024-11-08,2023_HPSEB_72210_1,E13-2023-24,E13-2023-24,Works,Open Tender,Turn-key,Electrical Works,,No,No,"6,62,798",13-Apr-2023 02:00 PM,180,No,Online,,,1,21-Apr-2023 11:00 AM,assessment,Price Bid Opening Date,,"447,388",,HPSEBL,2022-2023
ocds-kjhdrl-2023_HPSEB_72212_1,tender,tender,1,2024-11-08,2023_HPSEB_72212_1,E14-2023-24,E14-2023-24,Works,Open Tender,Turn-key,Electrical Works,,No,No,"5,52,999",13-Apr-2023 02:00 PM,180,No,Online,,,1,21-Apr-2023 11:00 AM,assessment,Price Bid Opening Date,,"373,274",,HPSEBL,2022-2023
ocds-kjhdrl-2023_HPSEB_72217_1,tender,tender,1,2024-11-08,2023_HPSEB_72217_1,E15-2023-24,E15-2023-24,Works,Open Tender,Turn-key,Electrical Works,,No,No,"6,55,659",13-Apr-2023 02:00 PM,180,No,Online,,,1,21-Apr-2023 11:00 AM,assessment,Price Bid Opening Date,,"441,914",,HPSEBL,2022-2023
ocds-kjhdrl-2023_HPSEB_72262_1,tender,tender,1,2024-11-08,2023_HPSEB_72262_1,E16-2023-24,E16-2023-24,Services,Open Tender,Percentage,Hotel/ Catering,,No,No,"1,56,551",17-Apr-2023 04:05 PM,180,No,Online,,,1,22-Apr-2023 04:30 PM,assessment,Price Bid Opening Date,,"124,849",,HPSEBL,2022-2023
ocds-kjhdrl-2023_HPSEB_72289_1,tender,tender,1,2024-11-08,2023_HPSEB_72289_1,184619/2023-24-171-78 Dated 05-04-2023,Tender for LT extension to left out houses from existing 63 KVA 22/0.4 KV s/stn Dhamjog Under ESD HPSEBL Seri.,Services,Open Tender,Item Wise,Supply and Erection,,No,No,"2,84,253",18-Apr-2023 05:00 PM,180,No,Online,,,1,24-Apr-2023 12:30 PM,assessment,Price Bid Opening Date,,"294,468.14",,HPSEBL,2022-2023
ocds-kjhdrl-2023_HPSEB_72291_1,tender,tender,1,2024-11-08,2023_HPSEB_72291_1,184619/2023-24-171-78 Dated 05-04-2023,Tender for LT extension to left out houses from existing 100 KVA 22/0.4 KV s/stn Nanj Under ESD HPSEBL Seri,Services,Open Tender,Item Wise,Supply and Erection,,No,No,"2,44,100",18-Apr-2023 05:00 PM,180,No,Online,,,1,24-Apr-2023 12:30 PM,assessment,Price Bid Opening Date,,"253,270",,HPSEBL,2022-2023
ocds-kjhdrl-2023_HPSEB_72324_1,tender,tender,1,2024-11-08,2023_HPSEB_72324_1,E17-2023-24,E17-2023-24,Services,Open Tender,Item Rate,Miscellaneous Services,,No,No,"2,72,580",20-Apr-2023 11:00 AM,180,No,Online,,,1,29-Apr-2023 11:00 AM,assessment,Price Bid Opening Date,,"227,631",,HPSEBL,2022-2023
ocds-kjhdrl-2023_HPSEB_72330_1,tender,tender,1,2024-11-08,2023_HPSEB_72330_1,E18-2023-24,E18-2023-24,Works,Open Tender,Turn-key,Electrical Works,,No,No,"1,32,541",20-Apr-2023 11:00 AM,180,No,Online,,,1,29-Apr-2023 11:00 AM,assessment,Price Bid Opening Date,,"92,513",,HPSEBL,2022-2023
ocds-kjhdrl-2023_HPSEB_72332_1,tender,tender,1,2024-11-08,2023_HPSEB_72332_1,E19-2023-24,E19-2023-24,Works,Open Tender,Turn-key,Electrical Works,,No,No,"1,70,663",20-Apr-2023 11:00 AM,180,No,Online,,,1,29-Apr-2023 11:00 AM,assessment,Price Bid Opening Date,,"117,074",,HPSEBL,2022-2023
ocds-kjhdrl-2023_HPSEB_72333_1,tender,tender,1,2024-11-08,2023_HPSEB_72333_1,E20-2023-24,E20-2023-24,Works,Open Tender,Turn-key,Electrical Works,,No,No,"5,27,516",20-Apr-2023 11:00 AM,180,No,Online,,,1,29-Apr-2023 11:00 AM,assessment,Price Bid Opening Date,,"357,339",,HPSEBL,2022-2023
ocds-kjhdrl-2023_HPSEB_72373_1,tender,tender,1,2024-11-08,2023_HPSEB_72373_1,NIT01/2023-24,"Prov SOP to M/S Summit Digital Infrastructure Pvt. Ltd. by augmentation of 25KVA, 11/0.4KV DTR Dhenidhar to 63KVA, 11/0.4KV DTR alongwith augmentation of LT line and providing Minor LT extension in (E) section Kharahal under ESD No. II, HPSEBL,Kullu",Works,Open Tender,Turn-key,Electrical Works,,No,No,"4,73,445",20-Apr-2023 05:30 PM,180,No,Online,,,1,09-May-2023 11:00 AM,assessment,Price Bid Opening Date,,"425,627",,HPSEBL,2023-2024
ocds-kjhdrl-2023_HPSEB_72406_1,tender,tender,1,2024-11-08,2023_HPSEB_72406_1,MED /M-II-1/2023-24,Tender for providing SOP to M/S Indus Tower Ltd at village Nela-II (E) seciton Saulikhad UESD HPSBEL No-II Mandi. (TS No 284/2022-23) (Tender No - MED/M-II-1/2023-24 ),Services,Open Tender,Percentage,Supply and Erection,,No,No,"1,79,314",25-Apr-2023 11:00 AM,60,No,Online,,,1,09-May-2023 11:00 AM,assessment,Price Bid Opening Date,,"163,175",,HPSEBL,2023-2024
ocds-kjhdrl-2023_HPSEB_72410_1,tender,tender,1,2024-11-08,2023_HPSEB_72410_1,MED /R-2/2023-24,"Tender for providing SOP to Chlorination lab at Senthal for PLWSS to PC Habitation Batahan from existing 25KVA 22/0.4Kv S/Stn Khilgaloo in (E) Section Kothigehri under ESD, HPSEBL, Rewalsar. (TS No 348/2022-23) (Tender No - MED/R- 2/2023-24)",Services,Open Tender,Percentage,Supply and Erection,,No,No,"63,464",25-Apr-2023 11:00 AM,60,No,Online,,,1,09-May-2023 11:00 AM,assessment,Price Bid Opening Date,,"56,483",,HPSEBL,2023-2024
ocds-kjhdrl-2023_HPSEB_72413_1,tender,tender,1,2024-11-08,2023_HPSEB_72413_1,MED/M-III-3/2023-24,"Tender for shifting of HT Line passing over the Building of Sh. Parmanand at village Runjh, Po Katindhi Tehsil Sadar Distt. Mandi in (E) section Bijni under ESD No-III, HPSEBL, Mandi. (TS No 358/2022-23) (Tender No - MED/M-III- 3/2023-24)",Services,Open Tender,Percentage,Supply and Erection,,No,No,"97,702",25-Apr-2023 11:00 AM,60,No,Online,,,1,24-May-2023 11:00 AM,assessment,Price Bid Opening Date,,"100,673",,HPSEBL,2023-2024
ocds-kjhdrl-2023_HPSEB_72436_1,tender,tender,1,2024-11-08,2023_HPSEB_72436_1,BVPCL/ED-I/01/2023-24,Safe transportation of Hydro Electrical equipment,Services,Open Tender,Percentage,Shipping/ Transportation/ Vehicle,,No,No,"1,84,341",24-Apr-2023 05:00 PM,90,No,Online,,,1,16-May-2023 11:30 AM,assessment,Price Bid Opening Date,,"147,629",,HPSEBL,2023-2024
ocds-kjhdrl-2023_HPSEB_72463_1,tender,tender,1,2024-11-08,2023_HPSEB_72463_1,OCD/DB/Bid-01/2023-24,"(i) Tender for Supply of equipment / material , design, erection, testing commissioning for SOP to Indus Tower Ltd. by Prov. 11/.4 KV 25 KVA S/Stn. at Kupahra a/w 11 KV HT/LT line in section Khajjiar under ESD Chamba-II,EDChamba",Works,Open Tender,Turn-key,Electrical Works,,No,No,"8,05,933",26-Apr-2023 01:00 PM,90,No,Online,,,1,06-May-2023 01:30 PM,assessment,Price Bid Opening Date,,"710,430",,HPSEBL,2023-2024
ocds-kjhdrl-2023_HPSEB_72464_1,tender,tender,1,2024-11-08,2023_HPSEB_72464_1,OCD/DB/Bid-02/2023-24,"Tender for Supply of equipment / material , design, erection, testing commissioning for SOP to Newly constructed building of of Govt. Degree Collage at Bharmour by Prov. 11/.4 KV 250 KVA S/Stn. at Bhanjraru Bus stand a/w 11 KV HT and LT line secti",Works,Open Tender,Turn-key,Electrical Works,,No,No,"12,26,758",26-Apr-2023 01:00 PM,90,No,Online,,,1,06-May-2023 01:30 PM,assessment,Price Bid Opening Date,,"1,069,120",,HPSEBL,2023-2024
ocds-kjhdrl-2023_HPSEB_72468_1,tender,tender,1,2024-11-08,2023_HPSEB_72468_1,OCD/DB/Bid-03/2023-24,"Tender for Supply of equipment / material , design, erection, testing commissioning for SOP to HRTC Chamba for proposed Newly constructed building of Bus Stand at Bhanjraru by Prov. 11/.4 KV 250 KVA S/Stn. at Bhanjraru Bus stand a/w 11 KV HT and LT",Works,Open Tender,Turn-key,Electrical Works,,No,No,"15,20,359",26-Apr-2023 01:00 PM,90,No,Online,,,1,06-May-2023 01:30 PM,assessment,Price Bid Opening Date,,"1,279,382",,HPSEBL,2023-2024
ocds-kjhdrl-2023_HPSEB_72480_1,tender,tender,1,2024-11-08,2023_HPSEB_72480_1,IED-47/2022-23,IED-47/2022-23,Services,Open Tender,Percentage,Supply and Erection,,No,No,,26-Apr-2023 05:00 PM,90,No,Online,,,1,08-May-2023 11:30 AM,assessment,Price Bid Opening Date,,"334,021.35",,HPSEBL,2023-2024
ocds-kjhdrl-2023_HPSEB_72536_1,tender,tender,1,2024-11-08,2023_HPSEB_72536_1,01/2023-24,ERECTION OF 25 KVA S/STN AT LIS BAGRA,Works,Limited,Percentage,Electrical Works,,No,No,"1,53,500",28-Apr-2023 04:00 PM,10,No,Online,,,1,25-May-2023 02:00 PM,assessment,Price Bid Opening Date,,"113,590",,HPSEBL,2023-2024
ocds-kjhdrl-2023_HPSEB_72540_1,tender,tender,1,2024-11-08,2023_HPSEB_72540_1,02/2023-24,LT EXT IN ES MANDAL S/NAGAR,Works,Limited,Percentage,Electrical Works,,No,No,"1,60,000",28-Apr-2023 04:00 PM,10,No,Online,,,1,12-May-2023 02:00 PM,assessment,Price Bid Opening Date,,"164,800",,HPSEBL,2023-2024
ocds-kjhdrl-2023_HPSEB_72547_1,tender,tender,1,2024-11-08,2023_HPSEB_72547_1,03/2023-24,ERECTION OF 63 KVA S/STN AND LT LINE AT PUJAIHI,Works,Limited,Percentage,Electrical Works,,No,No,"1,63,600",28-Apr-2023 05:00 PM,10,No,Online,,,1,12-May-2023 02:00 PM,assessment,Price Bid Opening Date,,"171,780",,HPSEBL,2023-2024
ocds-kjhdrl-2023_HPSEB_72548_1,tender,tender,1,2024-11-08,2023_HPSEB_72548_1,04/2023-24,ERECTION OF HT LINE AT PUJAIHI,Works,Limited,Percentage,Electrical Works,,No,No,"1,98,000",28-Apr-2023 04:00 PM,10,No,Online,,,1,12-May-2023 02:00 PM,assessment,Price Bid Opening Date,,"207,900",,HPSEBL,2023-2024
ocds-kjhdrl-2023_HPSEB_72549_1,tender,tender,1,2024-11-08,2023_HPSEB_72549_1,05/2023-24,ERECTION OF 63 KVA S/STN AND LT LINE AT BAREON,Works,Limited,Percentage,Electrical Works,,No,No,"2,00,000",28-Apr-2023 04:00 PM,10,No,Online,,,1,25-May-2023 02:00 PM,assessment,Price Bid Opening Date,,"145,100",,HPSEBL,2023-2024
ocds-kjhdrl-2023_HPSEB_72556_1,tender,tender,1,2024-11-08,2023_HPSEB_72556_1,06/2023-24,ERECTION OF HT LINE AT BAREON-II ESD KIARI,Works,Limited,Percentage,Electrical Works,,No,No,"2,00,000",28-Apr-2023 04:00 PM,10,No,Online,,,1,25-May-2023 02:00 PM,assessment,Price Bid Opening Date,,"142,000",,HPSEBL,2023-2024
ocds-kjhdrl-2023_HPSEB_72559_1,tender,tender,1,2024-11-08,2023_HPSEB_72559_1,07/2023-24,AUG OF 100 TO 250 KVA S/STN AT RAWLAKIAR ES GUMMA ESD KOTKHAI,Works,Limited,Percentage,Electrical Works,,No,No,"93,000",28-Apr-2023 04:00 PM,10,No,Online,,,1,25-May-2023 02:00 PM,assessment,Price Bid Opening Date,,"65,100",,HPSEBL,2023-2024
ocds-kjhdrl-2023_HPSEB_72561_1,tender,tender,1,2024-11-08,2023_HPSEB_72561_1,03-2023-24,03-2023-24,Works,Open Tender,Turn-key,Electrical Works,,No,No,"11,49,973",29-Apr-2023 10:00 AM,180,No,Online,,,1,09-May-2023 11:30 AM,assessment,Price Bid Opening Date,,"798,656",,HPSEBL,2023-2024
ocds-kjhdrl-2023_HPSEB_72566_1,tender,tender,1,2024-11-08,2023_HPSEB_72566_1,04-2023-24,04-2023-24,Works,Open Tender,Turn-key,Electrical Works,,No,No,"11,87,933",29-Apr-2023 10:00 AM,180,No,Online,,,1,09-May-2023 11:30 AM,assessment,Price Bid Opening Date,,"813,497",,HPSEBL,2023-2024
ocds-kjhdrl-2023_HPSEB_72567_1,tender,tender,1,2024-11-08,2023_HPSEB_72567_1,09/2023-24,SOP TO 1-PHASE LT LINE TO VETENARY KALBOG ESD BAGHI,Works,Limited,Percentage,Electrical Works,,No,No,"40,000",28-Apr-2023 04:00 PM,10,No,Online,,,1,25-May-2023 02:00 PM,assessment,Price Bid Opening Date,,"29,200",,HPSEBL,2023-2024
ocds-kjhdrl-2023_HPSEB_72568_1,tender,tender,1,2024-11-08,2023_HPSEB_72568_1,05-2023-24,05--2023-24,Works,Open Tender,Turn-key,Electrical Works,,No,No,"11,98,813",29-Apr-2023 10:00 AM,180,No,Online,,,1,09-May-2023 11:30 AM,assessment,Price Bid Opening Date,,"820,827",,HPSEBL,2023-2024
ocds-kjhdrl-2023_HPSEB_72569_1,tender,tender,1,2024-11-08,2023_HPSEB_72569_1,DB-11(Tender)/2023-24-490-97 dt. 28/04/23,Billing,Services,Open Tender,Item Rate,Miscellaneous Services,,No,No,"3,20,600",28-Apr-2023 04:00 PM,30,No,Online,,,1,04-May-2023 01:00 PM,assessment,Price Bid Opening Date,,"320,600",,HPSEBL,2023-2024
ocds-kjhdrl-2023_HPSEB_72570_1,tender,tender,1,2024-11-08,2023_HPSEB_72570_1,10/2023-24,REPLACEMENT OF 2 VACUUM BOTTLES AT CONTROLLING SUB-STATION KOTKHAI,Works,Limited,Percentage,Electrical Works,,No,No,"1,80,000",28-Apr-2023 04:00 PM,10,No,Online,,,1,18-May-2023 05:00 PM,assessment,Price Bid Opening Date,,"174,150",,HPSEBL,2023-2024
ocds-kjhdrl-2023_HPSEB_72571_1,tender,tender,1,2024-11-08,2023_HPSEB_72571_1,06-2023-24,06-2023-24,Works,Open Tender,Turn-key,Electrical Works,,No,No,"11,94,415",29-Apr-2023 10:00 AM,180,No,Online,,,1,09-May-2023 11:30 AM,assessment,Price Bid Opening Date,,"829,521",,HPSEBL,2023-2024
ocds-kjhdrl-2023_HPSEB_72572_1,tender,tender,1,2024-11-08,2023_HPSEB_72572_1,07-2023-24,07-2023-24,Works,Open Tender,Turn-key,Electrical Works,,No,No,"10,24,197",29-Apr-2023 10:00 AM,180,No,Online,,,1,09-May-2023 11:30 AM,assessment,Price Bid Opening Date,,"711,305",,HPSEBL,2023-2024
ocds-kjhdrl-2023_HPSEB_72573_1,tender,tender,1,2024-11-08,2023_HPSEB_72573_1,08-2023-24,08-2023-24,Works,Open Tender,Turn-key,Electrical Works,,No,No,"11,23,452",29-Apr-2023 10:00 AM,180,No,Online,,,1,09-May-2023 11:30 AM,assessment,Price Bid Opening Date,,"825,737",,HPSEBL,2023-2024
ocds-kjhdrl-2023_HPSEB_72617_1,tender,tender,1,2024-11-08,2023_HPSEB_72617_1,NIT_1_23-24,"Estimate for providing 22KV HT to proposed 63KVA, 22/0.4KV Sub-Station tandi (Jyog) in (E ) section Gohar under Electrical Sub Division HPSEBL Gohar.",Works,Open Tender,Percentage,Electrical Works,,No,No,"8,35,925",29-Apr-2023 04:00 PM,90,No,Online,,,1,08-May-2023 02:30 PM,assessment,Price Bid Opening Date,,"585,986",,HPSEBL,2023-2024
ocds-kjhdrl-2023_HPSEB_72618_1,tender,tender,1,2024-11-08,2023_HPSEB_72618_1,NIT_2_2023-24,Estimate for shifting of existing 11KV HT LT line of rural feeder above the under construction of ropeway between Chandigarh Manali national highway near pandoh dam reservoir Mata Baglamukhi Temple (Bakhli) distt Mandi in (E) section Saroa Pandoh,Works,Open Tender,Percentage,Electrical Works,,No,No,"4,46,465",29-Apr-2023 04:00 PM,90,No,Online,,,1,08-May-2023 02:30 PM,assessment,Price Bid Opening Date,,"357,366",,HPSEBL,2023-2024
ocds-kjhdrl-2023_HPSEB_72620_1,tender,tender,1,2024-11-08,2023_HPSEB_72620_1,NIT_3_2023-24,Estimate for LT Extension to Left out Houses from existing 250KVA 22/0.4KV Sub-Stn Lohara-1st and 63KVA Sub-Stn Lohara-3rd in (E) section Lohara under Electrical Sub Division HPSEBL Baggi.,Works,Open Tender,Percentage,Electrical Works,,No,No,"1,05,065",29-Apr-2023 04:00 PM,90,No,Online,,,1,08-May-2023 02:30 PM,assessment,Price Bid Opening Date,,"84,159",,HPSEBL,2023-2024
ocds-kjhdrl-2023_HPSEB_72659_1,tender,tender,1,2024-11-08,2023_HPSEB_72659_1,GCP-01/2023-24,Tender for supply Installation Testing commissioning of 415V AC 3 ph 4 wire Float cum boost charger Main and stand by aw DCDB for Plante battery cell each capacity of each cell 2v 225 Ah with buy back of existing battery charger for Gaj PH,Works,Open Tender,Item Rate,Electrical Works,,No,No,"9,96,628",01-May-2023 01:00 PM,120,No,Online,,,1,09-May-2023 11:00 AM,assessment,Price Bid Opening Date,,"825,233",,HPSEBL,2023-2024
ocds-kjhdrl-2023_HPSEB_72663_1,tender,tender,1,2024-11-08,2023_HPSEB_72663_1,PED-01/2023-24,PED 01/2023-24,Services,Open Tender,Turn-key,Shipping/ Transportation/ Vehicle,,No,No,"9,20,000",01-May-2023 01:00 PM,180,No,Online,,,1,09-May-2023 11:00 AM,assessment,Price Bid Opening Date,,"839,860",,HPSEBL,2023-2024
ocds-kjhdrl-2023_HPSEB_72664_1,tender,tender,1,2024-11-08,2023_HPSEB_72664_1,E21-2023-24,E21-2023-24,Works,Open Tender,Turn-key,Electrical Works,,No,No,"3,47,789",02-May-2023 11:00 AM,180,No,Online,,,1,10-May-2023 11:00 AM,assessment,Price Bid Opening Date,,"295,794",,HPSEBL,2023-2024
ocds-kjhdrl-2023_HPSEB_72670_1,tender,tender,1,2024-11-08,2023_HPSEB_72670_1,HPSEBL/TCD/1,Tender for Cleaning and Clearing of damaged path at different point including cutting/ removal of boulder on rocky portion from forebay to intake site at Thirot HEP,Services,Open Tender,Turn-key,Miscellaneous Services,,No,No,"2,68,536",01-May-2023 06:00 PM,120,No,Online,,,1,10-May-2023 12:30 PM,assessment,Price Bid Opening Date,,"257,795",,HPSEBL,2023-2024
ocds-kjhdrl-2023_HPSEB_72677_1,tender,tender,1,2024-11-08,2023_HPSEB_72677_1,E25-2023-24,E25-2023-24,Works,Open Tender,Turn-key,Electrical Works,,No,No,"5,67,439",02-May-2023 11:00 AM,180,No,Online,,,1,10-May-2023 11:00 AM,assessment,Price Bid Opening Date,,"480,337",,HPSEBL,2023-2024
ocds-kjhdrl-2023_HPSEB_72682_1,tender,tender,1,2024-11-08,2023_HPSEB_72682_1,HPSEBL/TED/NIT-05-2023-24,HPSEBL/TED/NIT-05-2023-24,Services,Open Tender,Turn-key,Supply and Erection,,No,No,"5,95,179",01-May-2023 04:30 PM,60,No,Online,,,1,09-May-2023 11:30 AM,assessment,Price Bid Opening Date,,"446,383.92",,HPSEBL,2023-2024
ocds-kjhdrl-2023_HPSEB_72686_1,tender,tender,1,2024-11-08,2023_HPSEB_72686_1,01/2023-24,01/2023-24,Services,Open Tender,Percentage,Supply and Erection,,No,No,"1,84,807",02-May-2023 10:30 AM,60,No,Online,,,1,09-May-2023 02:00 PM,assessment,Price Bid Opening Date,,"145,961",,HPSEBL,2023-2024
ocds-kjhdrl-2023_HPSEB_72696_1,tender,tender,1,2024-11-08,2023_HPSEB_72696_1,HPSEBL/TED/NIT-06-2023-24,HPSEBL/TED/NIT-06-2023-24,Services,Open Tender,Turn-key,Supply and Erection,,No,No,"1,86,835",01-May-2023 05:00 PM,60,No,Online,,,1,09-May-2023 11:30 AM,assessment,Price Bid Opening Date,,"140,126.68",,HPSEBL,2023-2024
ocds-kjhdrl-2023_HPSEB_72697_1,tender,tender,1,2024-11-08,2023_HPSEB_72697_1,FED-01/2023-24,FED-01/2023-24,Services,Open Tender,Turn-key,Supply and Erection,,No,No,,03-May-2023 05:00 PM,60,No,Online,,,1,15-May-2023 11:30 AM,assessment,Price Bid Opening Date,,"762,468",,HPSEBL,2023-2024
ocds-kjhdrl-2023_HPSEB_72698_1,tender,tender,1,2024-11-08,2023_HPSEB_72698_1,02/2023-24,02/2023-24,Services,Open Tender,Percentage,Supply and Erection,,No,No,"1,99,546",02-May-2023 10:30 AM,60,No,Online,,,1,09-May-2023 02:00 PM,assessment,Price Bid Opening Date,,"165,623",,HPSEBL,2023-2024
ocds-kjhdrl-2023_HPSEB_72701_1,tender,tender,1,2024-11-08,2023_HPSEB_72701_1,HPSEBL/GPHD/DB-9/2023-24-8,"Maintaining of internal water supply line of Jeori Colony , Det Jeori Colony , and providing drinking water supply to Jeori colony, watch and ward of Jeori/Ganvi rest house for the period w.e.f. w.e.f. 08.05.2023 to 07.10.2023 (153days).",Services,Open Tender,Lump-sum,Repair and Maintenance Services,,No,No,,01-May-2023 06:00 PM,180,No,Online,,,1,10-May-2023 03:00 PM,assessment,Price Bid Opening Date,,"288,539",,HPSEBL,2023-2024
ocds-kjhdrl-2023_HPSEB_72702_1,tender,tender,1,2024-11-08,2023_HPSEB_72702_1,03/2023-24,03/2023-24,Services,Open Tender,Percentage,Supply and Erection,,No,No,"1,78,707",02-May-2023 10:30 AM,60,No,Online,,,1,12-May-2023 02:00 PM,assessment,Price Bid Opening Date,,"147,964",,HPSEBL,2023-2024
ocds-kjhdrl-2023_HPSEB_72707_1,tender,tender,1,2024-11-08,2023_HPSEB_72707_1,FED-02/2023-24,FED-02/2023/24,Services,Open Tender,Turn-key,Supply and Erection,,No,No,,03-May-2023 05:00 PM,60,No,Online,,,1,15-May-2023 11:30 AM,assessment,Price Bid Opening Date,,"233,598",,HPSEBL,2023-2024
ocds-kjhdrl-2023_HPSEB_72710_1,tender,tender,1,2024-11-08,2023_HPSEB_72710_1,09-2023-24,09-2023-24,Works,Open Tender,Turn-key,Electrical Works,,No,No,"23,33,725",02-May-2023 10:00 AM,180,No,Online,,,1,19-May-2023 11:30 AM,assessment,Price Bid Opening Date,,"2,187,867",,HPSEBL,2023-2024
ocds-kjhdrl-2023_HPSEB_72712_1,tender,tender,1,2024-11-08,2023_HPSEB_72712_1,REB/S-10 (E)-01/2023-24,"Supply of Lubricating/Hydraulic oil for Bassi Power House, HPSEBL Jogindernagar",Goods,Single,Item Rate,Supply of Materials,,No,No,,02-May-2023 11:00 AM,180,No,Online,,,1,10-May-2023 11:00 AM,assessment,Price Bid Opening Date,,"1,091,311",,HPSEBL,2023-2024
ocds-kjhdrl-2023_HPSEB_72717_1,tender,tender,1,2024-11-08,2023_HPSEB_72717_1,HPSEBL/AED/NIT-02/23-24 -517-24 Dated 29-04-24,Supply and Erection of DTR and Lines,Works,Open Tender,Percentage,Electrical Works,,No,No,"9,48,530",03-May-2023 01:00 PM,45,No,Online,,,1,10-May-2023 11:00 AM,assessment,Price Bid Opening Date,,"616,805",,HPSEBL,2023-2024
ocds-kjhdrl-2023_HPSEB_72719_1,tender,tender,1,2024-11-08,2023_HPSEB_72719_1,JED-01/2023-24,Hiring of 1 No. Diesel Driven Vehicle Bolearo,Services,Open Tender,Item Rate,Shipping/ Transportation/ Vehicle,,No,No,"2,42,550",02-May-2023 05:00 PM,90,No,Online,,,1,12-May-2023 11:30 AM,assessment,Price Bid Opening Date,,"230,347",,HPSEBL,2023-2024
ocds-kjhdrl-2023_HPSEB_72725_2,tender,tender,1,2024-11-08,2023_HPSEB_72725_2,DED-01/2023-24,DED-01/2023-24,Works,Open Tender,Percentage,Electrical Works,,No,No,"59,018",02-May-2023 04:50 PM,90,No,Online,,,1,09-May-2023 03:00 PM,assessment,Price Bid Opening Date,,"59,744",,HPSEBL,2023-2024
ocds-kjhdrl-2023_HPSEB_72736_1,tender,tender,1,2024-11-08,2023_HPSEB_72736_1,SEGN/DB-BID-1/2023-24,O and M of Power House,Works,Limited,Item Rate,Repair and Maintenance Works,,No,No,,04-May-2023 11:00 AM,180,No,Online,,,1,12-May-2023 11:00 AM,assessment,Price Bid Opening Date,,"636,362",,HPSEBL,2023-2024
ocds-kjhdrl-2023_HPSEB_72739_1,tender,tender,1,2024-11-08,2023_HPSEB_72739_1,EDS-01/2023-24,Electrical Work,Works,Limited,Percentage,Electrical Works,,No,No,,02-May-2023 04:20 PM,30,No,Online,,,1,09-May-2023 03:00 PM,assessment,Price Bid Opening Date,,"217,759",,HPSEBL,2023-2024
ocds-kjhdrl-2023_HPSEB_72749_1,tender,tender,1,2024-11-08,2023_HPSEB_72749_1,DED-02/2023-24,DED-02/2023-24,Works,Open Tender,Percentage,Electrical Works,,No,No,"1,47,020",02-May-2023 04:30 PM,90,No,Online,,,1,09-May-2023 03:00 PM,assessment,Price Bid Opening Date,,"146,958",,HPSEBL,2023-2024
ocds-kjhdrl-2023_HPSEB_72752_1,tender,tender,1,2024-11-08,2023_HPSEB_72752_1,OCU-01/2023-24,OCU-01/2023-24,Works,Open Tender,Percentage,Electrical Works,,No,No,"16,69,765",02-May-2023 05:00 PM,90,No,Online,,,1,09-May-2023 11:30 AM,assessment,Price Bid Opening Date,,"1,727,061",,HPSEBL,2023-2024
ocds-kjhdrl-2023_HPSEB_72753_2,tender,tender,1,2024-11-08,2023_HPSEB_72753_2,DED-03/2023-24,DED-03/2023-24,Works,Open Tender,Percentage,Electrical Works,,No,No,"1,99,888",02-May-2023 05:15 PM,90,No,Online,,,1,10-May-2023 03:00 PM,assessment,Price Bid Opening Date,,"199,598",,HPSEBL,2023-2024
ocds-kjhdrl-2023_HPSEB_72754_1,tender,tender,1,2024-11-08,2023_HPSEB_72754_1,DED-04/2023-24,DED-04/2023-24,Works,Open Tender,Percentage,Electrical Works,,No,No,"72,708",02-May-2023 05:05 PM,90,No,Online,,,1,11-May-2023 03:00 PM,assessment,Price Bid Opening Date,,"72,526",,HPSEBL,2023-2024
ocds-kjhdrl-2023_HPSEB_72756_1,tender,tender,1,2024-11-08,2023_HPSEB_72756_1,DED-05/2023-24,DED-05/2023-24,Works,Open Tender,Percentage,Electrical Works,,No,No,"83,293",02-May-2023 05:35 PM,90,No,Online,,,1,10-May-2023 03:00 PM,assessment,Price Bid Opening Date,,"83,258",,HPSEBL,2023-2024
ocds-kjhdrl-2023_HPSEB_72757_1,tender,tender,1,2024-11-08,2023_HPSEB_72757_1,DED-06/2023-24,DED-06/2023-24,Works,Open Tender,Percentage,Electrical Works,,No,No,"66,607",02-May-2023 05:50 PM,90,No,Online,,,1,10-May-2023 03:00 PM,assessment,Price Bid Opening Date,,"66,508",,HPSEBL,2023-2024
ocds-kjhdrl-2023_HPSEB_72758_1,tender,tender,1,2024-11-08,2023_HPSEB_72758_1,HPSEBL/ RE/APHD/SP-2/2023-24-01,Supply of Turbine Oil Servo Prime 46,Goods,Open Tender,Item Rate,Supply of Materials,,No,No,"2,35,620",03-May-2023 01:00 PM,30,No,Online,,,1,10-May-2023 12:00 PM,assessment,Price Bid Opening Date,,"289,926",,HPSEBL,2023-2024
ocds-kjhdrl-2023_HPSEB_72759_1,tender,tender,1,2024-11-08,2023_HPSEB_72759_1,HPSEBL/ RE/APHD/SP-2/2023-24-02,Supply of Turbine Oil Servo 68,Goods,Open Tender,Item Rate,Supply of Materials,,No,No,"2,36,880",03-May-2023 12:00 PM,30,No,Online,,,1,10-May-2023 12:00 PM,assessment,Price Bid Opening Date,,"304,794",,HPSEBL,2023-2024
ocds-kjhdrl-2023_HPSEB_72761_1,tender,tender,1,2024-11-08,2023_HPSEB_72761_1,SEGN/DB-BID-2/2023-24,O and M of Power House,Works,Limited,Item Rate,Repair and Maintenance Works,,No,No,,04-May-2023 11:00 AM,180,No,Online,,,1,12-May-2023 11:00 AM,assessment,Price Bid Opening Date,,"988,005",,HPSEBL,2023-2024
ocds-kjhdrl-2023_HPSEB_72764_1,tender,tender,1,2024-11-08,2023_HPSEB_72764_1,KED01/2023-24,KED01/2023-24,Services,Open Tender,Turn-key,Supply and Erection,,No,No,"7,71,487",03-May-2023 01:10 PM,75,No,Online,,,1,11-May-2023 12:30 PM,assessment,Price Bid Opening Date,,"657,384",,HPSEBL,2023-2024
ocds-kjhdrl-2023_HPSEB_72766_1,tender,tender,1,2024-11-08,2023_HPSEB_72766_1,SEGN/DB-BID-3/2023-24,O and M of Power House,Works,Limited,Item Rate,Repair and Maintenance Works,,No,No,,04-May-2023 11:00 AM,180,No,Online,,,1,12-May-2023 11:00 AM,assessment,Price Bid Opening Date,,"985,070",,HPSEBL,2023-2024
ocds-kjhdrl-2023_HPSEB_72768_1,tender,tender,1,2024-11-08,2023_HPSEB_72768_1,SEGN/DB-BID-4/2023-24,O and M of Barrage Gate,Works,Limited,Item Rate,Repair and Maintenance Works,,No,No,,04-May-2023 11:00 AM,180,No,Online,,,1,12-May-2023 11:00 AM,assessment,Price Bid Opening Date,,"809,563",,HPSEBL,2023-2024
ocds-kjhdrl-2023_HPSEB_72769_1,tender,tender,1,2024-11-08,2023_HPSEB_72769_1,SEGN/DB-BID-5/2023-24,O and M of Power House,Works,Limited,Item Rate,Repair and Maintenance Works,,No,No,,04-May-2023 11:00 AM,180,No,Online,,,1,12-May-2023 11:00 AM,assessment,Price Bid Opening Date,,"771,362",,HPSEBL,2023-2024
ocds-kjhdrl-2023_HPSEB_72779_1,tender,tender,1,2024-11-08,2023_HPSEB_72779_1,10-2023-24,10-2023-24,Works,Open Tender,Turn-key,Electrical Works,,No,No,"26,41,352",04-May-2023 10:05 AM,180,No,Online,,,1,17-May-2023 11:30 AM,assessment,Price Bid Opening Date,,"1,652,430",,HPSEBL,2023-2024
ocds-kjhdrl-2023_HPSEB_72781_1,tender,tender,1,2024-11-08,2023_HPSEB_72781_1,HPSEBL/RELPHD/DB-10/23-24-001,HPSEBL/RELPHD/DB-10/23-24-001,Works,Limited,Percentage,Repair and Maintenance Works,,No,No,"4,97,724",03-May-2023 03:00 PM,45,No,Online,,,1,15-May-2023 03:30 PM,assessment,Price Bid Opening Date,,"485,629",,HPSEBL,2023-2024
ocds-kjhdrl-2023_HPSEB_72784_1,tender,tender,1,2024-11-08,2023_HPSEB_72784_1,IED01/2023-24,IED-01/2023-24,Works,Open Tender,Turn-key,Electrical Works,,No,No,,03-May-2023 05:00 PM,90,No,Online,,,1,16-May-2023 11:30 AM,assessment,Price Bid Opening Date,,"499,348",,HPSEBL,2023-2024
ocds-kjhdrl-2023_HPSEB_72792_1,tender,tender,1,2024-11-08,2023_HPSEB_72792_1,HPSEBL/ED BSR/E(CSE)/2023-24/01,"Construction of 63KVA, 11/0.4KV Sub-Station a/w 11 KV HT and 3 Phase LT line to provide SOP to Village Maktehri on Partial turnkey basis under ESD HPSEBL Barsar (ED Barsar) (CSE)",Works,Open Tender,Turn-key,Electrical Works,,No,No,"5,36,665",15-May-2023 05:30 PM,180,No,Online,,,1,24-May-2023 03:00 PM,assessment,Price Bid Opening Date,,"435,504",,HPSEBL,2023-2024
ocds-kjhdrl-2023_HPSEB_72793_1,tender,tender,1,2024-11-08,2023_HPSEB_72793_1,OCD/DB/Bid-04/2023-24,"Tender for Supply of equipment / material , design, erection, testing commissioning for SOP to PHC Kakira by Prov. 11/.4 KV 100 KVA S/Stn. at kakira a/w 11 KV HT and LT line in section Kakira ESD Bakloh ED Dalhousie.",Works,Open Tender,Turn-key,Electrical Works,,No,No,"7,78,247",04-May-2023 03:00 PM,90,No,Online,,,1,16-May-2023 01:00 PM,assessment,Price Bid Opening Date,,"649,058",,HPSEBL,2023-2024
ocds-kjhdrl-2023_HPSEB_72803_1,tender,tender,1,2024-11-08,2023_HPSEB_72803_1,OCD/DB/Bid-06/2023-24,"Tender for Supply of equipment material , design, erection, testing commissioning for SOP to CHC Bathari by Prov. 11/.4 KV 250 KVA S/Stn. at Bhanjraru Bus stand a/w 11 KV HT and LT line section Bathari under ESD Dalhousie ED Dalhousie",Works,Open Tender,Turn-key,Electrical Works,,No,No,"9,55,200",04-May-2023 03:00 PM,90,No,Online,,,1,16-May-2023 01:00 PM,assessment,Price Bid Opening Date,,"810,965",,HPSEBL,2023-2024
ocds-kjhdrl-2023_HPSEB_72805_1,tender,tender,1,2024-11-08,2023_HPSEB_72805_1,OCD/DB/Bid-07/2023-24,"Tender for Supply of equipment material , design, erection, testing commissioning for SOP to Deptt. of Home Gaurd by Prov. 11/.4 KV 100 KVA S/Stn. at Balloo in section Sultanpur ESD Chamba-I ED Chamba",Works,Open Tender,Turn-key,Electrical Works,,No,No,"6,55,062",04-May-2023 03:00 PM,90,No,Online,,,1,20-May-2023 01:00 PM,assessment,Price Bid Opening Date,,"605,932",,HPSEBL,2023-2024
ocds-kjhdrl-2023_HPSEB_72807_1,tender,tender,1,2024-11-08,2023_HPSEB_72807_1,OCD/DB/Bid-05/2023-24,"Tender for Supply of equipment material , design, erection, testing commissioning for SOP to PHC Salooni by Prov. 11/.4 KV 63 KVA S/Stn. at Salooni a/w 11 KV HT and LT line in section Sundla ESD Salooni ED Dalhousie",Works,Open Tender,Turn-key,Electrical Works,,No,No,"9,49,624",04-May-2023 03:00 PM,90,No,Online,,,1,20-May-2023 01:00 PM,assessment,Price Bid Opening Date,,"892,552",,HPSEBL,2023-2024
ocds-kjhdrl-2023_HPSEB_72810_1,tender,tender,1,2024-11-08,2023_HPSEB_72810_1,SED/SP-Limited Tender No-04/2023-24,"shifting of single phase LT line passing over the house of Mr. Arun Sharma and Kanshi Ram vill. Shirguli P.O Junga, SOP to Sh. Chet Ram S/o Sh. Shounk Ram vill. Bhad P.O Anandpur teh. And distt Shimla in ES Junga2nd, shifting of 3Phase LT line crossi",Works,Limited,Percentage,Electrical Works,,No,No,"1,64,035",04-May-2023 11:00 AM,11,No,Online,,,1,16-May-2023 12:00 PM,assessment,Price Bid Opening Date,,"163,215",,HPSEBL,2023-2024
ocds-kjhdrl-2023_HPSEB_72811_1,tender,tender,1,2024-11-08,2023_HPSEB_72811_1,MED /M-II-5/2023-24,"Tender for providing SOP to PHC Nanwan in (E) Section Randhara under ESD, HPSEBL, No-II Mandi. (TS No 66(A)/2021-22)",Services,Open Tender,Percentage,Supply and Erection,,No,No,"4,45,347",06-May-2023 11:00 AM,60,No,Online,,,1,16-May-2023 11:00 AM,assessment,Price Bid Opening Date,,"378,053",,HPSEBL,2023-2024
ocds-kjhdrl-2023_HPSEB_72812_1,tender,tender,1,2024-11-08,2023_HPSEB_72812_1,MED /R-6/2023-24,"Tender for Providing New 63KVA Sub stn,11KV HT Line and LT Line at Galelu in Electrical section Leda under ESD Rewalsar.",Services,Open Tender,Percentage,Supply and Erection,,No,No,"4,28,199",06-May-2023 11:00 AM,60,No,Online,,,1,16-May-2023 11:00 AM,assessment,Price Bid Opening Date,,"351,120",,HPSEBL,2023-2024
ocds-kjhdrl-2023_HPSEB_72819_1,tender,tender,1,2024-11-08,2023_HPSEB_72819_1,SED/SP-Limited Tender No-05/2023-24,"Estimate for Re-organization of LT line from 250kVA,11/0.4kV Substation at Halti ki Hatti-2nd at Kalon in ES Jubber Hatti under ESD, HPSEBL Jutogh under Electrical Division No. 1",Works,Limited,Percentage,Electrical Works,,No,No,"1,55,516",04-May-2023 11:00 AM,11,No,Online,,,1,16-May-2023 01:30 PM,assessment,Price Bid Opening Date,,"153,961",,HPSEBL,2023-2024
ocds-kjhdrl-2023_HPSEB_72821_1,tender,tender,1,2024-11-08,2023_HPSEB_72821_1,MED /M-II-7/2023-24,"Tender for Re-conductoring of existing 3-Phase LT Line alongwith additional LT feeder on AB Cable of 630KVA,11/0.4KV S/Stn Industrial Area phase-I under in (E) section Saulikhad under ESD HPSEBL No-II Mandi",Services,Open Tender,Percentage,Supply and Erection,,No,No,"2,09,795",06-May-2023 11:00 AM,90,No,Online,,,1,30-May-2023 11:00 AM,assessment,Price Bid Opening Date,,"158,936",,HPSEBL,2023-2024
ocds-kjhdrl-2023_HPSEB_72826_1,tender,tender,1,2024-11-08,2023_HPSEB_72826_1,MED /K-8/2023-24,"Tender for providing Re-org of LT Line , new 3-phase LT Line under proposed 63KVA,22/0.4Kv Sub- Station Halgarh in (E) section Kataula-II under ESD, HPSEBL,Kataula",Services,Open Tender,Percentage,Supply and Erection,,No,No,"3,06,283",06-May-2023 11:00 AM,90,No,Online,,,1,24-May-2023 11:00 AM,assessment,Price Bid Opening Date,,"241,319",,HPSEBL,2023-2024
ocds-kjhdrl-2023_HPSEB_72827_1,tender,tender,1,2024-11-08,2023_HPSEB_72827_1,DB-Tender/No-7(SOP To LWSS Runjadhar 1st)/2023-24.,DB-Tender/No-7(SOP To LWSS Runjadhar 1st)/2023-24.,Works,Limited,Percentage,Electrical Works,,No,No,,04-May-2023 01:00 PM,180,No,Online,,,1,12-May-2023 11:00 AM,assessment,Price Bid Opening Date,,"637,718",,HPSEBL,2023-2024
ocds-kjhdrl-2023_HPSEB_72830_1,tender,tender,1,2024-11-08,2023_HPSEB_72830_1,DB-Tender/No-8(63kVA S/Stn Sariun)/2023-24.,DB-Tender/No-8(63kVA S/Stn Sariun)/2023-24.,Works,Limited,Percentage,Electrical Works,,No,No,,04-May-2023 01:00 PM,180,No,Online,,,1,12-May-2023 11:00 AM,assessment,Price Bid Opening Date,,"441,563",,HPSEBL,2023-2024
ocds-kjhdrl-2023_HPSEB_72831_1,tender,tender,1,2024-11-08,2023_HPSEB_72831_1,SED/SP-Limited Tender No-06/2023-24,"Estimate for Augmentation of 1Phase to 3Phase LT line from 63kVA/100kVA, 22/0.4kV Substation Kanda/Mashobra-1st in ES Mashobra under ESD, HPSEBL, Mashobra under Electrical Division No. 1",Works,Limited,Percentage,Electrical Works,,No,No,"1,85,415",04-May-2023 04:00 PM,11,No,Online,,,1,17-May-2023 11:00 AM,assessment,Price Bid Opening Date,,"182,633",,HPSEBL,2023-2024
ocds-kjhdrl-2023_HPSEB_72833_1,tender,tender,1,2024-11-08,2023_HPSEB_72833_1,DB-Tender/No-9(SOP To LWSS APMC Colony Parala)/202,DB-Tender/No-9(SOP To LWSS APMC Colony Parala)/2023-24.,Works,Limited,Percentage,Electrical Works,,No,No,,04-May-2023 01:00 PM,180,No,Online,,,1,12-May-2023 11:00 AM,assessment,Price Bid Opening Date,,"601,123",,HPSEBL,2023-2024
ocds-kjhdrl-2023_HPSEB_72834_1,tender,tender,1,2024-11-08,2023_HPSEB_72834_1,DB-Tender/No-10(HT Line Aut)/2023-24.,DB-Tender/No-10(HT Line Aut)/2023-24.,Works,Limited,Percentage,Electrical Works,,No,No,,04-May-2023 01:00 PM,180,No,Online,,,1,12-May-2023 11:00 AM,assessment,Price Bid Opening Date,,"589,764",,HPSEBL,2023-2024
ocds-kjhdrl-2023_HPSEB_72836_1,tender,tender,1,2024-11-08,2023_HPSEB_72836_1,SED/SP-Limited Tender No-07/2023-24,"Estimate for providing additional structure to raise height of lengthy span of LT line in ES Durgapur,for Augmentation of 1Phase to 3Phase LT line from 63kVA/100kVA,22/0.4kV Substation Bhatla-II and Bhatla-I in ES Craigneno under ESD, HPSEBL Mashobr",Works,Limited,Percentage,Electrical Works,,No,No,"1,99,756",04-May-2023 04:00 PM,12,No,Online,,,1,17-May-2023 01:00 PM,assessment,Price Bid Opening Date,,"197,759",,HPSEBL,2023-2024
ocds-kjhdrl-2023_HPSEB_72837_2,tender,tender,1,2024-11-08,2023_HPSEB_72837_2,HPSEBL/AMD/DB-8/2023-24-002,"Fixing, Painting and writing of Danger Sign/Warning Boards",Works,Open Tender,Percentage,Miscellaneous Works,,No,No,"2,33,278",10-May-2023 04:00 PM,180,No,Online,,,1,24-May-2023 03:00 PM,assessment,Price Bid Opening Date,,"174,889",,HPSEBL,2023-2024
ocds-kjhdrl-2023_HPSEB_72842_1,tender,tender,1,2024-11-08,2023_HPSEB_72842_1,SED/SP-Limited Tender No-08/2023-24,"Estimate for Augmentation of 1Phase to 3Phase LT line from 100kVA,22/0.4kV Substation Jungle Mashobra ES mashobra under ESD,HPSEBL,Mashobra and for Re-organization of LT line from proposed 250KVA,11/0.4kV Substation BCS (near Mahunag) ES New Shimla",Works,Limited,Percentage,Electrical Works,,No,No,"1,57,563",04-May-2023 04:00 PM,12,No,Online,,,1,17-May-2023 03:00 PM,assessment,Price Bid Opening Date,,"155,988",,HPSEBL,2023-2024
ocds-kjhdrl-2023_HPSEB_72843_1,tender,tender,1,2024-11-08,2023_HPSEB_72843_1,RE-GPHD/DB-18/2023-24-01,O and M of Giri HEP,Works,Limited,Item Rate,Repair and Maintenance Works,,No,No,,06-May-2023 11:00 AM,180,No,Online,,,1,15-May-2023 03:00 PM,assessment,Price Bid Opening Date,,"386,279",,HPSEBL,2023-2024
ocds-kjhdrl-2023_HPSEB_72847_1,tender,tender,1,2024-11-08,2023_HPSEB_72847_1,RE-GPHD/DB-18/2023-24-03,O and M of Giri HEP,Works,Limited,Item Rate,Repair and Maintenance Works,,No,No,,06-May-2023 11:00 AM,180,No,Online,,,1,15-May-2023 03:00 PM,assessment,Price Bid Opening Date,,"492,535",,HPSEBL,2023-2024
ocds-kjhdrl-2023_HPSEB_72849_1,tender,tender,1,2024-11-08,2023_HPSEB_72849_1,EDS-04/2023-24,Electrical Work,Works,Limited,Percentage,Electrical Works,,No,No,,04-May-2023 05:00 PM,30,No,Online,,,1,10-May-2023 03:00 PM,assessment,Price Bid Opening Date,,"113,038",,HPSEBL,2023-2024
ocds-kjhdrl-2023_HPSEB_72850_1,tender,tender,1,2024-11-08,2023_HPSEB_72850_1,RE-GPHD/DB-18/2023-24-04,O and M of Giri HEP,Works,Limited,Item Rate,Repair and Maintenance Works,,No,No,,06-May-2023 11:00 AM,180,No,Online,,,1,16-May-2023 03:00 PM,assessment,Price Bid Opening Date,,"498,361",,HPSEBL,2023-2024
ocds-kjhdrl-2023_HPSEB_72853_1,tender,tender,1,2024-11-08,2023_HPSEB_72853_1,RE-GPHD/DB-18/2023-24-05,O and M of Giri HEP,Works,Limited,Item Rate,Repair and Maintenance Works,,No,No,,06-May-2023 11:00 AM,180,No,Online,,,1,16-May-2023 03:00 PM,assessment,Price Bid Opening Date,,"494,149",,HPSEBL,2023-2024
ocds-kjhdrl-2023_HPSEB_72854_1,tender,tender,1,2024-11-08,2023_HPSEB_72854_1,EDS-05/2023-24,Electrical Work,Works,Limited,Percentage,Electrical Works,,No,No,,04-May-2023 05:00 PM,30,No,Online,,,1,10-May-2023 03:00 PM,assessment,Price Bid Opening Date,,"113,918",,HPSEBL,2023-2024
ocds-kjhdrl-2023_HPSEB_72857_1,tender,tender,1,2024-11-08,2023_HPSEB_72857_1,RE-GPHD/DB-18/2023-24-06,O and M of Giri HEP,Works,Limited,Item Rate,Repair and Maintenance Works,,No,No,,06-May-2023 11:00 AM,180,No,Online,,,1,16-May-2023 03:00 PM,assessment,Price Bid Opening Date,,"488,449",,HPSEBL,2023-2024
ocds-kjhdrl-2023_HPSEB_72858_1,tender,tender,1,2024-11-08,2023_HPSEB_72858_1,EDS-06/2023-24,Electrical Work,Works,Limited,Percentage,Electrical Works,,No,No,,04-May-2023 05:00 PM,30,No,Online,,,1,10-May-2023 03:00 PM,assessment,Price Bid Opening Date,,"148,687",,HPSEBL,2023-2024
ocds-kjhdrl-2023_HPSEB_72861_1,tender,tender,1,2024-11-08,2023_HPSEB_72861_1,RE-GPHD/DB-18/2023-24-07,O and M of Giri HEP,Works,Limited,Item Rate,Repair and Maintenance Works,,No,No,,06-May-2023 11:00 AM,180,No,Online,,,1,16-May-2023 03:00 PM,assessment,Price Bid Opening Date,,"326,506",,HPSEBL,2023-2024
ocds-kjhdrl-2023_HPSEB_72862_1,tender,tender,1,2024-11-08,2023_HPSEB_72862_1,HPSEBL/SEGB/DB-7/2023-24-1,"Repair of 21 Bucket Pelton Runner E including building up of eroded buckets to its normal profile through weld deposition, grinding, stress relieving and static balancing for the 2x11.25MW Ganvi HEP in District Shimla of Himachal Pradesh",Services,Open Tender,Lump-sum,Repair and Maintenance Services,,No,No,,04-May-2023 06:00 PM,180,No,Online,,,1,25-May-2023 03:00 PM,assessment,Price Bid Opening Date,,"721,157",,HPSEBL,2023-2024
ocds-kjhdrl-2023_HPSEB_72868_1,tender,tender,1,2024-11-08,2023_HPSEB_72868_1,HPSEBL/GPHD/DB-9/2023-24-12,Hiring of 01 No. A/F Mahindra Bolero Neo or equivalent diesel vehicle,Services,Open Tender,Percentage,Shipping/ Transportation/ Vehicle,,No,No,"2,78,760",05-May-2023 11:00 AM,180,No,Online,,,1,24-May-2023 12:00 PM,assessment,Price Bid Opening Date,,"239,736",,HPSEBL,2023-2024
ocds-kjhdrl-2023_HPSEB_72871_1,tender,tender,1,2024-11-08,2023_HPSEB_72871_1,RE-GPHD/DB-18/2023-24-02,O and M of Giri HEP,Works,Limited,Item Rate,Repair and Maintenance Works,,No,No,,06-May-2023 11:00 AM,180,No,Online,,,1,15-May-2023 03:00 PM,assessment,Price Bid Opening Date,,"461,970",,HPSEBL,2023-2024
ocds-kjhdrl-2023_HPSEB_72885_1,tender,tender,1,2024-11-08,2023_HPSEB_72885_1,E26-2023-24,E26-2023-24,Works,Open Tender,Turn-key,Electrical Works,,No,No,"2,50,445",06-May-2023 12:00 PM,180,No,Online,,,1,16-May-2023 11:00 AM,assessment,Price Bid Opening Date,,"170,302",,HPSEBL,2023-2024
ocds-kjhdrl-2023_HPSEB_72891_1,tender,tender,1,2024-11-08,2023_HPSEB_72891_1,Tender No 01/2023-24,"Est for Insallation of new 250kva 11.4 kv Transformer at Chungi Khana-II and est for providing new 3 phase 4 wire LT circuit from existing 400 kVA,11 0.4 kV Lower Kaithu Sstn. Towards Kashot Village in ES Mythe under ESD, Idgah, Shimla",Works,Limited,Percentage,Electrical Works,,No,No,,06-May-2023 04:00 PM,180,No,Online,,,1,17-May-2023 11:00 AM,assessment,Price Bid Opening Date,,"494,676.31",,HPSEBL,2023-2024
ocds-kjhdrl-2023_HPSEB_72896_1,tender,tender,1,2024-11-08,2023_HPSEB_72896_1,OCRB/DB-Tender/2023-24-01,"Supply of power to LIS Lidang in (E) section Schling under Electrical Sub-Division, HPSEBL Tabo under Electrical Division Kaza.",Works,Open Tender,Percentage,Electrical Works,,No,No,"10,25,689",06-May-2023 03:20 PM,180,No,Both(Online/Offline),,,1,18-May-2023 03:30 PM,assessment,Price Bid Opening Date,,"973,841",,HPSEBL,2023-2024
ocds-kjhdrl-2023_HPSEB_72909_1,tender,tender,1,2024-11-08,2023_HPSEB_72909_1,OCRB/DB-Tender/2023-24-01,"Estimate for SOP to Village tabo by providing 22/0.04kV, 250 KVA DTR, HT Line , 3Phase LT Line, under E section Tabo, UESD Tabo under ED KAZA, HPSEBL",Works,Open Tender,Percentage,Electrical Works,,No,No,"4,47,193",06-May-2023 03:30 PM,180,No,Online,,,1,17-May-2023 03:30 PM,assessment,Price Bid Opening Date,,"424,335",,HPSEBL,2023-2024
ocds-kjhdrl-2023_HPSEB_72913_1,tender,tender,1,2024-11-08,2023_HPSEB_72913_1,OCRB/DB-Tender/2023-24-03,"Estimate for providing SOP to Nature Interpretation and service center at Jalori Jot by providing 22/0.4 KV,63 KVA sub-station, 22 KV HT line and LT line in (E) section Anni 1st under ESD Anni.",Works,Open Tender,Percentage,Electrical Works,,No,No,"29,26,262",06-May-2023 04:00 PM,180,No,Online,,,1,17-May-2023 03:30 PM,assessment,Price Bid Opening Date,,"2,482,299",,HPSEBL,2023-2024
ocds-kjhdrl-2023_HPSEB_72914_1,tender,tender,1,2024-11-08,2023_HPSEB_72914_1,Tender No 02/2023-24,"Est for Aug of 11 0.433kv, 63Kva DTR to 11 0.433kv 250 Kva Sstn at Chalaunthi by shifting of the Tilted Sstn HT LT lines Under ESD Sanjauli(WBS No. 32100264-001-CITY-DTR-06",Works,Limited,Percentage,Electrical Works,,No,No,,06-May-2023 04:00 PM,180,No,Online,,,1,17-May-2023 12:30 PM,assessment,Price Bid Opening Date,,"592,268.53",,HPSEBL,2023-2024
ocds-kjhdrl-2023_HPSEB_72916_1,tender,tender,1,2024-11-08,2023_HPSEB_72916_1,Tender No 03/2023-24,"Est for Aug of 11 0.433kv, 250 Kva DTR to 11 0.433 kv 630 Kva Sstn at Middle Sangti Under ES SummerHill ESD Boileauganj Shimla -5, (WBS No. 32100264-001-CITY-DTR-07",Works,Limited,Percentage,Electrical Works,,No,No,,06-May-2023 04:00 PM,180,No,Online,,,1,17-May-2023 03:00 PM,assessment,Price Bid Opening Date,,"707,873.16",,HPSEBL,2023-2024
ocds-kjhdrl-2023_HPSEB_72944_1,tender,tender,1,2024-11-08,2023_HPSEB_72944_1,RPO/ED/DB-11/2023-24/1,"Tender for R/M of HT/LT lines, service, distribution S/Stn., consumer billing section , under ESD, Reckong-peo, Pooh, Tapri, Sangla and Bhabanagar for the month of May, 2023, FY 2023-24.Sub-Head-Price schedule for carrying out of job of consumer",Services,Open Tender,Percentage,Supply and Erection,,No,No,"1,81,720",08-May-2023 01:00 PM,90,No,Online,,,1,20-May-2023 11:30 AM,assessment,Price Bid Opening Date,,"172,634",,HPSEBL,2023-2024
ocds-kjhdrl-2023_HPSEB_72948_1,tender,tender,1,2024-11-08,2023_HPSEB_72948_1,RPO/ED/DB-11/2023-24/2,"Tender for shifting of existing 22kV Old Kinnaur Feeder crossing over the Pot Head Yard Ralli (near Power House Ralli) in Electrical Section Shongthong, under Electrical Sub-Division, HPSEBL, Reckong Peo.",Services,Open Tender,Percentage,Supply and Erection,,No,No,"6,98,754",08-May-2023 01:00 PM,90,No,Online,,,1,20-May-2023 11:30 AM,assessment,Price Bid Opening Date,,"698,754",,HPSEBL,2023-2024
ocds-kjhdrl-2023_HPSEB_72949_1,tender,tender,1,2024-11-08,2023_HPSEB_72949_1,rpo/ed/db-11/2023-24/3,"Tender for augmentation of existing 22/0.4kV, 100kVA into 250kVA S/Stn at Kalpa, under Electrical Sub-Division, HPSEBL, Reckong peo.",Services,Open Tender,Percentage,Supply and Erection,,No,No,"1,23,900",08-May-2023 01:00 PM,90,No,Online,,,1,20-May-2023 11:30 AM,assessment,Price Bid Opening Date,,"123,900",,HPSEBL,2023-2024
ocds-kjhdrl-2023_HPSEB_72953_1,tender,tender,1,2024-11-08,2023_HPSEB_72953_1,RPO/ED/DB-11/2023-24/4,"Tender for providing SOP to newly constructed Commandent BTC Home Guard Sharbo by augmentation of 22/0.4kV, 25kVA into 100kVA S/Stn. at Home Guard Sharbo, under Electrical Sub-Division, HPSEBL, Reckong Peo.",Services,Open Tender,Percentage,Supply and Erection,,No,No,"1,69,743",08-May-2023 01:05 PM,90,No,Online,,,1,20-May-2023 11:30 AM,assessment,Price Bid Opening Date,,"169,743",,HPSEBL,2023-2024
ocds-kjhdrl-2023_HPSEB_72996_1,tender,tender,1,2024-11-08,2023_HPSEB_72996_1,06-2023-24,06-2023-24,Services,Open Tender,Turn-key,Supply and Erection,,No,No,"8,55,152",09-May-2023 12:30 PM,180,No,Online,,,1,26-May-2023 12:00 PM,assessment,Price Bid Opening Date,,"752,534",,HPSEBL,2023-2024
ocds-kjhdrl-2023_HPSEB_73003_1,tender,tender,1,2024-11-08,2023_HPSEB_73003_1,DB-Tender/No-11(HT Line Sinkhori)/2023-24.,DB-Tender/No-11(HT Line Sinkhori)/2023-24.,Works,Limited,Percentage,Electrical Works,,No,No,,09-May-2023 02:00 PM,180,No,Online,,,1,18-May-2023 11:00 AM,assessment,Price Bid Opening Date,,"493,991",,HPSEBL,2023-2024
ocds-kjhdrl-2023_HPSEB_73009_1,tender,tender,1,2024-11-08,2023_HPSEB_73009_1,DB-Tender No-12(S/Stn LT Sinkhori)/2023-24.,DB-Tender/No-12(S/Stn LT Sinkhori)/2023-24.,Works,Limited,Percentage,Electrical Works,,No,No,,09-May-2023 02:00 PM,180,No,Online,,,1,18-May-2023 11:00 AM,assessment,Price Bid Opening Date,,"358,867",,HPSEBL,2023-2024
ocds-kjhdrl-2023_HPSEB_73011_2,tender,tender,1,2024-11-08,2023_HPSEB_73011_2,DB-Tender/No-13(HT Line Loharab)/2023-24.,DB-Tender/No-13(HT Line Loharab)/2023-24.,Works,Limited,Percentage,Electrical Works,,No,No,,25-May-2023 05:00 PM,180,No,Online,,,1,31-May-2023 05:00 PM,assessment,Price Bid Opening Date,,"222,859",,HPSEBL,2023-2024
ocds-kjhdrl-2023_HPSEB_73012_2,tender,tender,1,2024-11-08,2023_HPSEB_73012_2,DB-Tender/No-14(S/Stn LT Loharab)/2023-24.,DB-Tender/No-14(S/Stn LT Loharab)/2023-24.,Works,Limited,Percentage,Electrical Works,,No,No,,25-May-2023 05:00 PM,180,No,Online,,,1,31-May-2023 05:00 PM,assessment,Price Bid Opening Date,,"309,644",,HPSEBL,2023-2024
ocds-kjhdrl-2023_HPSEB_73013_1,tender,tender,1,2024-11-08,2023_HPSEB_73013_1,DB-Tender/No-15(HT Line Ghool Dhar)/2023-24.,DB-Tender/No-15(HT Line Ghool Dhar)/2023-24.,Works,Limited,Percentage,Electrical Works,,No,No,,09-May-2023 02:00 PM,180,No,Online,,,1,18-May-2023 11:00 AM,assessment,Price Bid Opening Date,,"556,589",,HPSEBL,2023-2024
ocds-kjhdrl-2023_HPSEB_73016_1,tender,tender,1,2024-11-08,2023_HPSEB_73016_1,DB-Tender/No-16(S/Stn LT Ghool Dhar)/2023-24.,DB-Tender/No-16(S/Stn LT Ghool Dhar)/2023-24.,Works,Limited,Percentage,Electrical Works,,No,No,,09-May-2023 02:00 PM,180,No,Online,,,1,18-May-2023 11:00 AM,assessment,Price Bid Opening Date,,"325,789",,HPSEBL,2023-2024
ocds-kjhdrl-2023_HPSEB_73017_2,tender,tender,1,2024-11-08,2023_HPSEB_73017_2,DB-Tender/No-17(HT Line Lower Gadli)/2023-24.,DB-Tender/No-17(HT Line Lower Gadli)/2023-24.,Works,Limited,Percentage,Electrical Works,,No,No,,25-May-2023 05:00 PM,180,No,Online,,,1,31-May-2023 05:00 PM,assessment,Price Bid Opening Date,,"368,574",,HPSEBL,2023-2024
ocds-kjhdrl-2023_HPSEB_73019_2,tender,tender,1,2024-11-08,2023_HPSEB_73019_2,DB-Tender/No-18(S/Stn LT Lower Gadli)/2023-24.,DB-Tender/No-18(S/Stn LT Lower Gadli)/2023-24.,Works,Limited,Percentage,Electrical Works,,No,No,,25-May-2023 05:00 PM,180,No,Online,,,1,31-May-2023 05:00 PM,assessment,Price Bid Opening Date,,"389,188",,HPSEBL,2023-2024
ocds-kjhdrl-2023_HPSEB_73021_1,tender,tender,1,2024-11-08,2023_HPSEB_73021_1,DB-Tender/No-19(HT Line Kamati)/2023-24.,DB-Tender/No-19(HT Line Kamati)/2023-24.,Works,Limited,Percentage,Electrical Works,,No,No,,09-May-2023 02:00 PM,180,No,Online,,,1,18-May-2023 11:00 AM,assessment,Price Bid Opening Date,,"715,703",,HPSEBL,2023-2024
ocds-kjhdrl-2023_HPSEB_73022_1,tender,tender,1,2024-11-08,2023_HPSEB_73022_1,DB-Tender/No-20(S/Stn LT Kamati)/2023-24.,DB-Tender/No-20(S/Stn LT Kamati)/2023-24.,Works,Limited,Percentage,Electrical Works,,No,No,,09-May-2023 02:00 PM,180,No,Online,,,1,18-May-2023 11:00 AM,assessment,Price Bid Opening Date,,"386,744",,HPSEBL,2023-2024
ocds-kjhdrl-2023_HPSEB_73035_1,tender,tender,1,2024-11-08,2023_HPSEB_73035_1,Tender No 04/2023-24,"Est for Aug of 11 0.433kv, 250 Kva DTR to 110.433 kv 400 Kva Sstn at Sangti Near Shiv Mandir under ES SummerHill ESD Boileauganj Shimla -5,under the jurisdiction of this Division (WBS No. 32100264-001-CITY-DTR-09)",Works,Limited,Percentage,Electrical Works,,No,No,,09-May-2023 04:00 PM,180,No,Online,,,1,20-May-2023 11:00 AM,assessment,Price Bid Opening Date,,"755,045.5",,HPSEBL,2023-2024
ocds-kjhdrl-2023_HPSEB_73037_2,tender,tender,1,2024-11-08,2023_HPSEB_73037_2,Tender No 05/2023-24,"Est for Aug of 11 0.433kv,100 Kva DTR to11 0.433 kv 250 Kva Sstn at Upper Chalaunthi under ES Sanjauli and est for Aug of 11 0.433kv, 63 Kva DTR to 11 0.433KV 250 Kva sstn at Nanak Kutir Bharari under ES Ellysium",Works,Limited,Percentage,Electrical Works,,No,No,,18-May-2023 05:00 PM,180,No,Online,,,1,25-May-2023 11:00 AM,assessment,Price Bid Opening Date,,"627,565.92",,HPSEBL,2023-2024
ocds-kjhdrl-2023_HPSEB_73064_1,tender,tender,1,2024-11-08,2023_HPSEB_73064_1,PED-02/2023-24,PED 02/2023-24,Works,Open Tender,Turn-key,Electrical Works,,No,No,"9,97,431",10-May-2023 03:00 PM,180,No,Online,,,1,18-May-2023 11:00 AM,assessment,Price Bid Opening Date,,"795,850",,HPSEBL,2023-2024
ocds-kjhdrl-2023_HPSEB_73065_1,tender,tender,1,2024-11-08,2023_HPSEB_73065_1,MED /M-I-9/2023-24,"Tender for Carrying out Job of Consumer Billing in Electrical Sub-Divisions, HPSEBL, No-1 Mandi, under Electrical Division, HPSEBL,Mandi (for Ten months from June 2023 to March 2024)",Services,Open Tender,Percentage,Manpower Supply,,No,No,"8,80,398",11-May-2023 11:00 AM,300,No,Online,,,1,18-May-2023 11:00 AM,assessment,Price Bid Opening Date,,"730,656",,HPSEBL,2023-2024
ocds-kjhdrl-2023_HPSEB_73069_1,tender,tender,1,2024-11-08,2023_HPSEB_73069_1,DB-Tender-No. 01(SOP LWSS Rewalpull Jhateer)/2023-,"SoP to LWSS Rewalpull to Jhateer in Electrical Section HPSEBL, Marog under ESD, HPSEBL, Chopal",Goods,Open Tender,Percentage,Electrical Work/ Equipment,,No,No,,12-May-2023 10:00 AM,120,No,Online,,,1,30-May-2023 02:00 PM,assessment,Price Bid Opening Date,,"2,772,188",,HPSEBL,2023-2024
ocds-kjhdrl-2023_HPSEB_73071_1,tender,tender,1,2024-11-08,2023_HPSEB_73071_1,MED /M-II-10/2023-24,"Tender for Carrying out Job of Consumer Billing in Electrical Sub-Divisions, HPSEBL, No-II Mandi, under Electrical Division, HPSEBL,Mandi (for Ten months from June 2023 to March 2024)",Services,Open Tender,Percentage,Manpower Supply,,No,No,"8,11,922",11-May-2023 11:00 AM,300,No,Online,,,1,24-May-2023 11:00 AM,assessment,Price Bid Opening Date,,"673,827",,HPSEBL,2023-2024
ocds-kjhdrl-2023_HPSEB_73075_1,tender,tender,1,2024-11-08,2023_HPSEB_73075_1,MED /M-III-11/2023-24,"Tender for Carrying out Job of Consumer Billing in Electrical Sub-Divisions, HPSEBL, No-III Mandi, under Electrical Division, HPSEBL,Mandi (for Ten months from June 2023 to March 2024)",Services,Open Tender,Percentage,Manpower Supply,,No,No,"3,22,812",11-May-2023 11:00 AM,300,No,Online,,,1,24-May-2023 11:00 AM,assessment,Price Bid Opening Date,,"267,907",,HPSEBL,2023-2024
ocds-kjhdrl-2023_HPSEB_73077_1,tender,tender,1,2024-11-08,2023_HPSEB_73077_1,MED R-12/2023-24,"Tender for Carrying out Job of Consumer Billing in Electrical Sub-Divisions, HPSEBL, Rewalsar, under Electrical Division, HPSEBL,Mandi (for Ten months from June 2023 to March 2024)",Services,Open Tender,Percentage,Manpower Supply,,No,No,"6,76,047",11-May-2023 11:00 AM,300,No,Online,,,1,30-May-2023 11:00 AM,assessment,Price Bid Opening Date,,"596,944",,HPSEBL,2023-2024
ocds-kjhdrl-2023_HPSEB_73080_1,tender,tender,1,2024-11-08,2023_HPSEB_73080_1,MED/S-13/2023-24,"Tender for Carrying out Job of Consumer Billing in Electrical Sub-Divisions, HPSEBL, Saigaloo, under Electrical Division, HPSEBL,Mandi (for Ten months from June 2023 to March 2024)",Services,Open Tender,Percentage,Manpower Supply,,No,No,"4,95,859",11-May-2023 11:00 AM,300,No,Online,,,1,24-May-2023 11:00 AM,assessment,Price Bid Opening Date,,"433,652",,HPSEBL,2023-2024
ocds-kjhdrl-2023_HPSEB_73085_1,tender,tender,1,2024-11-08,2023_HPSEB_73085_1,MED K-14/2023-24,"Tender for Carrying out Job of Consumer Billing in Electrical Sub-Divisions, HPSEBL, Kataula, under Electrical Division, HPSEBL,Mandi (for Ten months from June 2023 to March 2024)",Services,Open Tender,Percentage,Manpower Supply,,No,No,"3,42,377",11-May-2023 11:00 AM,300,No,Online,,,1,24-May-2023 11:00 AM,assessment,Price Bid Opening Date,,"325,031",,HPSEBL,2023-2024
ocds-kjhdrl-2023_HPSEB_73088_1,tender,tender,1,2024-11-08,2023_HPSEB_73088_1,EDS-07/2023-24,Electrical Work,Works,Limited,Percentage,Electrical Works,,No,No,,10-May-2023 02:00 PM,30,No,Online,,,1,16-May-2023 03:00 PM,assessment,Price Bid Opening Date,,"94,632",,HPSEBL,2023-2024
ocds-kjhdrl-2023_HPSEB_73090_1,tender,tender,1,2024-11-08,2023_HPSEB_73090_1,EDS-08/2023-24,Electrical Work,Works,Limited,Percentage,Electrical Works,,No,No,,10-May-2023 03:30 PM,30,No,Online,,,1,16-May-2023 03:00 PM,assessment,Price Bid Opening Date,,"139,919",,HPSEBL,2023-2024
ocds-kjhdrl-2023_HPSEB_73099_1,tender,tender,1,2024-11-08,2023_HPSEB_73099_1,EDS-09/2023-24,Electrical Work,Works,Limited,Percentage,Electrical Works,,No,No,,10-May-2023 04:00 PM,30,No,Online,,,1,16-May-2023 03:00 PM,assessment,Price Bid Opening Date,,"70,334",,HPSEBL,2023-2024
ocds-kjhdrl-2023_HPSEB_73100_1,tender,tender,1,2024-11-08,2023_HPSEB_73100_1,NIT_4_2023-24,Estimate for additional steel tubular pole to maintain the proper clearance of 22KV HT line in (E) section Baggi under Electrical Sub Division HPSEBL Baggi,Works,Open Tender,Percentage,Electrical Works,,No,No,"56,770",10-May-2023 04:40 PM,90,No,Online,,,1,24-May-2023 02:30 PM,assessment,Price Bid Opening Date,,"44,780",,HPSEBL,2023-2024
ocds-kjhdrl-2023_HPSEB_73101_1,tender,tender,1,2024-11-08,2023_HPSEB_73101_1,EDS-10/2023-24,Electrical Work,Works,Limited,Percentage,Electrical Works,,No,No,,10-May-2023 04:00 PM,30,No,Online,,,1,16-May-2023 03:00 PM,assessment,Price Bid Opening Date,,"201,907",,HPSEBL,2023-2024
ocds-kjhdrl-2023_HPSEB_73106_1,tender,tender,1,2024-11-08,2023_HPSEB_73106_1,NIT_5_2023-24,Estimate for shifting of 3 Phase LT line at proposed site of Govt Pharmacy Collage at Bhurni in (E ) section Bagsiad under Electrical Sub Division HPSEBL Janjehli,Works,Open Tender,Percentage,Electrical Works,,No,No,"1,10,949",10-May-2023 04:30 PM,90,No,Online,,,1,24-May-2023 02:30 PM,assessment,Price Bid Opening Date,,"98,744",,HPSEBL,2023-2024
ocds-kjhdrl-2023_HPSEB_73110_2,tender,tender,1,2024-11-08,2023_HPSEB_73110_2,DB-Tender/No-21(S/Stn HT/ LT Goulu)/2023-24.,DB-Tender/No-21(S/Stn HT/ LT Goulu)/2023-24.,Works,Limited,Percentage,Electrical Works,,No,No,,25-May-2023 05:00 PM,180,No,Online,,,1,31-May-2023 05:00 PM,assessment,Price Bid Opening Date,,"564,852",,HPSEBL,2023-2024
ocds-kjhdrl-2023_HPSEB_73112_1,tender,tender,1,2024-11-08,2023_HPSEB_73112_1,NIT_6_2023-24,Estimate for providing 22 KV HT and LT line from 25 KVA 22/0.4KV sub-station Neori in (E ) section Gohar under Electrical Sub Division HPSEBL Gohar,Works,Open Tender,Percentage,Electrical Works,,No,No,"1,55,953",10-May-2023 05:40 PM,90,No,Online,,,1,27-May-2023 02:30 PM,assessment,Price Bid Opening Date,,"132,560",,HPSEBL,2023-2024
ocds-kjhdrl-2023_HPSEB_73153_1,tender,tender,1,2024-11-08,2023_HPSEB_73153_1,Tender No 06/2023-24,"Est for aug of 63 kVa, 11 0.4 kV into 250 kVA,11 0.4 kV Sstn at Mathaini-1 for providing electricity supply to residing consumers in ES ellysium under ESD, Sanjauli Shimla-6.(WBS No. 32100264-001-CITY-DTR-12)",Works,Limited,Percentage,Electrical Works,,No,No,,11-May-2023 02:00 PM,180,No,Online,,,1,26-May-2023 11:00 AM,assessment,Price Bid Opening Date,,"333,627.25",,HPSEBL,2023-2024
ocds-kjhdrl-2023_HPSEB_73156_2,tender,tender,1,2024-11-08,2023_HPSEB_73156_2,Tender No 07/2023-24,"Est for shifting of overhead 3 ph LT line from MLA Hostel to Vidhan Sabha building in ES KH under Bganj and shifting of underground XLPE Auckland Tunnel and conv of 3 ph LT line with AB cable near Police Chowki in ES Snowdon under ESD Sanjauli, HP",Works,Limited,Percentage,Electrical Works,,No,No,,19-May-2023 04:00 PM,180,No,Online,,,1,26-May-2023 12:30 PM,assessment,Price Bid Opening Date,,"400,931.58",,HPSEBL,2023-2024
ocds-kjhdrl-2023_HPSEB_73157_1,tender,tender,1,2024-11-08,2023_HPSEB_73157_1,AED-04/2023-24,AED-04/2023-24,Services,Open Tender,Percentage,Supply and Erection,,No,No,"2,26,027",12-May-2023 10:00 AM,60,No,Online,,,1,25-May-2023 11:00 AM,assessment,Price Bid Opening Date,,"225,548",,HPSEBL,2023-2024
ocds-kjhdrl-2023_HPSEB_73159_1,tender,tender,1,2024-11-08,2023_HPSEB_73159_1,AED-05/2023-24,AED-05/2023-24,Services,Open Tender,Percentage,Supply and Erection,,No,No,"3,39,983",12-May-2023 10:00 AM,60,No,Online,,,1,25-May-2023 12:00 PM,assessment,Price Bid Opening Date,,"336,544",,HPSEBL,2023-2024
ocds-kjhdrl-2023_HPSEB_73174_1,tender,tender,1,2024-11-08,2023_HPSEB_73174_1,HPSEBL/183619/NIT-17/2023-24,"Estimate for providing cutting and lopping of tree branches underneath 11 KV HT lines under ESD ,HPSEB,LTD. Slapper",Services,Open Tender,Percentage,Repair and Maintenance Services,,No,No,"1,98,188",12-May-2023 11:00 AM,90,No,Online,,,1,14-Jun-2023 02:00 PM,assessment,Price Bid Opening Date,,"188,213",,HPSEBL,2023-2024
ocds-kjhdrl-2023_HPSEB_73177_1,tender,tender,1,2024-11-08,2023_HPSEB_73177_1,MED/S-15/2023-24,"Tender for providing / Re-organization of 1 Phase LT Line to left houses from existing 25 KVA, 22/0.4 KV S/Stn Batahari,100 KVA, 22/ 0.4 KV S/Stn Bir, 100 KVA, 22/ 0.4 KV S/Stn Jalloun in (E) section Bir under ESD HPSEBL, Saigaloo.(TS No 122/2022-23",Services,Open Tender,Percentage,Supply and Erection,,No,No,"1,01,183",11-May-2023 05:00 PM,30,No,Online,,,1,30-May-2023 11:00 AM,assessment,Price Bid Opening Date,,"85,851",,HPSEBL,2023-2024
ocds-kjhdrl-2023_HPSEB_73180_1,tender,tender,1,2024-11-08,2023_HPSEB_73180_1,HPSEBL/SEGS/DB6A/NIT-1/23-24,Sale of various condemned items on as is where is basis,Goods,Open Tender,Turn-key,Vehicles/Vehicle Spares,,No,No,"17,50,569",11-May-2023 05:00 PM,180,No,Online,,,1,20-May-2023 03:00 PM,assessment,Price Bid Opening Date,,"1,960,637",,HPSEBL,2023-2024
ocds-kjhdrl-2023_HPSEB_73181_1,tender,tender,1,2024-11-08,2023_HPSEB_73181_1,HPSEBL/183619/NIT-19/2023-24,"Estimate for R/R of rotten wooden poles with ST Poles of existing 33 KV Ratti-Sundernagar Line feeder in Electrical Section Bagla under ESD , HPSEB,Ltd. Nerchowk.T.S-202/2022-23 S/Amt-3,85,348 /-only WBS-32100074-001-SNR-249.",Services,Open Tender,Percentage,Supply and Erection,,No,No,"1,55,110",12-May-2023 11:00 AM,90,No,Online,,,1,23-May-2023 03:30 PM,assessment,Price Bid Opening Date,,"135,709",,HPSEBL,2023-2024
ocds-kjhdrl-2023_HPSEB_73198_1,tender,tender,1,2024-11-08,2023_HPSEB_73198_1,HPSEBL/KLED/NIT-01/2023-24,"Tender for providing SOP to HRTC Udaipur in (E) section Udaipur 1st under ESD, HPSEBL, Udaipur on Turnkey Basis",Works,Open Tender,Turn-key,Electrical Works,,No,No,"4,00,095",11-May-2023 05:30 PM,180,No,Online,,,1,24-May-2023 11:30 AM,assessment,Price Bid Opening Date,,"354,084.12",,HPSEBL,2023-2024
ocds-kjhdrl-2023_HPSEB_73201_1,tender,tender,1,2024-11-08,2023_HPSEB_73201_1,HPSEBL/KLED/NIT-02/2023-24,"Tender for providing SOP to Reliance Jio Tower at village Peukar in (E) section Keylong under ESD, HPSEBL, Keylong on Turnkey Basis",Works,Open Tender,Turn-key,Electrical Works,,No,No,"2,18,713",11-May-2023 05:50 PM,180,No,Online,,,1,24-May-2023 11:30 AM,assessment,Price Bid Opening Date,,"193,560",,HPSEBL,2023-2024
ocds-kjhdrl-2023_HPSEB_73202_1,tender,tender,1,2024-11-08,2023_HPSEB_73202_1,HPSEBL/KLED/NIT-03/2023-24,Tender for hiring of 1 No. Mahindra,Works,Open Tender,Percentage,Miscellaneous Works,,No,No,"3,46,500",11-May-2023 06:00 PM,180,No,Online,,,1,30-May-2023 02:00 PM,assessment,Price Bid Opening Date,,"228,690",,HPSEBL,2023-2024
ocds-kjhdrl-2023_HPSEB_73272_1,tender,tender,1,2024-11-08,2023_HPSEB_73272_1,DB-Tender-No-03(SOP LWSS Balyog)/2023-24,"Providing stand by system for raw water stage at Balyog of LWSS Giri by providing additional 11/0.4 KV, 630 KVA S/Stn. and reorganizing of existing 11/0.4 KV, 630 KVA S/Stn. under ESD, HPSEBL, Sainj",Works,Open Tender,Percentage,Electrical Works,,No,No,,15-May-2023 11:00 AM,120,No,Online,,,1,30-May-2023 03:00 PM,assessment,Price Bid Opening Date,,"2,609,064",,HPSEBL,2023-2024
ocds-kjhdrl-2023_HPSEB_73274_1,tender,tender,1,2024-11-08,2023_HPSEB_73274_1,JED-07/2023-24,"Cutting, looping and pruning of tree branches underneath HT/LT lines in Electrical Sub-Division No.I, HPSEBL, Jogindernagar under Electrical Division, HPSEBL, Jogindernagar.",Services,Open Tender,Item Rate,Miscellaneous Services,,No,No,"2,45,000",15-May-2023 05:00 PM,90,No,Online,,,1,29-May-2023 11:30 AM,assessment,Price Bid Opening Date,,"191,100",,HPSEBL,2023-2024
ocds-kjhdrl-2023_HPSEB_73280_1,tender,tender,1,2024-11-08,2023_HPSEB_73280_1,JED-08/2023-24,"Cutting, looping and pruning of tree branches underneath HT/LT lines in Electrical Sub-Division No.II, HPSEBL, Jogindernagar under Electrical Division, HPSEBL, Jogindernagar.",Services,Open Tender,Item Rate,Miscellaneous Services,,No,No,"1,96,000",15-May-2023 05:00 PM,90,No,Online,,,1,29-May-2023 11:30 AM,assessment,Price Bid Opening Date,,"174,440",,HPSEBL,2023-2024
ocds-kjhdrl-2023_HPSEB_73282_1,tender,tender,1,2024-11-08,2023_HPSEB_73282_1,JED-09/2023-24,"Cutting, looping and pruning of tree branches underneath HT/LT lines in Electrical Sub-Division, HPSEBL, Chauntra under Electrical Division, HPSEBL, Jogindernagar.",Services,Open Tender,Item Rate,Miscellaneous Services,,No,No,"2,80,000",15-May-2023 05:00 PM,90,No,Online,,,1,29-May-2023 11:30 AM,assessment,Price Bid Opening Date,,"215,600",,HPSEBL,2023-2024
ocds-kjhdrl-2023_HPSEB_73285_1,tender,tender,1,2024-11-08,2023_HPSEB_73285_1,JED-10/2023-24,"Cutting, looping and pruning of tree branches underneath HT/LT lines in Electrical Sub-Division, HPSEBL, Lad-Bharol under Electrical Division, HPSEBL, Jogindernagar.",Services,Open Tender,Item Rate,Miscellaneous Services,,No,No,"3,15,000",15-May-2023 05:00 PM,90,No,Online,,,1,01-Jun-2023 03:30 PM,assessment,Price Bid Opening Date,,"270,900",,HPSEBL,2023-2024
ocds-kjhdrl-2023_HPSEB_73287_1,tender,tender,1,2024-11-08,2023_HPSEB_73287_1,JED-11/2023-24,"Cutting, looping and pruning of tree branches underneath HT/LT lines in Electrical Sub-Division, HPSEBL, Barot under Electrical Division, HPSEBL, Jogindernagar.",Services,Open Tender,Item Rate,Miscellaneous Services,,No,No,"2,31,000",15-May-2023 05:00 PM,90,No,Online,,,1,29-May-2023 11:30 AM,assessment,Price Bid Opening Date,,"198,660",,HPSEBL,2023-2024
ocds-kjhdrl-2023_HPSEB_73289_1,tender,tender,1,2024-11-08,2023_HPSEB_73289_1,JED-12/2023-24,"Cutting, looping and pruning of tree branches underneath HT/LT lines in Electrical Sub-Division, HPSEBL, Padhar under Electrical Division, HPSEBL, Jogindernagar.",Services,Open Tender,Item Rate,Miscellaneous Services,,No,No,"3,50,000",15-May-2023 05:00 PM,90,No,Online,,,1,29-May-2023 11:30 AM,assessment,Price Bid Opening Date,,"262,500",,HPSEBL,2023-2024
ocds-kjhdrl-2023_HPSEB_73292_1,tender,tender,1,2024-11-08,2023_HPSEB_73292_1,JED-13/2023-24,"Cutting, looping and pruning of tree branches underneath HT/LT lines in Electrical Sub-Division, HPSEBL, Makriri under Electrical Division, HPSEBL, Jogindernagar.",Services,Open Tender,Item Rate,Miscellaneous Services,,No,No,"2,66,000",15-May-2023 05:00 PM,90,No,Online,,,1,29-May-2023 11:30 AM,assessment,Price Bid Opening Date,,"220,407",,HPSEBL,2023-2024
ocds-kjhdrl-2023_HPSEB_73301_1,tender,tender,1,2024-11-08,2023_HPSEB_73301_1,JED-14/2023-24,"Reconductoring of LT line, improvement of voltage system, Reorganisation of LT line, providing LT extension to left out houses and Augmentation of 250 kVA, 11 0.4 kV Transformer to 11 0.4 kV 400 kVA Transformer in Elect. Sub-Division, HPSEBL,Chauntra",Services,Open Tender,Item Rate,Miscellaneous Services,,No,No,"4,50,872",15-May-2023 05:00 PM,90,No,Online,,,1,23-May-2023 11:30 AM,assessment,Price Bid Opening Date,,"340,318",,HPSEBL,2023-2024
ocds-kjhdrl-2023_HPSEB_73313_1,tender,tender,1,2024-11-08,2023_HPSEB_73313_1,SEGN/DB-BID-6/2023-24,O and M of Power House,Works,Limited,Item Rate,Repair and Maintenance Works,,No,No,,17-May-2023 11:00 AM,90,No,Online,,,1,27-May-2023 11:00 AM,assessment,Price Bid Opening Date,,"841,340",,HPSEBL,2023-2024
ocds-kjhdrl-2023_HPSEB_73316_1,tender,tender,1,2024-11-08,2023_HPSEB_73316_1,SEGN/DB-BID-7/2023-24,O and M of Power House,Works,Limited,Item Rate,Repair and Maintenance Works,,No,No,,17-May-2023 11:00 AM,90,No,Online,,,1,27-May-2023 11:00 AM,assessment,Price Bid Opening Date,,"591,180",,HPSEBL,2023-2024
ocds-kjhdrl-2023_HPSEB_73317_1,tender,tender,1,2024-11-08,2023_HPSEB_73317_1,SEGN/DB-BID-8/2023-24,O and M of Power House,Works,Limited,Item Rate,Repair and Maintenance Works,,No,No,,17-May-2023 11:00 AM,90,No,Online,,,1,26-May-2023 11:00 AM,assessment,Price Bid Opening Date,,"598,260",,HPSEBL,2023-2024
ocds-kjhdrl-2023_HPSEB_73319_1,tender,tender,1,2024-11-08,2023_HPSEB_73319_1,SEGN/DB-BID-9/2023-24,O and M of Power House,Works,Limited,Item Rate,Repair and Maintenance Works,,No,No,,17-May-2023 11:00 AM,90,No,Online,,,1,27-May-2023 11:00 AM,assessment,Price Bid Opening Date,,"613,010",,HPSEBL,2023-2024
ocds-kjhdrl-2023_HPSEB_73321_1,tender,tender,1,2024-11-08,2023_HPSEB_73321_1,SEGN/DB-BID-10/2023-24,O and M of Gumma Power House,Works,Limited,Item Rate,Repair and Maintenance Works,,No,No,,17-May-2023 11:00 AM,90,No,Online,,,1,26-May-2023 11:00 AM,assessment,Price Bid Opening Date,,"609,532",,HPSEBL,2023-2024
ocds-kjhdrl-2023_HPSEB_73342_1,tender,tender,1,2024-11-08,2023_HPSEB_73342_1,BVPCL/UCD-II/DB-6(a)/24-141-43,"Inspection charges of UHEP Stage-III for the year 2023-24. Hiring of diesel, Petrol driven vehicle viz Bolero Mahindra, Maruti Suzuki Swift Dzire or equivalent w.e.f. 01.06.2023 to 31.03.2024 (Attached with S.E Uhl Stage-III)",Works,Open Tender,Item Rate,Miscellaneous Works,,No,No,"2,59,600",16-May-2023 12:00 PM,30,No,Online,,,1,30-May-2023 03:30 PM,assessment,Price Bid Opening Date,,"253,700",,HPSEBL,2023-2024
ocds-kjhdrl-2023_HPSEB_73344_1,tender,tender,1,2024-11-08,2023_HPSEB_73344_1,BVPCL/UCD-II/DB-6(a)/24-141-43,"Inspection charges of UHEP Stage-III for the year 2023-24. Hiring of diesel, Petrol driven vehicle viz Bolero Mahindra, Maruti Suzuki Swift Dzire or equivalent w.e.f. 01.06.2023 to 31.03.2024 (Attached with Sr. Xen UCD-II)",Works,Open Tender,Item Rate,Miscellaneous Works,,No,No,"2,59,600",16-May-2023 12:00 PM,30,No,Online,,,1,30-May-2023 03:30 PM,assessment,Price Bid Opening Date,,"230,000",,HPSEBL,2023-2024
ocds-kjhdrl-2023_HPSEB_73354_1,tender,tender,1,2024-11-08,2023_HPSEB_73354_1,BVPCL/UCD-II/DB-6(a)/24-149-52,"Quantity of C.G.I Sheet scraps, Angle scraps after dismantling of existing C.G.I Sheets sheds Explosive Magazine at Uttrala, Teh. Baijnath Distt. Kangra H.P",Works,Open Tender,Item Rate,Scrap/Disposables,,No,No,"50,201",16-May-2023 01:00 PM,30,No,Online,,,1,29-May-2023 03:30 PM,assessment,Price Bid Opening Date,,"94,743.18",,HPSEBL,2023-2024
ocds-kjhdrl-2023_HPSEB_73355_1,tender,tender,1,2024-11-08,2023_HPSEB_73355_1,BVPCL/UCD-II/DB-6(a)/24-149-52,"Vehicle No. HP-07A-0684, Scorpio Model 2008 Scrap Purpose only.",Works,Open Tender,Item Rate,Scrap/Disposables,,No,No,"1,10,330",16-May-2023 01:00 PM,30,No,Online,,,1,29-May-2023 03:30 PM,assessment,Price Bid Opening Date,,"121,579",,HPSEBL,2023-2024
ocds-kjhdrl-2023_HPSEB_73383_1,tender,tender,1,2024-11-08,2023_HPSEB_73383_1,SED-01/2023-24,SED-01/2023-24,Works,Open Tender,Percentage,Electrical Works,,No,No,"6,53,896",19-May-2023 11:00 AM,90,No,Online,,,1,27-May-2023 12:00 PM,assessment,Price Bid Opening Date,,"672,969",,HPSEBL,2023-2024
ocds-kjhdrl-2023_HPSEB_73388_1,tender,tender,1,2024-11-08,2023_HPSEB_73388_1,BED-02/2023-24,BED-02/2023-24,Services,Open Tender,Percentage,Manpower Supply,,No,No,,16-May-2023 05:00 PM,90,No,Online,,,1,27-May-2023 11:30 AM,assessment,Price Bid Opening Date,,"713,109",,HPSEBL,2023-2024
ocds-kjhdrl-2023_HPSEB_73392_1,tender,tender,1,2024-11-08,2023_HPSEB_73392_1,NIT No-03/2023-24,Tender for providing 63 KVA 11/0.4 KV S/Stn Forest Rest House alongwith LT Line in E section Changer under ESD N0-II Bilaspur,Works,Open Tender,Percentage,Electrical Works,,No,No,,16-May-2023 05:45 PM,120,No,Online,,,1,23-May-2023 11:30 AM,assessment,Price Bid Opening Date,,"176,914",,HPSEBL,2023-2024
ocds-kjhdrl-2023_HPSEB_73404_1,tender,tender,1,2024-11-08,2023_HPSEB_73404_1,DB-Tender/No-22(S/Stn HT/LT Tanj/2023-24.,DB-Tender/No-22(S/Stn HT/LT Tanj/2023-24.,Works,Limited,Percentage,Electrical Works,,No,No,,16-May-2023 05:30 PM,180,No,Online,,,1,24-May-2023 11:00 AM,assessment,Price Bid Opening Date,,"542,922",,HPSEBL,2023-2024
ocds-kjhdrl-2023_HPSEB_73408_1,tender,tender,1,2024-11-08,2023_HPSEB_73408_1,DB-Tender/No-23(HTLine Garpeyan)/2023-24.,DB-Tender/No-23(HTLine Garpeyan)/2023-24.,Works,Limited,Percentage,Electrical Works,,No,No,,16-May-2023 05:30 PM,180,No,Online,,,1,24-May-2023 11:00 AM,assessment,Price Bid Opening Date,,"465,258",,HPSEBL,2023-2024
ocds-kjhdrl-2023_HPSEB_73411_1,tender,tender,1,2024-11-08,2023_HPSEB_73411_1,DB-Tender/No-24(S/Stn LT Garpeyan)/2023-24.,DB-Tender/No-24(S/Stn LT Garpeyan)/2023-24.,Works,Limited,Percentage,Electrical Works,,No,No,,16-May-2023 05:30 PM,180,No,Online,,,1,24-May-2023 11:00 AM,assessment,Price Bid Opening Date,,"378,610",,HPSEBL,2023-2024
ocds-kjhdrl-2023_HPSEB_73413_1,tender,tender,1,2024-11-08,2023_HPSEB_73413_1,AED-06/2023-24,AED-06/2023-24,Services,Limited,Percentage,Supply and Erection,,No,No,"2,24,107",17-May-2023 10:00 AM,60,No,Online,,,1,25-May-2023 11:00 AM,assessment,Price Bid Opening Date,,"221,849",,HPSEBL,2023-2024
ocds-kjhdrl-2023_HPSEB_73449_1,tender,tender,1,2024-11-08,2023_HPSEB_73449_1,E27-23-24,E27-23-24,Works,Open Tender,Turn-key,Electrical Works,,No,No,"1,09,086",17-May-2023 02:00 PM,180,No,Online,,,1,13-Jun-2023 11:00 AM,assessment,Price Bid Opening Date,,"87,268",,HPSEBL,2023-2024
ocds-kjhdrl-2023_HPSEB_73455_1,tender,tender,1,2024-11-08,2023_HPSEB_73455_1,E28-23-24,E28-23-24,Works,Open Tender,Turn-key,Electrical Works,,No,No,"3,87,849",17-May-2023 02:00 PM,180,No,Online,,,1,25-May-2023 11:00 AM,assessment,Price Bid Opening Date,,"329,477",,HPSEBL,2023-2024
ocds-kjhdrl-2023_HPSEB_73458_1,tender,tender,1,2024-11-08,2023_HPSEB_73458_1,E29-23-24,E29-23-24,Works,Open Tender,Turn-key,Electrical Works,,No,No,"4,57,378",17-May-2023 02:00 PM,180,No,Online,,,1,13-Jun-2023 11:00 AM,assessment,Price Bid Opening Date,,"388,542",,HPSEBL,2023-2024
ocds-kjhdrl-2023_HPSEB_73462_1,tender,tender,1,2024-11-08,2023_HPSEB_73462_1,E30-23-24,E30-23-24,Works,Open Tender,Turn-key,Electrical Works,,No,No,"3,31,364",17-May-2023 02:00 PM,180,No,Online,,,1,25-May-2023 11:00 AM,assessment,Price Bid Opening Date,,"288,121",,HPSEBL,2023-2024
ocds-kjhdrl-2023_HPSEB_73465_1,tender,tender,1,2024-11-08,2023_HPSEB_73465_1,E31-23-24,E31-23-24,Works,Open Tender,Turn-key,Electrical Works,,No,No,"4,13,773",17-May-2023 02:00 PM,180,No,Online,,,1,13-Jun-2023 11:00 AM,assessment,Price Bid Opening Date,,"351,500",,HPSEBL,2023-2024
ocds-kjhdrl-2023_HPSEB_73470_1,tender,tender,1,2024-11-08,2023_HPSEB_73470_1,E34-23-24,E34-23-24,Works,Open Tender,Turn-key,Electrical Works,,No,No,"3,25,443",17-May-2023 03:00 PM,180,No,Online,,,1,25-May-2023 11:00 AM,assessment,Price Bid Opening Date,,"282,972",,HPSEBL,2023-2024
ocds-kjhdrl-2023_HPSEB_73473_1,tender,tender,1,2024-11-08,2023_HPSEB_73473_1,E35-23-24,E35-23-24,Works,Open Tender,Turn-key,Electrical Works,,No,No,"4,91,715",17-May-2023 03:30 PM,180,No,Online,,,1,25-May-2023 11:00 AM,assessment,Price Bid Opening Date,,"417,711",,HPSEBL,2023-2024
ocds-kjhdrl-2023_HPSEB_73474_1,tender,tender,1,2024-11-08,2023_HPSEB_73474_1,E36-23-24,E36-23-24,Works,Open Tender,Turn-key,Electrical Works,,No,No,"1,23,594",17-May-2023 03:30 PM,180,No,Online,,,1,25-May-2023 11:00 AM,assessment,Price Bid Opening Date,,"107,464",,HPSEBL,2023-2024
ocds-kjhdrl-2023_HPSEB_73476_1,tender,tender,1,2024-11-08,2023_HPSEB_73476_1,E37-23-24,E37-23-24,Services,Open Tender,Turn-key,Miscellaneous Services,,No,No,"1,46,320",17-May-2023 03:40 PM,120,No,Online,,,1,25-May-2023 11:00 AM,assessment,Price Bid Opening Date,,"138,272",,HPSEBL,2023-2024
ocds-kjhdrl-2023_HPSEB_73499_1,tender,tender,1,2024-11-08,2023_HPSEB_73499_1,KPHDD-02/2023-24,For Protection work of right side upstream of Trench Weir intake site of Khauli Power House Darini.,Works,Open Tender,Item Rate,Civil Works,,No,No,,18-May-2023 11:45 AM,180,No,Online,,,1,06-Jun-2023 11:00 AM,assessment,Price Bid Opening Date,,"182,407.13",,HPSEBL,2023-2024
ocds-kjhdrl-2023_HPSEB_73504_1,tender,tender,1,2024-11-08,2023_HPSEB_73504_1,UED/03/2023-24,UED/03/2023-24,Works,Open Tender,Turn-key,Electrical Works,,No,No,"2,01,856",20-May-2023 03:30 PM,90,No,Online,,,1,26-May-2023 11:00 AM,assessment,Price Bid Opening Date,,"211,909",,HPSEBL,2023-2024
ocds-kjhdrl-2023_HPSEB_73509_1,tender,tender,1,2024-11-08,2023_HPSEB_73509_1,OCD/DB/Bid-08/2023-24,"i)Tender for Supply of equipment / material , design, erection, testing commissioning for SOP to Shifting of 11KV HT line Nainikhad feeder at newly erected 33/11 KV S/Stn. MES Receiving station Bakloh in section Nainikhad ESD Bakloh ED Dalhousie.",Works,Open Tender,Turn-key,Electrical Works,,No,No,"9,40,588",18-May-2023 03:00 PM,90,No,Online,,,1,30-May-2023 01:00 PM,assessment,Price Bid Opening Date,,"812,010",,HPSEBL,2023-2024
ocds-kjhdrl-2023_HPSEB_73511_1,tender,tender,1,2024-11-08,2023_HPSEB_73511_1,OCD/DB/Bid-09/2023-24,"Tender for Supply of equipment / material , design, erection, testing commissioning for SOP to LIS Bhadwar (Under HPHDP) Deptt. of Horticulture by Prov. 11/.4 KV 100 KVA S/Stn. a/w 11 KV HT and LT line in section Bhadwar ESD Nurpur ED Nurpur",Works,Open Tender,Turn-key,Electrical Works,,No,No,"11,19,254",18-May-2023 03:00 PM,90,No,Online,,,1,30-May-2023 01:00 PM,assessment,Price Bid Opening Date,,"1,015,622",,HPSEBL,2023-2024
ocds-kjhdrl-2023_HPSEB_73516_1,tender,tender,1,2024-11-08,2023_HPSEB_73516_1,OCD/DB/Bid-10/2023-24,"Tender for Replacement of LT Rotten wooden poles with 8/9 Mtr. Long ST poles of various s/stns. in various section under ESD Salooni, ED Dalhousie",Works,Open Tender,Turn-key,Electrical Works,,No,No,"11,53,506",18-May-2023 03:00 PM,90,No,Online,,,1,30-May-2023 01:00 PM,assessment,Price Bid Opening Date,,"1,192,789",,HPSEBL,2023-2024
ocds-kjhdrl-2023_HPSEB_73519_1,tender,tender,1,2024-11-08,2023_HPSEB_73519_1,OCD/DB/Bid-11/2023-24,"Tender for Supply of equipment / material , design, erection, testing commissioning for carring out the balance/left out pending works of 33 KV S/C line with WOLF Conductor from existing 33/11KV S/Stn. Holi to existing 33/11KV S/Stn. Garola ESD Bha",Works,Open Tender,Turn-key,Electrical Works,,No,No,"31,26,038",18-May-2023 03:00 PM,90,No,Online,,,1,30-May-2023 01:00 PM,assessment,Price Bid Opening Date,,"2,625,247",,HPSEBL,2023-2024
ocds-kjhdrl-2023_HPSEB_73532_1,tender,tender,1,2024-11-08,2023_HPSEB_73532_1,EDS-11/2023-24,Electrical Work,Works,Limited,Percentage,Electrical Works,,No,No,,18-May-2023 04:30 PM,60,No,Online,,,1,24-May-2023 03:00 PM,assessment,Price Bid Opening Date,,"149,189",,HPSEBL,2023-2024
ocds-kjhdrl-2023_HPSEB_73545_1,tender,tender,1,2024-11-08,2023_HPSEB_73545_1,EDS-12/2023-24,Electrical Work,Works,Limited,Percentage,Electrical Works,,No,No,,18-May-2023 04:30 PM,60,No,Online,,,1,24-May-2023 03:00 PM,assessment,Price Bid Opening Date,,"118,933",,HPSEBL,2023-2024
ocds-kjhdrl-2023_HPSEB_73555_1,tender,tender,1,2024-11-08,2023_HPSEB_73555_1,HPSEBL/RELPHD/DB-10/23-24-002,Tender for Premonsoon Execution of work for Lifting Collection Safe disposal of silt from dewatering and drainage sump along with drainage gallery at MIV floor and drainage sump at transformer hall of 3 x 42 MW Larji Power House,Works,Open Tender,Percentage,Repair and Maintenance Works,,No,No,"1,94,287",18-May-2023 05:00 PM,90,No,Online,,,1,29-May-2023 03:30 PM,assessment,Price Bid Opening Date,,"191,956",,HPSEBL,2023-2024
ocds-kjhdrl-2023_HPSEB_73557_1,tender,tender,1,2024-11-08,2023_HPSEB_73557_1,ESD-13/2023-24,Electrical Work,Works,Limited,Percentage,Electrical Works,,No,No,,18-May-2023 05:15 PM,60,No,Online,,,1,24-May-2023 03:00 PM,assessment,Price Bid Opening Date,,"190,745",,HPSEBL,2023-2024
ocds-kjhdrl-2023_HPSEB_73590_1,tender,tender,1,2024-11-08,2023_HPSEB_73590_1,SED-02/2023-24,SED-02/2023-24,Works,Open Tender,Percentage,Electrical Works,,No,No,"6,37,434",20-May-2023 11:00 AM,90,No,Online,,,1,29-May-2023 12:00 PM,assessment,Price Bid Opening Date,,"557,117",,HPSEBL,2023-2024
ocds-kjhdrl-2023_HPSEB_73594_1,tender,tender,1,2024-11-08,2023_HPSEB_73594_1,SED-03/2023-24,SED-03/2023-24,Works,Open Tender,Percentage,Electrical Works,,No,No,"1,04,000",20-May-2023 11:00 AM,90,No,Online,,,1,29-May-2023 12:00 PM,assessment,Price Bid Opening Date,,"92,976",,HPSEBL,2023-2024
ocds-kjhdrl-2023_HPSEB_73600_1,tender,tender,1,2024-11-08,2023_HPSEB_73600_1,SED-04/2023-24,SED-04/2023-24,Works,Open Tender,Percentage,Electrical Works,,No,No,"4,30,688",20-May-2023 11:00 AM,90,No,Online,,,1,29-May-2023 12:00 PM,assessment,Price Bid Opening Date,,"409,153",,HPSEBL,2023-2024
ocds-kjhdrl-2023_HPSEB_73619_1,tender,tender,1,2024-11-08,2023_HPSEB_73619_1,SED/SP-Limited Tender No-09/2023-24,"Estimate for providing 63kVA,11/0.4kV DTR,Construction of 11kV HT line, Re-organisation 3Phase LT line at substation Shoghi Bhog at near Railway station in ES Shoghi under Electrical Division No. 1 Shimla-09",Works,Limited,Percentage,Electrical Works,,No,No,,19-May-2023 05:00 PM,10,No,Online,,,1,30-May-2023 12:00 PM,assessment,Price Bid Opening Date,,"803,163",,HPSEBL,2023-2024
ocds-kjhdrl-2023_HPSEB_73640_1,tender,tender,1,2024-11-08,2023_HPSEB_73640_1,DB-Tender-05(Balance Work Chamyana)/2023-24,"SoP to Balance work at IGMC New OPD Block Chamyana under Electrical Division No-II, Kasumpti, Shimla-9",Works,Open Tender,Percentage,Electrical Works,,No,No,"36,73,534",23-May-2023 10:00 AM,90,No,Online,,,1,02-Jun-2023 03:00 PM,assessment,Price Bid Opening Date,,"3,227,200",,HPSEBL,2023-2024
ocds-kjhdrl-2023_HPSEB_73642_2,tender,tender,1,2024-11-08,2023_HPSEB_73642_2,HPSEBL/RE/ GPHDG-05/2023-24,Tender for Day to day Mtc sweeping cleaning of residential building regulation of external internial water supply system and sewarage system Mtc of road to Valve House PHouse switch yard and Gharoh colony cutting of bushes coloni,Works,Open Tender,Item Rate,Civil Works,,No,No,"2,23,905",27-May-2023 02:00 PM,180,No,Online,,,1,01-Jun-2023 03:30 PM,assessment,Price Bid Opening Date,,"191,550",,HPSEBL,2023-2024
ocds-kjhdrl-2023_HPSEB_73645_1,tender,tender,1,2024-11-08,2023_HPSEB_73645_1,REB/DB-Tender (C)-02/2023-24,"Tender for Execution of sweeping/cleaning work including cutting of bushes and grass around Residential and Non-Residential area of HPSEBL Colony at Bassi and Shanan, Civil Mtc. Sub -Div. Office Complex area, Inspection Hut at Chaprot, etc.",Works,Open Tender,Item Rate,Civil Works,,No,No,"4,82,911",20-May-2023 03:00 PM,180,No,Online,,,1,27-May-2023 11:00 AM,assessment,Price Bid Opening Date,,"381,999.04",,HPSEBL,2023-2024
ocds-kjhdrl-2023_HPSEB_73651_1,tender,tender,1,2024-11-08,2023_HPSEB_73651_1,REB/DB-Tender (E)-02/2023-24,"Tender for Execution of sweeping / cleaning work of Power House complete i/c toilets and drains etc. such as Division Office, Electrical Mtc. Sub-Division, Turbine Floor, Generator Floor, Work Shop, 132KV switchyard, 33KV switchyard, store areas etc.",Works,Open Tender,Item Rate,Civil Works,,No,No,"4,94,711",20-May-2023 03:00 PM,180,No,Online,,,1,27-May-2023 11:00 AM,assessment,Price Bid Opening Date,,"399,689.6",,HPSEBL,2023-2024
ocds-kjhdrl-2023_HPSEB_73654_1,tender,tender,1,2024-11-08,2023_HPSEB_73654_1,APHD/DB-E tendering-2023-24-4011-15 dated 20.05.23,"Cleaning, sweeping and up keeping of HPSEB colony , Power house buildings, office buildings and Rest house under RE APH Division HPSEBL Chirgaon.",Works,Limited,Item Rate,Civil Works - Others,,No,No,,20-May-2023 06:00 PM,120,No,Online,,,1,27-May-2023 11:30 AM,assessment,Price Bid Opening Date,,"297,950",,HPSEBL,2023-2024
ocds-kjhdrl-2023_HPSEB_73660_1,tender,tender,1,2024-11-08,2023_HPSEB_73660_1,APHD/DB-E tendering-2023-24-4011-15 dated 20.05.23,Cutting of bushes from Pen stock profile of Andhra and Gumma Power House along Penstock profile of Andhra and Gumma Power House.,Works,Limited,Item Wise,Civil Works - Others,,No,No,,20-May-2023 06:00 PM,45,No,Online,,,1,27-May-2023 11:30 AM,assessment,Price Bid Opening Date,,"288,363",,HPSEBL,2023-2024
ocds-kjhdrl-2023_HPSEB_73662_1,tender,tender,1,2024-11-08,2023_HPSEB_73662_1,APHD/DB-E tendering-2023-24-4011-15 dated 20.05.23,Repair /Providing of G.I wire crates Retaining wall for protection of Power Channel near land slide portion of Gumma Power House.,Works,Limited,Item Wise,Civil Works - Others,,No,No,,20-May-2023 06:00 PM,45,No,Online,,,1,27-May-2023 11:30 AM,assessment,Price Bid Opening Date,,"294,045",,HPSEBL,2023-2024
ocds-kjhdrl-2023_HPSEB_73666_1,tender,tender,1,2024-11-08,2023_HPSEB_73666_1,HPSEBL/KED/NIT-09/2023-24,"Providing SOP to Jal Shakti Vibhag by providing 3 Phase LT extension from 250KVA, 11/0.4KV DTR Lower Bashing and 250KVA, 11/0.4KV DTR HRTC Bashing in (E) section Babeli under ESD No. II, HPSEBL, Kullu",Works,Open Tender,Turn-key,Electrical Works,,No,No,"4,50,979",20-May-2023 03:50 PM,180,No,Online,,,1,06-Jun-2023 11:30 AM,assessment,Price Bid Opening Date,,"423,920",,HPSEBL,2023-2024
ocds-kjhdrl-2023_HPSEB_73679_1,tender,tender,1,2024-11-08,2023_HPSEB_73679_1,SED/SP-Limited Tender No-10/2023-24,"Estimate for Providing 63kVA, 22/0.4kV S/Stn, Construction of 22kV HT line, Re-organisation of LT line Chhalli in ES Dhalli under ESD HPSEBL Dhalli, under Electrical Division No.1 Shimla-09",Works,Limited,Percentage,Electrical Works,,No,No,,20-May-2023 05:00 PM,10,No,Online,,,1,31-May-2023 12:00 PM,assessment,Price Bid Opening Date,,"695,663",,HPSEBL,2023-2024
ocds-kjhdrl-2023_HPSEB_73685_1,tender,tender,1,2024-11-08,2023_HPSEB_73685_1,AED-03/2023-24,AED-03/2023-24,Services,Limited,Percentage,Supply and Erection,,No,No,"3,93,518",20-May-2023 05:00 PM,30,No,Online,,,1,27-May-2023 12:00 PM,assessment,Price Bid Opening Date,,"392,285",,HPSEBL,2023-2024
ocds-kjhdrl-2023_HPSEB_73686_1,tender,tender,1,2024-11-08,2023_HPSEB_73686_1,APHD/DB-E tendering-2023-24-4011-15 dated 20.05.23,CleaningRemoval of silt slush from Fore Bay and Power Channel of GPH and Channelization from US and DS of Trench weir of Gumma Power House.,Works,Limited,Item Wise,Civil Works - Others,,No,No,,20-May-2023 06:00 PM,45,No,Online,,,1,27-May-2023 11:30 AM,assessment,Price Bid Opening Date,,"295,236",,HPSEBL,2023-2024
ocds-kjhdrl-2023_HPSEB_73691_1,tender,tender,1,2024-11-08,2023_HPSEB_73691_1,APHD/DB-E tendering-2023-24-4011-15 dated 20.05.23,"Repair of submersible pump ,Cooling Motors ,and Re-babiting of 40 Nos.thrust pads of thrust cum guide bearing of 2x1.5MW Gumma Power House under Andhra Power House Division HPSEBL, Chirgaon",Works,Limited,Item Wise,Power/Energy Projects/Products,,No,No,,20-May-2023 06:00 PM,45,No,Online,,,1,27-May-2023 11:30 AM,assessment,Price Bid Opening Date,,"490,880",,HPSEBL,2023-2024
ocds-kjhdrl-2023_HPSEB_73693_1,tender,tender,1,2024-11-08,2023_HPSEB_73693_1,APHD/DB-E tendering-2023-24-4011-15 dated 20.05.23,"Repair and Overhauling of Penstock gate by replacing all the damaged and defective Parts of gate of 2x1.5MW Gumma Power House under Andhra Power House Division HPSEBL, Chirgaon",Works,Limited,Item Wise,Power/Energy Projects/Products,,No,No,,20-May-2023 05:00 PM,45,No,Online,,,1,27-May-2023 11:30 AM,assessment,Price Bid Opening Date,,"293,820",,HPSEBL,2023-2024
ocds-kjhdrl-2023_HPSEB_73699_1,tender,tender,1,2024-11-08,2023_HPSEB_73699_1,APHD/DB-E tendering-2023-24-4011-15 dated 20.05.23,Prov. Fixing of Servo Moog Valve of Electro Governor of unit-II of Andhra Power House and Prov. FixingRepair of. LVDTs of Machine No.I-II of Gumma Power House.,Works,Limited,Item Wise,Power/Energy Projects/Products,,No,No,,20-May-2023 06:00 PM,45,No,Online,,,1,27-May-2023 11:30 AM,assessment,Price Bid Opening Date,,"495,423",,HPSEBL,2023-2024
ocds-kjhdrl-2023_HPSEB_73710_1,tender,tender,1,2024-11-08,2023_HPSEB_73710_1,BPHD/2023-24-02,Cleaning of Transh Rack at Surchu,Works,Open Tender,Item Rate,Miscellaneous Works,,No,No,"3,00,000",23-May-2023 09:00 AM,120,No,Online,,,1,02-Jun-2023 11:30 AM,assessment,Price Bid Opening Date,,"278,999.2",,HPSEBL,2023-2024
ocds-kjhdrl-2023_HPSEB_73713_1,tender,tender,1,2024-11-08,2023_HPSEB_73713_1,DB-8/2023-24-007,DB-8/2023-24-007,Services,Open Tender,Percentage,Miscellaneous Services,,No,No,"4,55,270",23-May-2023 11:00 AM,180,No,Online,,,1,30-May-2023 11:30 AM,assessment,Price Bid Opening Date,,"368,769",,HPSEBL,2023-2024
ocds-kjhdrl-2023_HPSEB_73721_2,tender,tender,1,2024-11-08,2023_HPSEB_73721_2,E-TENDERING JOB.1/2023-24,Providing SOP to HPMC Cold Store Tutupani by Providing 100 KVA 22/0.4 KV Transformer alongwith HT line and CT/PT Metering unit in (E) Section Khadrala Under ESD Tikkar,Works,Open Tender,Percentage,Electrical Works,,No,No,"5,51,815",23-May-2023 06:00 PM,30,No,Online,,,1,06-Jun-2023 01:00 PM,assessment,Price Bid Opening Date,,"521,466",,HPSEBL,2023-2024
ocds-kjhdrl-2023_HPSEB_73727_1,tender,tender,1,2024-11-08,2023_HPSEB_73727_1,OCD/DB/Bid-12/2023-24,"Tender for Supply of equipment / material , design, erection, testing commissioning for SOP to Newly constructed boys hostel of Govt. Millinium Polytechnic collage at Sarol by Prov. 11/.4 KV 250 KVA S/Stn. at Sarol in section Sarol ESD Chamba-II, E",Works,Open Tender,Turn-key,Electrical Works,,No,No,"13,19,265",23-May-2023 03:00 PM,90,No,Online,,,1,05-Jun-2023 01:00 PM,assessment,Price Bid Opening Date,,"1,146,046",,HPSEBL,2023-2024
ocds-kjhdrl-2023_HPSEB_73738_1,tender,tender,1,2024-11-08,2023_HPSEB_73738_1,OCD/DB/Bid-13/2023-24,"Tender for Supply of equipment / material , design, erection, testing commissioning for SOP to HPPCL by Prov. 11/.4 KV 63 KVA S/Stn. For Adit-1 a/w 11 KV HT line(Ropeway plateform) of 48 MW Chanju-III HEP, in section Nakror ESD Tissa ED Chamba",Works,Open Tender,Turn-key,Electrical Works,,No,No,"8,19,630",23-May-2023 03:00 PM,90,No,Online,,,1,05-Jun-2023 01:00 PM,assessment,Price Bid Opening Date,,"722,504",,HPSEBL,2023-2024
ocds-kjhdrl-2023_HPSEB_73754_1,tender,tender,1,2024-11-08,2023_HPSEB_73754_1,HPSEBL/RE/BPHD-01/23-24,Tender for Manufacturing Providing fixing and successful commissioning of spare Main Distributing Sleeve in Pendulum assembly through Reverse Engineering of Binwa Power House under RE Binwa PH Division HPSEBL Uttrala,Works,Limited,Item Rate,Electrical Works,,No,No,"4,96,000",23-May-2023 04:00 PM,180,No,Online,,,1,02-Jun-2023 11:00 AM,assessment,Price Bid Opening Date,,"485,570",,HPSEBL,2023-2024
ocds-kjhdrl-2023_HPSEB_73755_1,tender,tender,1,2024-11-08,2023_HPSEB_73755_1,REB/DB-Tender (E)-03/2023-24,Tender for Repair of 3 Nos BALLUF make Model BTL7 E170 M0175 B S32 HU nozzle feedback transducer of Bassi Power House under Bassi Power House Division HPSEBL Jogindernagar,Works,Limited,Item Rate,Electrical Works,,No,No,"2,77,890",24-May-2023 11:00 AM,180,No,Online,,,1,31-May-2023 11:00 AM,assessment,Price Bid Opening Date,,"270,810",,HPSEBL,2023-2024
ocds-kjhdrl-2023_HPSEB_73756_1,tender,tender,1,2024-11-08,2023_HPSEB_73756_1,REB/DB-Tender (E)-04/2023-24,Tender for Repair and refurbishment of nozzle cup seal housing and nozzle sleeves of 66 MW Bassi Power House under Bassi Power House Division HPSEBL Joginder Nagar HP,Works,Limited,Item Rate,Electrical Works,,No,No,"1,13,280",24-May-2023 11:00 AM,180,No,Online,,,1,31-May-2023 11:00 AM,assessment,Price Bid Opening Date,,"111,274",,HPSEBL,2023-2024
ocds-kjhdrl-2023_HPSEB_73758_1,tender,tender,1,2024-11-08,2023_HPSEB_73758_1,REB/DB-Tender (E)-05/2023-24,Tender for repair and replacement of penstock drain line globe valve of 66MW Bassi Power House HPSEBL Jogindernagar,Works,Limited,Item Rate,Electrical Works,,No,No,"2,92,640",24-May-2023 11:00 AM,180,No,Online,,,1,31-May-2023 11:00 AM,assessment,Price Bid Opening Date,,"291,696",,HPSEBL,2023-2024
ocds-kjhdrl-2023_HPSEB_73763_1,tender,tender,1,2024-11-08,2023_HPSEB_73763_1,EDRMP/DB-Ten/2023-24/934-38 DT 23/05/23,Tender for providing SOP to commercial complex dakolar,Works,Limited,Percentage,Electrical Works,,No,No,"3,02,322",24-May-2023 12:00 PM,30,No,Online,,,1,31-May-2023 03:30 PM,assessment,Price Bid Opening Date,,"302,327",,HPSEBL,2023-2024
ocds-kjhdrl-2023_HPSEB_73765_1,tender,tender,1,2024-11-08,2023_HPSEB_73765_1,REB/DB-Tender (C)-03/2023-24,Tender for providing laying and jointing GI water supply pipe line from Submersible Pump to Water Storage Tank at HPSEBL Colony at Bassi under Bassi Power House Division HPSEBL Joginder Nagar,Works,Open Tender,Item Rate,Civil Works,,No,No,"2,27,692",24-May-2023 11:00 AM,180,No,Online,,,1,31-May-2023 11:00 AM,assessment,Price Bid Opening Date,,"192,461",,HPSEBL,2023-2024
ocds-kjhdrl-2023_HPSEB_73811_1,tender,tender,1,2024-11-08,2023_HPSEB_73811_1,EDS-14/2023-24,Electrical Work,Works,Open Tender,Percentage,Electrical Works,,No,No,,24-May-2023 03:00 PM,90,No,Online,,,1,30-May-2023 03:00 PM,assessment,Price Bid Opening Date,,"376,848",,HPSEBL,2023-2024
ocds-kjhdrl-2023_HPSEB_73815_1,tender,tender,1,2024-11-08,2023_HPSEB_73815_1,HPSEBL/CMD/WK-24/2023-24-01,"Clearing jungle i/c uprooting of ranks, vegetation, bushes from HPSEBL colony complex, colony road, Day by day cleaning of Bhaba Power House, field hostel and rest house at Bhabanagar for 40 days",Works,Open Tender,Item Rate,Civil Works,,No,No,"2,70,196",24-May-2023 05:00 PM,120,No,Online,,,1,06-Jun-2023 02:30 PM,assessment,Price Bid Opening Date,,"253,984.38",,HPSEBL,2023-2024
ocds-kjhdrl-2023_HPSEB_73837_1,tender,tender,1,2024-11-08,2023_HPSEB_73837_1,REB/DB-Tender(E)-06/2023-24,Tender for repair and refurbishment of damaged/eroded turbine guide bearing (TGB) by providing coating of babbitt/white metal on inner side of TGB at 66MW Bassi Power House HPSEBL Jogindernagar.,Works,Limited,Item Rate,Electrical Works,,No,No,"2,71,400",24-May-2023 05:00 PM,180,No,Online,,,1,06-Jun-2023 11:00 AM,assessment,Price Bid Opening Date,,"269,040",,HPSEBL,2023-2024
ocds-kjhdrl-2023_HPSEB_73847_1,tender,tender,1,2024-11-08,2023_HPSEB_73847_1,DED-07/2023-24,DED-07/2023-24,Services,Open Tender,Percentage,Miscellaneous Services,,No,No,"4,83,000",24-May-2023 05:15 PM,60,No,Online,,,1,30-May-2023 12:00 PM,assessment,Price Bid Opening Date,,"435,467",,HPSEBL,2023-2024
ocds-kjhdrl-2023_HPSEB_73854_1,tender,tender,1,2024-11-08,2023_HPSEB_73854_1,HPSEBL/CMD/WK-24/2023-24-03,"Cleaning /maintenance of weir site Kafnoo of SVP Bhaba, cutting grass, trimming of treesnear desilting chamber, measurement of discharge for a period of 6 month w.e.f 1/7/2023 to 31/12/2023",Works,Open Tender,Item Rate,Civil Works,,No,No,"2,70,781",24-May-2023 06:00 PM,120,No,Online,,,1,01-Jun-2023 02:30 PM,assessment,Price Bid Opening Date,,"254,534",,HPSEBL,2023-2024
ocds-kjhdrl-2023_HPSEB_73877_1,tender,tender,1,2024-11-08,2023_HPSEB_73877_1,JED 01/2023-24,JED-01/2023-24,Services,Open Tender,Turn-key,Supply and Erection,,No,No,,26-May-2023 09:00 AM,60,No,Online,,,1,06-Jun-2023 11:30 AM,assessment,Price Bid Opening Date,,"508,124",,HPSEBL,2023-2024
ocds-kjhdrl-2023_HPSEB_73881_1,tender,tender,1,2024-11-08,2023_HPSEB_73881_1,JED-02/2023-24,JED-02/2023-24,Services,Open Tender,Turn-key,Supply and Erection,,No,No,,26-May-2023 09:00 AM,60,No,Online,,,1,06-Jun-2023 11:30 AM,assessment,Price Bid Opening Date,,"104,447",,HPSEBL,2023-2024
ocds-kjhdrl-2023_HPSEB_73885_1,tender,tender,1,2024-11-08,2023_HPSEB_73885_1,JED-03/2023-24,JED-03/2023-24,Services,Open Tender,Turn-key,Supply and Erection,,No,No,,26-May-2023 09:00 AM,60,No,Online,,,1,06-Jun-2023 11:30 AM,assessment,Price Bid Opening Date,,"204,821",,HPSEBL,2023-2024
ocds-kjhdrl-2023_HPSEB_73899_1,tender,tender,1,2024-11-08,2023_HPSEB_73899_1,HPSEBL/AED/NIT-04/2023-24,Augumentation of existing 63 KVA S/Stn. (LWSS Kothi Kotli) to 100 KVA.,Works,Open Tender,Percentage,Electrical Works,,No,No,"2,36,342",25-May-2023 05:00 PM,180,No,Online,,,1,14-Jun-2023 11:15 AM,assessment,Price Bid Opening Date,,"238,705",,HPSEBL,2023-2024
ocds-kjhdrl-2023_HPSEB_73903_1,tender,tender,1,2024-11-08,2023_HPSEB_73903_1,HPSEBL/RELPHD/DB-10/ 2023-24-003,Tender for Repair of turbine servomotor along with its testing for any type of leakage at hydraulic pressure of 60kgfcm2 of 3 X 42 MW Larji power house,Works,Limited,Percentage,Repair and Maintenance Works,,No,No,"4,98,500",25-May-2023 05:00 PM,90,No,Online,,,1,14-Jun-2023 03:30 PM,assessment,Price Bid Opening Date,,"489,249",,HPSEBL,2023-2024
ocds-kjhdrl-2023_HPSEB_73918_1,tender,tender,1,2024-11-08,2023_HPSEB_73918_1,DED-08/2023-24,DED-08/2023-24,Works,Open Tender,Percentage,Electrical Works,,No,No,"6,23,629",25-May-2023 05:20 PM,90,No,Online,,,1,31-May-2023 03:00 PM,assessment,Price Bid Opening Date,,"650,879",,HPSEBL,2023-2024
ocds-kjhdrl-2023_HPSEB_73921_1,tender,tender,1,2024-11-08,2023_HPSEB_73921_1,AED-07/2023-24,AED-07/2023-24,Services,Open Tender,Percentage,Supply and Erection,,No,No,"3,25,163",26-May-2023 10:00 AM,60,No,Online,,,1,06-Jun-2023 02:00 PM,assessment,Price Bid Opening Date,,"321,751",,HPSEBL,2023-2024
ocds-kjhdrl-2023_HPSEB_73926_1,tender,tender,1,2024-11-08,2023_HPSEB_73926_1,DED-09/2023-24,DED-09/2023-24,Works,Open Tender,Percentage,Electrical Works,,No,No,"4,00,353",25-May-2023 05:35 PM,90,No,Online,,,1,31-May-2023 03:00 PM,assessment,Price Bid Opening Date,,"417,357",,HPSEBL,2023-2024
ocds-kjhdrl-2023_HPSEB_73928_1,tender,tender,1,2024-11-08,2023_HPSEB_73928_1,DED-10/2023-24,DED-10/2023-24,Works,Open Tender,Percentage,Electrical Works,,No,No,"73,887",25-May-2023 05:55 PM,90,No,Online,,,1,31-May-2023 03:00 PM,assessment,Price Bid Opening Date,,"73,024",,HPSEBL,2023-2024
ocds-kjhdrl-2023_HPSEB_73929_1,tender,tender,1,2024-11-08,2023_HPSEB_73929_1,14-2023-24,14-2023-24,Works,Open Tender,Turn-key,Electrical Works,,No,No,"65,36,324",26-May-2023 10:00 AM,180,No,Online,,,1,08-Jun-2023 11:00 AM,assessment,Price Bid Opening Date,,"6,013,418",,HPSEBL,2023-2024
ocds-kjhdrl-2023_HPSEB_73932_1,tender,tender,1,2024-11-08,2023_HPSEB_73932_1,15-2023-24,15-2023-24,Services,Open Tender,Turn-key,Hotel/ Catering,,No,No,"68,27,934",26-May-2023 10:00 AM,600,No,Online,,,1,14-Jun-2023 11:30 AM,assessment,Price Bid Opening Date,,"3,811,282",,HPSEBL,2023-2024
ocds-kjhdrl-2023_HPSEB_73938_1,tender,tender,1,2024-11-08,2023_HPSEB_73938_1,HPSEBL/TED/NIT-07/2023-24,HPSEBL/TED/NIT-07/2023-24,Services,Open Tender,Percentage,Supply and Erection,,No,No,"2,67,883",26-May-2023 12:00 PM,60,No,Online,,,1,13-Jun-2023 11:30 AM,assessment,Price Bid Opening Date,,"219,664",,HPSEBL,2023-2024
ocds-kjhdrl-2023_HPSEB_73940_1,tender,tender,1,2024-11-08,2023_HPSEB_73940_1,DED-11/2023-24,DED-11/2023-24,Works,Open Tender,Percentage,Electrical Works,,No,No,"1,34,905",26-May-2023 11:00 AM,90,No,Online,,,1,31-May-2023 03:00 PM,assessment,Price Bid Opening Date,,"140,234",,HPSEBL,2023-2024
ocds-kjhdrl-2023_HPSEB_73942_1,tender,tender,1,2024-11-08,2023_HPSEB_73942_1,PED-03/2023-24,PED 03/2023-24,Works,Open Tender,Turn-key,Electrical Works,,No,No,"3,23,110",26-May-2023 04:00 PM,180,No,Online,,,1,05-Jun-2023 11:00 AM,assessment,Price Bid Opening Date,,"335,165",,HPSEBL,2023-2024
ocds-kjhdrl-2023_HPSEB_73946_1,tender,tender,1,2024-11-08,2023_HPSEB_73946_1,PED-04/2023-24,PED 04/2023-24,Works,Open Tender,Turn-key,Electrical Works,,No,No,"1,11,538",26-May-2023 04:00 PM,180,No,Online,,,1,05-Jun-2023 11:00 AM,assessment,Price Bid Opening Date,,"111,482",,HPSEBL,2023-2024
ocds-kjhdrl-2023_HPSEB_73948_1,tender,tender,1,2024-11-08,2023_HPSEB_73948_1,PED-05/2023-24,PED 05/2023-24,Works,Open Tender,Turn-key,Electrical Works,,No,No,"4,42,639",26-May-2023 04:00 PM,180,No,Online,,,1,05-Jun-2023 11:00 AM,assessment,Price Bid Opening Date,,"460,477",,HPSEBL,2023-2024
ocds-kjhdrl-2023_HPSEB_73949_1,tender,tender,1,2024-11-08,2023_HPSEB_73949_1,HPSEBL/TED/NIT-08/2023-24,HPSEBL/TED/NIT-08/2023-24,Services,Open Tender,Percentage,Supply and Erection,,No,No,"2,94,456",26-May-2023 12:15 PM,60,No,Online,,,1,13-Jun-2023 11:30 AM,assessment,Price Bid Opening Date,,"229,999",,HPSEBL,2023-2024
ocds-kjhdrl-2023_HPSEB_73952_1,tender,tender,1,2024-11-08,2023_HPSEB_73952_1,PED-06/2023-24,PED 06/2023-24,Works,Open Tender,Turn-key,Electrical Works,,No,No,"7,51,346",26-May-2023 04:00 PM,180,No,Online,,,1,05-Jun-2023 11:00 AM,assessment,Price Bid Opening Date,,"780,955",,HPSEBL,2023-2024
ocds-kjhdrl-2023_HPSEB_73953_1,tender,tender,1,2024-11-08,2023_HPSEB_73953_1,HPSEBL/TED/NIT-09/2023-24,HPSEBL/TED/NIT-09/2023-24,Services,Open Tender,Percentage,Supply and Erection,,No,No,"1,93,183",26-May-2023 12:30 PM,60,No,Online,,,1,13-Jun-2023 11:30 AM,assessment,Price Bid Opening Date,,"158,410",,HPSEBL,2023-2024
ocds-kjhdrl-2023_HPSEB_73954_1,tender,tender,1,2024-11-08,2023_HPSEB_73954_1,HPSEBL/TED/NIT-10/2023-24,HPSEBL/TED/NIT-10/2023-24,Services,Open Tender,Percentage,Supply and Erection,,No,No,"1,03,595",26-May-2023 12:30 PM,60,No,Online,,,1,13-Jun-2023 11:30 AM,assessment,Price Bid Opening Date,,"84,948",,HPSEBL,2023-2024
ocds-kjhdrl-2023_HPSEB_73956_1,tender,tender,1,2024-11-08,2023_HPSEB_73956_1,PED-07/2023-24,PED 07/2023-24,Works,Open Tender,Turn-key,Electrical Works,,No,No,"1,77,042",26-May-2023 04:00 PM,180,No,Online,,,1,05-Jun-2023 11:00 AM,assessment,Price Bid Opening Date,,"183,818",,HPSEBL,2023-2024
ocds-kjhdrl-2023_HPSEB_73961_1,tender,tender,1,2024-11-08,2023_HPSEB_73961_1,PED-08/2023-24,PED 08/2023-24,Works,Open Tender,Turn-key,Electrical Works,,No,No,"1,29,226",26-May-2023 04:00 PM,180,No,Online,,,1,05-Jun-2023 11:00 AM,assessment,Price Bid Opening Date,,"135,561",,HPSEBL,2023-2024
ocds-kjhdrl-2023_HPSEB_73963_1,tender,tender,1,2024-11-08,2023_HPSEB_73963_1,PED-09/2023-24,PED 09/2023-24,Works,Open Tender,Turn-key,Electrical Works,,No,No,"6,21,645",26-May-2023 04:00 PM,180,No,Online,,,1,05-Jun-2023 11:00 AM,assessment,Price Bid Opening Date,,"646,237",,HPSEBL,2023-2024
ocds-kjhdrl-2023_HPSEB_73967_1,tender,tender,1,2024-11-08,2023_HPSEB_73967_1,PED-10/2023-24,PED 10/2023-24,Works,Open Tender,Turn-key,Electrical Works,,No,No,"70,017",26-May-2023 04:00 PM,180,No,Online,,,1,05-Jun-2023 11:00 AM,assessment,Price Bid Opening Date,,"72,740",,HPSEBL,2023-2024
ocds-kjhdrl-2023_HPSEB_73968_1,tender,tender,1,2024-11-08,2023_HPSEB_73968_1,PED-11/2023-24,PED 11/2023-24,Works,Open Tender,Turn-key,Electrical Works,,No,No,"75,107",26-May-2023 04:00 PM,180,No,Online,,,1,05-Jun-2023 11:00 AM,assessment,Price Bid Opening Date,,"75,070",,HPSEBL,2023-2024
ocds-kjhdrl-2023_HPSEB_73995_1,tender,tender,1,2024-11-08,2023_HPSEB_73995_1,1(Press)/2023-24,"Tender for Providing SOP to LWSS Dib Hawani by providing 250 KVA, 11/0.4 KV Sub Station alongwith HT and LT line in (E) Section Panjgain under Electrical Sub Division HPSEBL No.I Bilaspur.",Works,Open Tender,Percentage,Electrical Works,,No,No,,27-May-2023 05:00 PM,120,No,Online,,,1,05-Jun-2023 03:00 PM,assessment,Price Bid Opening Date,,"547,240",,HPSEBL,2023-2024
ocds-kjhdrl-2023_HPSEB_73999_1,tender,tender,1,2024-11-08,2023_HPSEB_73999_1,2(Press)/2023-24,Tender for providing New 100 KVA 11/0.4 KV Sub-Station alongwith HT and LT Line Behal Kandela in (E) Section Raura under Electrical Sub Division HPSEBL No.II Bilaspur,Works,Open Tender,Percentage,Electrical Works,,No,No,,27-May-2023 05:00 PM,120,No,Online,,,1,05-Jun-2023 03:00 PM,assessment,Price Bid Opening Date,,"320,970",,HPSEBL,2023-2024
ocds-kjhdrl-2023_HPSEB_74005_1,tender,tender,1,2024-11-08,2023_HPSEB_74005_1,3(Press)/2023-24,Tender for providing New 63 KVA 11/0.4 KV Sub Station alongwith HT and LT Line (Cheli) at Chanaradi in (E) section Chhakoh under Electrical Sub division HPSEBL Namhol,Works,Open Tender,Percentage,Electrical Works,,No,No,,27-May-2023 05:00 PM,120,No,Online,,,1,08-Jun-2023 03:00 PM,assessment,Price Bid Opening Date,,"485,615",,HPSEBL,2023-2024
ocds-kjhdrl-2023_HPSEB_74032_1,tender,tender,1,2024-11-08,2023_HPSEB_74032_1,SEES/SHIMLA-323/2023-24,SEES/SHIMLA-323/2023-24,Works,Limited,Item Rate,Network /Communication Equipments,,No,No,"4,95,895",27-May-2023 03:30 PM,180,No,Online,,,1,07-Jun-2023 12:00 PM,assessment,Price Bid Opening Date,,"469,935",,HPSEBL,2023-2024
ocds-kjhdrl-2023_HPSEB_74033_1,tender,tender,1,2024-11-08,2023_HPSEB_74033_1,HPSEBL/CMD/WK-24/2023-24-04,Rerouting of damaged sewerage line at back side of Project Sr Secondary school Bhabanagar and minor R/M works of Type-4A quarter and Project Sr Secondary School Bhabanagar.,Works,Open Tender,Item Rate,Civil Works - Buildings,,No,No,"3,71,172",27-May-2023 04:30 PM,120,No,Online,,,1,09-Jun-2023 02:30 PM,assessment,Price Bid Opening Date,,"332,916",,HPSEBL,2023-2024
ocds-kjhdrl-2023_HPSEB_74061_1,tender,tender,1,2024-11-08,2023_HPSEB_74061_1,SEGN/DB-BID-11/2023-24,O and M of Power House,Works,Limited,Item Rate,Repair and Maintenance Works,,No,No,,29-May-2023 10:00 AM,90,No,Online,,,1,05-Jun-2023 11:00 AM,assessment,Price Bid Opening Date,,"958,066",,HPSEBL,2023-2024
ocds-kjhdrl-2023_HPSEB_74063_1,tender,tender,1,2024-11-08,2023_HPSEB_74063_1,SEGN/DB-BID-12/2023-24,O and M of Power House,Works,Limited,Item Rate,Repair and Maintenance Works,,No,No,,29-May-2023 10:00 AM,90,No,Online,,,1,05-Jun-2023 11:00 AM,assessment,Price Bid Opening Date,,"986,244",,HPSEBL,2023-2024
ocds-kjhdrl-2023_HPSEB_74064_1,tender,tender,1,2024-11-08,2023_HPSEB_74064_1,SEGN/DB-BID-13/2023-24,O and M of Power House,Works,Limited,Item Rate,Repair and Maintenance Works,,No,No,,29-May-2023 10:00 AM,90,No,Online,,,1,05-Jun-2023 11:00 AM,assessment,Price Bid Opening Date,,"771,971",,HPSEBL,2023-2024
ocds-kjhdrl-2023_HPSEB_74066_1,tender,tender,1,2024-11-08,2023_HPSEB_74066_1,SEGN/DB-BID-14/2023-24,220KV sub station,Works,Limited,Item Rate,Repair and Maintenance Works,,No,No,,29-May-2023 10:00 AM,90,No,Online,,,1,05-Jun-2023 11:00 AM,assessment,Price Bid Opening Date,,"958,946",,HPSEBL,2023-2024
ocds-kjhdrl-2023_HPSEB_74116_1,tender,tender,1,2024-11-08,2023_HPSEB_74116_1,SEES/SHIMLA-324/2023-24,SEES/SHIMLA-324/2023-24,Works,Limited,Item Rate,Electrical Works,,No,No,"3,54,354",29-May-2023 03:00 PM,180,No,Online,,,1,14-Jun-2023 11:30 AM,assessment,Price Bid Opening Date,,"272,580",,HPSEBL,2023-2024
ocds-kjhdrl-2023_HPSEB_74135_1,tender,tender,1,2024-11-08,2023_HPSEB_74135_1,RE-GPHD/DB-18/2023-24-08,O and M of Giri HEP,Works,Limited,Item Rate,Repair and Maintenance Works,,No,No,,30-May-2023 11:00 AM,180,No,Online,,,1,07-Jun-2023 11:00 AM,assessment,Price Bid Opening Date,,"471,882",,HPSEBL,2023-2024
ocds-kjhdrl-2023_HPSEB_74141_1,tender,tender,1,2024-11-08,2023_HPSEB_74141_1,REGPHD/DB-18/2023-24-09,O and M of GPH,Works,Limited,Item Rate,Repair and Maintenance Works,,No,No,,30-May-2023 11:00 AM,180,No,Online,,,1,07-Jun-2023 11:00 AM,assessment,Price Bid Opening Date,,"496,580",,HPSEBL,2023-2024
ocds-kjhdrl-2023_HPSEB_74144_1,tender,tender,1,2024-11-08,2023_HPSEB_74144_1,REGPHD/DB-18/2023-24-10,O and M of GPH,Works,Limited,Item Rate,Repair and Maintenance Works,,No,No,,30-May-2023 11:00 AM,180,No,Online,,,1,07-Jun-2023 11:00 AM,assessment,Price Bid Opening Date,,"491,361",,HPSEBL,2023-2024
ocds-kjhdrl-2023_HPSEB_74147_1,tender,tender,1,2024-11-08,2023_HPSEB_74147_1,REGPHD/DB-18/2023-24-11,O and M of GPH,Works,Limited,Item Rate,Repair and Maintenance Works,,No,No,,30-May-2023 11:00 AM,180,No,Online,,,1,07-Jun-2023 11:00 AM,assessment,Price Bid Opening Date,,"484,316",,HPSEBL,2023-2024
ocds-kjhdrl-2023_HPSEB_74181_1,tender,tender,1,2024-11-08,2023_HPSEB_74181_1,FED-03/2023-24,FED-03/2023-24,Services,Open Tender,Percentage,Supply and Erection,,No,No,,31-May-2023 09:00 AM,180,No,Online,,,1,12-Jun-2023 11:30 AM,assessment,Price Bid Opening Date,,"264,888",,HPSEBL,2023-2024
ocds-kjhdrl-2023_HPSEB_74188_1,tender,tender,1,2024-11-08,2023_HPSEB_74188_1,FED-04/2023-24,FED-04/2023-24,Services,Open Tender,Percentage,Supply and Erection,,No,No,,31-May-2023 09:00 AM,180,No,Online,,,1,12-Jun-2023 11:30 AM,assessment,Price Bid Opening Date,,"95,437",,HPSEBL,2023-2024
ocds-kjhdrl-2023_HPSEB_74197_1,tender,tender,1,2024-11-08,2023_HPSEB_74197_1,FED-05/2023-24,FED-05/2023-24,Services,Open Tender,Turn-key,Supply and Erection,,No,No,,31-May-2023 09:00 AM,90,No,Online,,,1,12-Jun-2023 11:30 AM,assessment,Price Bid Opening Date,,"625,749",,HPSEBL,2023-2024
ocds-kjhdrl-2023_HPSEB_74202_1,tender,tender,1,2024-11-08,2023_HPSEB_74202_1,FED-06/2023-24,FED-06/2023-24,Services,Open Tender,Percentage,Supply and Erection,,No,No,,31-May-2023 09:00 AM,180,No,Online,,,1,12-Jun-2023 11:30 AM,assessment,Price Bid Opening Date,,"265,364",,HPSEBL,2023-2024
ocds-kjhdrl-2023_HPSEB_74217_1,tender,tender,1,2024-11-08,2023_HPSEB_74217_1,EDS-15/2023-24,Electrical Work,Works,Limited,Percentage,Electrical Works,,No,No,,30-May-2023 06:00 PM,30,No,Online,,,1,06-Jun-2023 03:00 PM,assessment,Price Bid Opening Date,,"233,549",,HPSEBL,2023-2024
ocds-kjhdrl-2023_HPSEB_74218_1,tender,tender,1,2024-11-08,2023_HPSEB_74218_1,EDS-16/2023-24,Electrical Work,Works,Limited,Percentage,Electrical Works,,No,No,,30-May-2023 06:30 PM,30,No,Online,,,1,06-Jun-2023 03:00 PM,assessment,Price Bid Opening Date,,"146,754",,HPSEBL,2023-2024
ocds-kjhdrl-2023_HPSEB_74219_1,tender,tender,1,2024-11-08,2023_HPSEB_74219_1,EDS-17/2023-24,Electrical Work,Works,Limited,Percentage,Electrical Works,,No,No,,30-May-2023 06:30 PM,30,No,Online,,,1,06-Jun-2023 03:00 PM,assessment,Price Bid Opening Date,,"245,153",,HPSEBL,2023-2024
ocds-kjhdrl-2023_HPSEB_74220_1,tender,tender,1,2024-11-08,2023_HPSEB_74220_1,REGPHD/DB-18/2023-24-15,O and M of GPH,Works,Limited,Item Rate,Repair and Maintenance Works,,No,No,,31-May-2023 11:00 AM,180,No,Online,,,1,08-Jun-2023 11:00 AM,assessment,Price Bid Opening Date,,"447,810",,HPSEBL,2023-2024
ocds-kjhdrl-2023_HPSEB_74221_1,tender,tender,1,2024-11-08,2023_HPSEB_74221_1,REGPHD/DB-18/2023-24-16,O and M of GPH,Works,Limited,Item Rate,Repair and Maintenance Works,,No,No,,31-May-2023 11:00 AM,180,No,Online,,,1,08-Jun-2023 11:00 AM,assessment,Price Bid Opening Date,,"481,621",,HPSEBL,2023-2024
ocds-kjhdrl-2023_HPSEB_74224_1,tender,tender,1,2024-11-08,2023_HPSEB_74224_1,REGPHD/DB-18/2023-24-19,O and M of GPH,Works,Limited,Item Rate,Repair and Maintenance Works,,No,No,,31-May-2023 11:00 AM,180,No,Online,,,1,08-Jun-2023 11:00 AM,assessment,Price Bid Opening Date,,"495,600",,HPSEBL,2023-2024
ocds-kjhdrl-2023_HPSEB_74230_1,tender,tender,1,2024-11-08,2023_HPSEB_74230_1,02/2023-24,"Tender Providing SOP to Bharat Petroleum Corporation Ltd. C/O M/S Mahajan Service Station Brahmpukhar for EV Charging Station by providing 3 phase LT Line from existing 63 KVA,11/0.4 KV Sub Station at Brahmpukhar 2nd in E section Deoth under ESD HPS",Works,Open Tender,Percentage,Electrical Works,,No,No,,31-May-2023 04:00 PM,120,No,Online,,,1,08-Jun-2023 03:00 PM,assessment,Price Bid Opening Date,,"133,842",,HPSEBL,2023-2024
ocds-kjhdrl-2023_HPSEB_74233_1,tender,tender,1,2024-11-08,2023_HPSEB_74233_1,SEES/SHIMLA-325/2023-24,SEES/SHIMLA-325/2023-24,Works,Limited,Item Rate,Oil/Gas,,No,No,"6,71,715",31-May-2023 12:00 PM,180,No,Online,,,1,07-Jun-2023 11:30 AM,assessment,Price Bid Opening Date,,"531,266",,HPSEBL,2023-2024
ocds-kjhdrl-2023_HPSEB_74235_1,tender,tender,1,2024-11-08,2023_HPSEB_74235_1,SEES/SHIMLA-326/2023-24,SEES/SHIMLA-326/2023-24,Works,Limited,Item Rate,Oil/Gas,,No,No,"9,33,970",31-May-2023 12:00 PM,180,No,Online,,,1,07-Jun-2023 11:30 AM,assessment,Price Bid Opening Date,,"793,875",,HPSEBL,2023-2024
ocds-kjhdrl-2023_HPSEB_74236_1,tender,tender,1,2024-11-08,2023_HPSEB_74236_1,04/2023-24,"Tender for Providing 1 phase LT line extension to left out houses in village Brahmpukhar and S/Area from existing 63 KVA, 11/0.4KV S/stn. Brahmpukhar- 2nd in ( E ) section Deoth under Electrical sub division HPSEBL Namhol.",Works,Open Tender,Percentage,Electrical Works,,No,No,,31-May-2023 04:00 PM,120,No,Online,,,1,08-Jun-2023 03:00 PM,assessment,Price Bid Opening Date,,"58,256",,HPSEBL,2023-2024
ocds-kjhdrl-2023_HPSEB_74251_1,tender,tender,1,2024-11-08,2023_HPSEB_74251_1,NIT 10/2023-24,10/2023-24,Services,Open Tender,Percentage,Supply and Erection,,No,No,"5,35,482",01-Jun-2023 11:00 AM,60,No,Online,,,1,12-Jun-2023 02:00 PM,assessment,Price Bid Opening Date,,"559,579",,HPSEBL,2023-2024
ocds-kjhdrl-2023_HPSEB_74252_1,tender,tender,1,2024-11-08,2023_HPSEB_74252_1,11/2023-24,11/23-24,Services,Open Tender,Percentage,Supply and Erection,,No,No,"5,25,399",01-Jun-2023 11:00 AM,60,No,Online,,,1,12-Jun-2023 02:00 PM,assessment,Price Bid Opening Date,,"546,363",,HPSEBL,2023-2024
ocds-kjhdrl-2023_HPSEB_74255_1,tender,tender,1,2024-11-08,2023_HPSEB_74255_1,12/2023-24,12/2023-24,Services,Open Tender,Percentage,Supply and Erection,,No,No,"5,15,991",01-Jun-2023 11:00 AM,60,No,Online,,,1,12-Jun-2023 02:00 PM,assessment,Price Bid Opening Date,,"534,050",,HPSEBL,2023-2024
ocds-kjhdrl-2023_HPSEB_74258_1,tender,tender,1,2024-11-08,2023_HPSEB_74258_1,13/2023-24,13/2023-24,Services,Open Tender,Percentage,Supply and Erection,,No,No,"4,17,142",01-Jun-2023 11:00 AM,60,No,Online,,,1,12-Jun-2023 02:00 PM,assessment,Price Bid Opening Date,,"433,786",,HPSEBL,2023-2024
ocds-kjhdrl-2023_HPSEB_74261_1,tender,tender,1,2024-11-08,2023_HPSEB_74261_1,14/2023-24,14/2023-24,Services,Open Tender,Percentage,Supply and Erection,,No,No,"7,27,135",01-Jun-2023 11:00 AM,60,No,Online,,,1,12-Jun-2023 02:00 PM,assessment,Price Bid Opening Date,,"684,515",,HPSEBL,2023-2024
ocds-kjhdrl-2023_HPSEB_74263_1,tender,tender,1,2024-11-08,2023_HPSEB_74263_1,15/2023-24,15/2023-24,Services,Open Tender,Percentage,Supply and Erection,,No,No,"4,79,405",01-Jun-2023 11:00 AM,60,No,Online,,,1,12-Jun-2023 02:00 PM,assessment,Price Bid Opening Date,,"498,582",,HPSEBL,2023-2024
ocds-kjhdrl-2023_HPSEB_74265_1,tender,tender,1,2024-11-08,2023_HPSEB_74265_1,16/2023-24,16/2023-24,Services,Open Tender,Percentage,Supply and Erection,,No,No,"3,08,475",01-Jun-2023 11:00 AM,60,No,Online,,,1,12-Jun-2023 02:00 PM,assessment,Price Bid Opening Date,,"320,783",,HPSEBL,2023-2024
ocds-kjhdrl-2023_HPSEB_74276_1,tender,tender,1,2024-11-08,2023_HPSEB_74276_1,EDRMP/DB-Ten/2023-24/1090-96 Dt 31.5.2023,TENDER FOR REPLACEMENT OF ROTTEN WOODEN LT POLES,Works,Limited,Percentage,Electrical Works,,No,No,"1,55,147",01-Jun-2023 01:30 PM,60,No,Online,,,1,08-Jun-2023 03:30 PM,assessment,Price Bid Opening Date,,"153,595",,HPSEBL,2023-2024
ocds-kjhdrl-2023_HPSEB_74298_1,tender,tender,1,2024-11-08,2023_HPSEB_74298_1,UED/16/2023-24,BIDNO16202324,Services,Open Tender,Percentage,Supply and Erection,,No,No,"2,33,745",06-Jun-2023 03:00 PM,90,No,Online,,,1,13-Jun-2023 11:00 AM,assessment,Price Bid Opening Date,,"243,011",,HPSEBL,2023-2024
ocds-kjhdrl-2023_HPSEB_74299_1,tender,tender,1,2024-11-08,2023_HPSEB_74299_1,06/2023-24,06/2023-24,Works,Open Tender,Percentage,Civil Works - Others,,No,No,"3,17,802",02-Jun-2023 09:00 AM,90,No,Online,,,1,15-Jun-2023 12:30 PM,assessment,Price Bid Opening Date,,"301,594",,HPSEBL,2023-2024
ocds-kjhdrl-2023_HPSEB_74354_1,tender,tender,1,2024-11-08,2023_HPSEB_74354_1,MED M-I-27/2023-24,"Tender for SOP to Sanskriti Sadan Building by prov. 11KV HT (D/C), 2X630KVA, 11/.4KV Sub Station , 3 Phase LT line HT Metering equipment at Kangnidhar in Electrical Section Mangwain UESD No.1, Mandi (H.P.) . Sub Head-Tender for re-organisation of HT",Services,Open Tender,Percentage,Supply and Erection,,No,No,"3,76,973",03-Jun-2023 11:00 AM,60,No,Online,,,1,10-Jun-2023 11:00 AM,assessment,Price Bid Opening Date,,"322,312",,HPSEBL,2023-2024
ocds-kjhdrl-2023_HPSEB_74408_1,tender,tender,1,2024-11-08,2023_HPSEB_74408_1,REB/DB-Tender(E)-07/2023-24,Tender for Installation testing and commissioning of CCTV surveillance system in 132 kV Switch Yard 33 kV Switch Yard and security entrance gate of 66 MW Bassi Power House under Bassi Power House Division HPSEBL Jogindernagar,Works,Limited,Item Rate,Electrical Works,,No,No,"2,93,537",02-Jun-2023 04:00 PM,180,No,Online,,,1,08-Jun-2023 11:00 AM,assessment,Price Bid Opening Date,,"285,324",,HPSEBL,2023-2024
ocds-kjhdrl-2023_HPSEB_74424_1,tender,tender,1,2024-11-08,2023_HPSEB_74424_1,HPSEBL/TCD/DB-7/2023-24-367-71,tender for upkeeing and routine maintenance of intake site of thirot HEP in distt lahaul spiti,Services,Open Tender,Turn-key,Miscellaneous Services,,No,No,"3,96,480",02-Jun-2023 05:30 PM,180,No,Online,,,1,13-Jun-2023 12:30 PM,assessment,Price Bid Opening Date,,"347,118",,HPSEBL,2023-2024
ocds-kjhdrl-2023_HPSEB_74445_1,tender,tender,1,2024-11-08,2023_HPSEB_74445_1,AED-10/2023-24,AED-10/2023-24,Services,Limited,Item Wise,Supply and Erection,,No,No,"1,61,174",09-Jun-2023 11:30 AM,60,No,Online,,,1,15-Jun-2023 02:30 PM,assessment,Price Bid Opening Date,,"160,368",,HPSEBL,2023-2024
ocds-kjhdrl-2023_HPSEB_74448_1,tender,tender,1,2024-11-08,2023_HPSEB_74448_1,UED/17/2023-24,BIDNO17202324,Services,Open Tender,Percentage,Supply and Erection,,No,No,"4,43,910",06-Jun-2023 03:00 PM,90,No,Online,,,1,13-Jun-2023 01:00 PM,assessment,Price Bid Opening Date,,"461,508",,HPSEBL,2023-2024
ocds-kjhdrl-2023_HPSEB_74478_2,tender,tender,1,2024-11-08,2023_HPSEB_74478_2,HPSEBL/RE/ GPHDG-06/2023-24,HPSEBL/RE/ GPHDG-06/2023-24,Works,Limited,Item Rate,Civil Works,,No,No,"2,47,658",13-Jun-2023 02:00 PM,180,No,Online,,,1,19-Jun-2023 12:30 PM,assessment,Price Bid Opening Date,,"246,000",,HPSEBL,2023-2024
ocds-kjhdrl-2023_HPSEB_74481_1,tender,tender,1,2024-11-08,2023_HPSEB_74481_1,HPSEBL/TCD/DB-7/2023-24/375-79,tender for upkeeping and routine maintance of intake site,Services,Open Tender,Turn-key,Miscellaneous Services,,No,No,"3,96,480",03-Jun-2023 05:00 PM,180,No,Online,,,1,14-Jun-2023 12:30 PM,assessment,Price Bid Opening Date,,"345,017",,HPSEBL,2023-2024
ocds-kjhdrl-2023_HPSEB_74489_1,tender,tender,1,2024-11-08,2023_HPSEB_74489_1,KPHDD-03/2023-24,"Tender for Day to day cleaning of Intake trench weir trash rack, forebay trash rack and regulation of all gates under the supervision of regular HPSEBL staff time to time around the clock in three shifts at intake site of Khauli Power House with si",Works,Open Tender,Item Rate,Civil Works,,No,No,,05-Jun-2023 12:00 PM,180,No,Online,,,1,19-Jun-2023 01:00 PM,assessment,Price Bid Opening Date,,"148,680",,HPSEBL,2023-2024
ocds-kjhdrl-2023_HPSEB_74493_1,tender,tender,1,2024-11-08,2023_HPSEB_74493_1,OCRB/PS-3 supply order(vol-91)/2023-24-16,"Fabrication of supply of M.S. S/Stn. fitting made of M.S. Channel iron , angle and flat iron suitable for 25 to 250 KVA sub- Station)",Goods,Limited,Item Rate,Supply of Materials,,No,No,"1,50,000",03-Jun-2023 06:00 PM,120,No,Not Applicable,,,1,14-Jun-2023 02:30 PM,assessment,Price Bid Opening Date,,"149,997",,HPSEBL,2023-2024
ocds-kjhdrl-2023_HPSEB_74504_1,tender,tender,1,2024-11-08,2023_HPSEB_74504_1,OCRB/ PS-3 Supply Order (vol-91)/2023-24-17,Cross Bracing SetSuitable for 22KVFabrication and supply of cross bracing set suitable for 22KV made of only TATA/SAIL/Rashtriya ispat MS angle iron 50x50x6 mm having length 1.5 Mtr and 2.8 Mtr.,Goods,Limited,Item Rate,Supply of Materials,,No,No,"1,50,000",03-Jun-2023 06:00 PM,120,No,Not Applicable,,,1,14-Jun-2023 02:30 PM,assessment,Price Bid Opening Date,,"148,321",,HPSEBL,2023-2024
ocds-kjhdrl-2023_HPSEB_74511_1,tender,tender,1,2024-11-08,2023_HPSEB_74511_1,HPSEBL/RELPHD/DB-10/ 2023-24-005,HPSEBL/RELPHD/DB-10/ 2023-24-005,Works,Limited,Percentage,Repair and Maintenance Works,,No,No,,05-Jun-2023 11:00 AM,180,No,Online,,,1,13-Jun-2023 04:00 PM,assessment,Price Bid Opening Date,,"485,147",,HPSEBL,2023-2024
ocds-kjhdrl-2023_HPSEB_74526_1,tender,tender,1,2024-11-08,2023_HPSEB_74526_1,HPSEBL/TED/NIT-11/2023-24,HPSEBL/TED/NIT-11/2023-24,Services,Open Tender,Percentage,Supply and Erection,,No,No,"1,95,487",05-Jun-2023 02:00 PM,60,No,Online,,,1,17-Jun-2023 11:30 AM,assessment,Price Bid Opening Date,,"195,487.35",,HPSEBL,2023-2024
ocds-kjhdrl-2023_HPSEB_74537_2,tender,tender,1,2024-11-08,2023_HPSEB_74537_2,HPSEBL/RE/ GPHDG-07/2023-24,HPSEBL/RE/ GPHDG-07/2023-2024,Works,Open Tender,Item Rate,Civil Works,,No,No,"2,12,280",13-Jun-2023 04:00 PM,180,No,Online,,,1,19-Jun-2023 12:30 PM,assessment,Price Bid Opening Date,,"211,000",,HPSEBL,2023-2024
ocds-kjhdrl-2023_HPSEB_74559_1,tender,tender,1,2024-11-08,2023_HPSEB_74559_1,HPSEBL/RE/ GPHDG-08/2023-24,HPSEBL/RE/ GPHDG-08/2023-2024,Works,Open Tender,Item Rate,Civil Works,,No,No,"2,03,503",06-Jun-2023 12:30 PM,180,No,Online,,,1,15-Jun-2023 11:30 AM,assessment,Price Bid Opening Date,,"152,600",,HPSEBL,2023-2024
ocds-kjhdrl-2023_HPSEB_74563_1,tender,tender,1,2024-11-08,2023_HPSEB_74563_1,NIT 17/2023-24,17/2023-24,Services,Open Tender,Percentage,Supply and Erection,,No,No,"1,99,949",07-Jun-2023 11:00 AM,60,No,Online,,,1,14-Jun-2023 02:00 PM,assessment,Price Bid Opening Date,,"198,949",,HPSEBL,2023-2024
ocds-kjhdrl-2023_HPSEB_74574_1,tender,tender,1,2024-11-08,2023_HPSEB_74574_1,NIT 18/2023-24,18/2023-24,Services,Open Tender,Percentage,Supply and Erection,,No,No,"1,14,873",07-Jun-2023 11:00 AM,60,No,Online,,,1,14-Jun-2023 02:00 PM,assessment,Price Bid Opening Date,,"114,299",,HPSEBL,2023-2024
ocds-kjhdrl-2023_HPSEB_74577_1,tender,tender,1,2024-11-08,2023_HPSEB_74577_1,19/2023-24,19/2023-24,Services,Open Tender,Percentage,Repair and Maintenance Services,,No,No,"1,53,164",07-Jun-2023 11:00 AM,60,No,Online,,,1,14-Jun-2023 02:00 PM,assessment,Price Bid Opening Date,,"152,398",,HPSEBL,2023-2024
ocds-kjhdrl-2023_HPSEB_74578_1,tender,tender,1,2024-11-08,2023_HPSEB_74578_1,20/2023-24,20/2023-24,Services,Open Tender,Percentage,Repair and Maintenance Services,,No,No,"1,60,126",07-Jun-2023 11:00 AM,60,No,Online,,,1,14-Jun-2023 02:00 PM,assessment,Price Bid Opening Date,,"138,509",,HPSEBL,2023-2024
ocds-kjhdrl-2023_HPSEB_74580_1,tender,tender,1,2024-11-08,2023_HPSEB_74580_1,NIT 21/2023-24,21/2023-24,Services,Open Tender,Percentage,Repair and Maintenance Services,,No,No,"1,39,101",07-Jun-2023 11:00 AM,60,No,Online,,,1,14-Jun-2023 02:00 PM,assessment,Price Bid Opening Date,,"130,755",,HPSEBL,2023-2024
ocds-kjhdrl-2023_HPSEB_74583_1,tender,tender,1,2024-11-08,2023_HPSEB_74583_1,SEES/SHIMLA-327/2023-24,SEES/SHIMLA-327/2023-24,Works,Limited,Item Rate,Electrical Works,,No,No,"2,21,764",06-Jun-2023 03:00 PM,180,No,Online,,,1,19-Jun-2023 12:00 PM,assessment,Price Bid Opening Date,,"83,249",,HPSEBL,2023-2024
ocds-kjhdrl-2023_HPSEB_74584_1,tender,tender,1,2024-11-08,2023_HPSEB_74584_1,NIT 22/2023-24,22/2023-24,Services,Open Tender,Percentage,Repair and Maintenance Services,,No,No,"64,051",07-Jun-2023 11:00 AM,60,No,Online,,,1,16-Jun-2023 02:00 PM,assessment,Price Bid Opening Date,,"59,567",,HPSEBL,2023-2024
ocds-kjhdrl-2023_HPSEB_74585_1,tender,tender,1,2024-11-08,2023_HPSEB_74585_1,NIT 23/2023-24,23/2023-24,Services,Open Tender,Percentage,Repair and Maintenance Services,,No,No,"1,48,987",07-Jun-2023 11:00 AM,60,No,Online,,,1,16-Jun-2023 02:00 PM,assessment,Price Bid Opening Date,,"138,558",,HPSEBL,2023-2024
ocds-kjhdrl-2023_HPSEB_74590_1,tender,tender,1,2024-11-08,2023_HPSEB_74590_1,24/2023-24,24/2023-24,Services,Open Tender,Percentage,Repair and Maintenance Services,,No,No,"1,49,335",07-Jun-2023 11:00 AM,60,No,Online,,,1,14-Jun-2023 02:00 PM,assessment,Price Bid Opening Date,,"141,121",,HPSEBL,2023-2024
ocds-kjhdrl-2023_HPSEB_74593_1,tender,tender,1,2024-11-08,2023_HPSEB_74593_1,NIT 25/2023-24,25/2023-24,Services,Open Tender,Percentage,Repair and Maintenance Services,,No,No,"1,63,607",07-Jun-2023 11:00 AM,60,No,Online,,,1,14-Jun-2023 02:00 PM,assessment,Price Bid Opening Date,,"162,298",,HPSEBL,2023-2024
ocds-kjhdrl-2023_HPSEB_74626_1,tender,tender,1,2024-11-08,2023_HPSEB_74626_1,AED-11/2023-24,AED-11/2023-24,Services,Open Tender,Item Rate,Supply and Erection,,No,No,"6,13,234",09-Jun-2023 11:30 AM,60,No,Online,,,1,21-Jun-2023 02:30 PM,assessment,Price Bid Opening Date,,"610,076",,HPSEBL,2023-2024
ocds-kjhdrl-2023_HPSEB_74697_1,tender,tender,1,2024-11-08,2023_HPSEB_74697_1,HPSEBL/RELPHD/DB-10/ 2023-24-007,HPSEBL/RELPHD/DB-10/ 2023-24-007,Works,Limited,Percentage,Miscellaneous Works,,No,No,,08-Jun-2023 11:00 AM,180,No,Online,,,1,16-Jun-2023 04:00 PM,assessment,Price Bid Opening Date,,"984,377",,HPSEBL,2023-2024
ocds-kjhdrl-2023_HPSEB_74904_1,tender,tender,1,2024-11-08,2023_HPSEB_74904_1,1513-17,DED 01/23-24 1513-17 Dt 31-05-2023,Works,Open Tender,Percentage,Miscellaneous Works,,No,No,"4,58,890",13-Jun-2023 02:00 PM,120,No,Online,,,1,19-Jun-2023 11:30 AM,assessment,Price Bid Opening Date,,"413,002.8",,HPSEBL,2023-2024
ocds-kjhdrl-2023_HPSEB_74922_1,tender,tender,1,2024-11-08,2023_HPSEB_74922_1,DB/2023-24-015,RM of Civil works of Larji HEP,Works,Limited,Percentage,Repair and Maintenance Works,,No,No,"2,66,890",14-Jun-2023 04:00 PM,180,No,Online,,,1,21-Jun-2023 03:00 PM,assessment,Price Bid Opening Date,,"265,553",,HPSEBL,2023-2024
ocds-kjhdrl-2023_HPSEB_75055_1,tender,tender,1,2024-11-08,2023_HPSEB_75055_1,KPHDD-04/2023-24,Tender for Protection work near Gate No 2 and 3 at Intake site of Khauli Power House,Works,Open Tender,Item Rate,Civil Works,,No,No,,16-Jun-2023 05:00 PM,180,No,Online,,,1,23-Jun-2023 03:00 PM,assessment,Price Bid Opening Date,,"112,062.83",,HPSEBL,2023-2024
ocds-kjhdrl-2023_HPSEB_75083_1,tender,tender,1,2024-11-08,2023_HPSEB_75083_1,BED-04/2023-24,Tender for Providing cutting and looping of tree branches underneath 33 KV and 11 KV HT lines (two times in a year) at various locations under Electrical Sub Division HPSEBL Baijnath.,Works,Open Tender,Percentage,Miscellaneous Works,,No,No,590.0,17-Jun-2023 10:00 AM,90,No,Online,,,1,23-Jun-2023 11:00 AM,assessment,Price Bid Opening Date,,"109,292",,HPSEBL,2023-2024
ocds-kjhdrl-2023_HPSEB_75102_1,tender,tender,1,2024-11-08,2023_HPSEB_75102_1,BED-09/2023-24,"Providing house hold connection by Ministry of Jal Shakti Har Ghar Nal se Jal under LWSS ladoh IPH Store Panchrukhi for 3Phase LT extension from 11/0.4KV, 250KVA Sub station Barohal under ESD Panchrukhi. T.S. No. 31/2023-24",Works,Open Tender,Percentage,Electrical Works,,No,No,590.0,17-Jun-2023 10:00 AM,60,No,Online,,,1,24-Jun-2023 11:45 AM,assessment,Price Bid Opening Date,,"201,595",,HPSEBL,2023-2024
ocds-kjhdrl-2023_HPSEB_75113_1,tender,tender,1,2024-11-08,2023_HPSEB_75113_1,SEES/SHIMLA-330/2023-24,SEES/SHIMLA-330/2023-24,Works,Limited,Item Rate,Electrical Works,,No,No,"9,94,088",17-Jun-2023 01:00 PM,180,No,Online,,,1,23-Jun-2023 11:30 AM,assessment,Price Bid Opening Date,,"995,840",,HPSEBL,2023-2024
ocds-kjhdrl-2023_IGMC1_68602_1,tender,tender,1,2024-11-08,2023_IGMC1_68602_1,HFW(KNSHMC) Medicine tende /2023-902-04 dt 9.2.23,SUPPLY OF MEDICINES TO KAMLA NEHRU STATE HOSPITAL FOR MOTHER AND CHILD SHIMLA,Goods,Open Tender,Item Wise,Medicines,,No,No,,09-Feb-2023 06:00 PM,120,No,Offline,,,1,03-Mar-2023 12:30 PM,assessment,Price Bid Opening Date,,0.0,,Directorate of Medical Education and Research,2022-2023
ocds-kjhdrl-2023_MC_67070_1,tender,tender,1,2024-11-08,2023_MC_67070_1,16Dated02012023,Construction of proposed Cremation Ground in ward No 10 Tutikandi,Works,Open Tender,Item Rate,Civil Works,,No,No,"11,22,698",07-Jan-2023 05:00 PM,120,No,Offline,,,1,18-Jan-2023 02:00 PM,assessment,Price Bid Opening Date,,"823,462",,Municipal Corporation Shimla,2022-2023
ocds-kjhdrl-2023_MC_67070_2,tender,tender,1,2024-11-08,2023_MC_67070_2,16Dated02012023,Providing and fixing M S Wire Jali on various loactions on existing Nallah at Krishna Nagar ward No 13,Works,Open Tender,Item Rate,Civil Works,,No,No,"18,62,829",07-Jan-2023 05:00 PM,120,No,Offline,,,1,18-Jan-2023 02:00 PM,assessment,Price Bid Opening Date,,"1,433,971",,Municipal Corporation Shimla,2022-2023
ocds-kjhdrl-2023_MC_67070_3,tender,tender,1,2024-11-08,2023_MC_67070_3,16Dated02012023,Providing and laying of Sewerage Line for Gray Water Connectivity in ward No 13 Krishna Nagar,Works,Open Tender,Item Rate,Civil Works,,No,No,"8,35,081",07-Jan-2023 05:00 PM,120,No,Offline,,,1,18-Jan-2023 02:00 PM,assessment,Price Bid Opening Date,,"804,110",,Municipal Corporation Shimla,2022-2023
ocds-kjhdrl-2023_MC_69146_1,tender,tender,1,2024-11-08,2023_MC_69146_1,265Dated14022023,Special Repair of ABC AR Centre of SDBG MC Shimla at Bag in ward No 10 Tutikandi (SH Providing and Laying C C 1 2 4 Steel Work and Distempering etc),Works,Open Tender,Item Rate,Civil Works,,No,No,"7,14,482",17-Feb-2023 05:00 PM,120,No,Offline,,,1,28-Feb-2023 02:00 PM,assessment,Price Bid Opening Date,,"529,270",,Municipal Corporation Shimla,2022-2023
ocds-kjhdrl-2023_MC_69146_10,tender,tender,1,2024-11-08,2023_MC_69146_10,265Dated14022023,Construction of Toilet near Vidhan Sabha Chaura Maidan in ward No 4 Annandale (Balance work),Works,Open Tender,Item Rate,Civil Works,,No,No,"17,75,918",17-Feb-2023 05:00 PM,120,No,Offline,,,1,28-Feb-2023 02:00 PM,assessment,Price Bid Opening Date,,"1,727,087",,Municipal Corporation Shimla,2022-2023
ocds-kjhdrl-2023_MC_69146_13,tender,tender,1,2024-11-08,2023_MC_69146_13,265Dated14022023,Restoration of rain damages on road leading to Petrol Pump Vikas Nagar to Tilak Raj House in ward No 29 (SH Construction of Retaining wall at RD 0 150 to 0 160),Works,Open Tender,Item Rate,Civil Works,,No,No,"3,75,510",17-Feb-2023 05:00 PM,120,No,Offline,,,1,28-Feb-2023 02:00 PM,assessment,Price Bid Opening Date,,"352,365",,Municipal Corporation Shimla,2022-2023
ocds-kjhdrl-2023_MC_69146_4,tender,tender,1,2024-11-08,2023_MC_69146_4,265Dated14022023,Repair and Maintenance of various roads paths parkings in Kasumpti in ward No 27,Works,Open Tender,Item Rate,Civil Works,,No,No,"3,11,021",17-Feb-2023 05:00 PM,120,No,Offline,,,1,28-Feb-2023 02:00 PM,assessment,Price Bid Opening Date,,"286,614",,Municipal Corporation Shimla,2022-2023
ocds-kjhdrl-2023_MC_69146_5,tender,tender,1,2024-11-08,2023_MC_69146_5,265Dated14022023,Balance work for ambulance road from HBC to Rajinder Singh House in ward No 18 (SH Construction of Ambulance road RD 0 0 to 0 026),Works,Open Tender,Item Rate,Civil Works,,No,No,"3,06,035",17-Feb-2023 05:00 PM,120,No,Offline,,,1,28-Feb-2023 02:00 PM,assessment,Price Bid Opening Date,,"246,858",,Municipal Corporation Shimla,2022-2023
ocds-kjhdrl-2023_MC_69146_6,tender,tender,1,2024-11-08,2023_MC_69146_6,265Dated14022023,Balance work of Construction of Community Hall cum parking at Dyrton Estate ward No 34 Khalini,Works,Open Tender,Item Rate,Civil Works,,No,No,"2,75,234",17-Feb-2023 05:00 PM,120,No,Offline,,,1,28-Feb-2023 02:00 PM,assessment,Price Bid Opening Date,,"270,926",,Municipal Corporation Shimla,2022-2023
ocds-kjhdrl-2023_MC_69146_8,tender,tender,1,2024-11-08,2023_MC_69146_8,265Dated14022023,Construction of Nallah from Ravi Dass Colony to Slaughter House Rd 0 085 to 0 140 mtr (SH Construction of RCC Nallah and Providing and Laying MS tiles 8mm thick sheet half round 9 dia) in ward No 13 under AMRUT,Works,Open Tender,Item Rate,Civil Works,,No,No,"11,73,528",17-Feb-2023 05:00 PM,120,No,Offline,,,1,28-Feb-2023 02:00 PM,assessment,Price Bid Opening Date,,"822,069",,Municipal Corporation Shimla,2022-2023
ocds-kjhdrl-2023_MC_69146_9,tender,tender,1,2024-11-08,2023_MC_69146_9,265Dated14022023,Approach road from joining highway to NCC GP HQ Office Building Dunloe Estate NCC GP HQ Shimla (SH Providing and Laying CC 1 5 10 CC 1 2 4 and Chequrered tiles etc),Works,Open Tender,Item Rate,Civil Works,,No,No,"3,77,025",17-Feb-2023 05:00 PM,120,No,Offline,,,1,28-Feb-2023 02:00 PM,assessment,Price Bid Opening Date,,"284,971",,Municipal Corporation Shimla,2022-2023
ocds-kjhdrl-2023_MC_69846_2,tender,tender,1,2024-11-08,2023_MC_69846_2,321Dated22022023,Repair and Maintenance of Room cum Office for Beopar Mandal (Union) Ghora Chowki Kachighati (SH Repair of existing Room) in ward No 8 Boileauganj,Works,Open Tender,Item Rate,Civil Works,,No,No,"2,94,879",28-Feb-2023 12:00 PM,120,No,Offline,,,1,07-Mar-2023 02:00 PM,assessment,Price Bid Opening Date,,"274,268",,Municipal Corporation Shimla,2022-2023
ocds-kjhdrl-2023_MC_69846_3,tender,tender,1,2024-11-08,2023_MC_69846_3,321Dated22022023,Repair and Maintenance of drain from Vintage Coaching Center to Ashiana Regency ward No 28 Chotta Shimla RD 0 100 to 0 160 (Repair and Maintenance of drain Providing and Fixing M S grating etc),Works,Open Tender,Item Rate,Civil Works,,No,No,"4,75,261",28-Feb-2023 12:00 PM,120,No,Offline,,,1,07-Mar-2023 02:00 PM,assessment,Price Bid Opening Date,,"489,600",,Municipal Corporation Shimla,2022-2023
ocds-kjhdrl-2023_MC_69846_6,tender,tender,1,2024-11-08,2023_MC_69846_6,321Dated22022023,Addition Alteration of M C Qtr allotted to Sh Het Ram Mazdoor at Ram Bazar in ward No 14,Works,Open Tender,Item Rate,Civil Works,,No,No,"5,31,219",28-Feb-2023 12:00 PM,120,No,Offline,,,1,07-Mar-2023 02:00 PM,assessment,Price Bid Opening Date,,"519,562",,Municipal Corporation Shimla,2022-2023
ocds-kjhdrl-2023_MC_69846_7,tender,tender,1,2024-11-08,2023_MC_69846_7,321Dated22022023,Addition Alteration of M C Qtr allotted to Sh Khem Raj (Chowkidar) at Ram Bazar in ward No 14,Works,Open Tender,Item Rate,Civil Works,,No,No,"5,31,239",28-Feb-2023 12:00 PM,120,No,Offline,,,1,07-Mar-2023 02:00 PM,assessment,Price Bid Opening Date,,"519,583",,Municipal Corporation Shimla,2022-2023
ocds-kjhdrl-2023_MC_70773_1,tender,tender,1,2024-11-08,2023_MC_70773_1,430Dated06032023,Restoration of rain damages near ARTRAC Entry Gate on the Mall Road leading to Vidhan Sabha road below Kali Bari Temple (SH Construction of Retaining wall Phase II),Works,Open Tender,Item Rate,Civil Works,,No,No,"9,41,089",14-Mar-2023 06:30 PM,120,No,Offline,,,1,23-Mar-2023 03:00 PM,assessment,Price Bid Opening Date,,"879,518",,Municipal Corporation Shimla,2022-2023
ocds-kjhdrl-2023_MC_70773_10,tender,tender,1,2024-11-08,2023_MC_70773_10,430Dated06032023,Construction of road from Chhadha House to HIMUDA Colony Strawberry Hill in ward No 28 Chhotta Shimla near Khachi Niwas (SH Construction of Retaining wall and M S Railings etc),Works,Open Tender,Item Rate,Civil Works,,No,No,"2,67,601",15-Mar-2023 11:20 AM,120,No,Offline,,,1,23-Mar-2023 03:00 PM,assessment,Price Bid Opening Date,,"243,022",,Municipal Corporation Shimla,2022-2023
ocds-kjhdrl-2023_MC_70773_11,tender,tender,1,2024-11-08,2023_MC_70773_11,430Dated06032023,MC Road from Annandale Chowk to Udham Singh Guleria House in ward No 4 (Balance work),Works,Open Tender,Item Rate,Civil Works,,No,No,"9,57,285",15-Mar-2023 11:20 AM,120,No,Offline,,,1,23-Mar-2023 03:00 PM,assessment,Price Bid Opening Date,,"669,981",,Municipal Corporation Shimla,2022-2023
ocds-kjhdrl-2023_MC_70773_12,tender,tender,1,2024-11-08,2023_MC_70773_12,430Dated06032023,Restoration of rain damages on MC path from MC parking to Thakur Niwas ward No 33 Khalini,Works,Open Tender,Item Rate,Civil Works,,No,No,"4,67,642",15-Mar-2023 11:20 AM,120,No,Offline,,,1,23-Mar-2023 03:00 PM,assessment,Price Bid Opening Date,,"357,063",,Municipal Corporation Shimla,2022-2023
ocds-kjhdrl-2023_MC_70773_13,tender,tender,1,2024-11-08,2023_MC_70773_13,430Dated06032023,Widening of road from Pump House to Hotel Palace RD 0 0 to 0 250 in ward No 17 Benmore (SH Cutting Retaining wall in different R D),Works,Open Tender,Item Rate,Civil Works,,No,No,"9,39,420",15-Mar-2023 11:25 AM,120,No,Offline,,,1,23-Mar-2023 03:00 PM,assessment,Price Bid Opening Date,,"889,463",,Municipal Corporation Shimla,2022-2023
ocds-kjhdrl-2023_MC_70773_2,tender,tender,1,2024-11-08,2023_MC_70773_2,430Dated06032023,Special repair and Maintenance of Toilet Block Community Centre at New Shimla ward No 31 Pateog,Works,Open Tender,Item Rate,Civil Works,,No,No,"8,76,198",14-Mar-2023 06:30 PM,120,No,Offline,,,1,23-Mar-2023 03:00 PM,assessment,Price Bid Opening Date,,"619,790",,Municipal Corporation Shimla,2022-2023
ocds-kjhdrl-2023_MC_70773_3,tender,tender,1,2024-11-08,2023_MC_70773_3,430Dated06032023,MC path from Motoworld to Prakash Villa in ward No 25 Malyana,Works,Open Tender,Item Rate,Civil Works,,No,No,"2,80,944",14-Mar-2023 06:30 PM,120,No,Offline,,,1,23-Mar-2023 03:00 PM,assessment,Price Bid Opening Date,,"232,654",,Municipal Corporation Shimla,2022-2023
ocds-kjhdrl-2023_MC_70773_5,tender,tender,1,2024-11-08,2023_MC_70773_5,430Dated06032023,Repair and maintenance of MC Qtr No 230 Suji Line Subji Mandi Shimla,Works,Open Tender,Item Rate,Civil Works,,No,No,"2,22,351",15-Mar-2023 11:00 AM,120,No,Offline,,,1,23-Mar-2023 03:00 PM,assessment,Price Bid Opening Date,,"212,191",,Municipal Corporation Shimla,2022-2023
ocds-kjhdrl-2023_MC_70773_6,tender,tender,1,2024-11-08,2023_MC_70773_6,430Dated06032023,Repair and maintenance of MC Qtr No 216 allotted to Sh Asha Ram Suji Line Subzi Mandir Shimla,Works,Open Tender,Item Rate,Civil Works,,No,No,"1,61,451",15-Mar-2023 11:00 AM,120,No,Offline,,,1,23-Mar-2023 03:00 PM,assessment,Price Bid Opening Date,,"147,436",,Municipal Corporation Shimla,2022-2023
ocds-kjhdrl-2023_MC_70773_7,tender,tender,1,2024-11-08,2023_MC_70773_7,430Dated06032023,Addition alteration of MC Qtr No 1 allotted to Sh Sanjay Kumar Sweeper in ward No 14 at Ram Bazar,Works,Open Tender,Item Rate,Civil Works,,No,No,"5,41,253",15-Mar-2023 11:00 AM,120,No,Offline,,,1,23-Mar-2023 03:00 PM,assessment,Price Bid Opening Date,,"521,526",,Municipal Corporation Shimla,2022-2023
ocds-kjhdrl-2023_MC_70773_8,tender,tender,1,2024-11-08,2023_MC_70773_8,430Dated06032023,Addition alteration of MC Qtr No 8 allotted to Sh Narender Kumar Peon in AP Branch in ward No 14 at Ram Bazar,Works,Open Tender,Item Rate,Civil Works,,No,No,"5,26,324",15-Mar-2023 11:00 AM,120,No,Offline,,,1,23-Mar-2023 03:00 PM,assessment,Price Bid Opening Date,,"507,626",,Municipal Corporation Shimla,2022-2023
ocds-kjhdrl-2023_MC_71604_2,tender,tender,1,2024-11-08,2023_MC_71604_2,556Dated22032023,Restoration of rain damages towards Hill Side of M C Parking near Roshan Tea Stall Jakhu in ward No 16,Works,Open Tender,Item Rate,Civil Works,,No,No,"8,88,403",25-Mar-2023 05:15 PM,120,No,Offline,,,1,05-Apr-2023 03:00 PM,assessment,Price Bid Opening Date,,"784,092",,Municipal Corporation Shimla,2022-2023
ocds-kjhdrl-2023_MC_71604_3,tender,tender,1,2024-11-08,2023_MC_71604_3,556Dated22032023,Restoration of damaged retaining wall near Haritus Cottage Gahan in ward No.23 Bhatta Kuffar (SH Construction of Retaining wall),Works,Open Tender,Item Rate,Civil Works,,No,No,"1,68,479",25-Mar-2023 05:15 PM,120,No,Offline,,,1,05-Apr-2023 03:00 PM,assessment,Price Bid Opening Date,,"150,214",,Municipal Corporation Shimla,2022-2023
ocds-kjhdrl-2023_MC_71604_4,tender,tender,1,2024-11-08,2023_MC_71604_4,556Dated22032023,Ambulance road from NH 205 to Kamna Devi RD 0 0 to 0 450 (Balance Work) in ward No.8 Boileauganj (SH Providing and Laying CC 1 2 4 etc RD 0 110 to 0 360),Works,Open Tender,Item Rate,Civil Works,,No,No,"6,54,193",25-Mar-2023 05:15 PM,120,No,Offline,,,1,05-Apr-2023 03:00 PM,assessment,Price Bid Opening Date,,"653,687",,Municipal Corporation Shimla,2022-2023
ocds-kjhdrl-2023_MC_71604_5,tender,tender,1,2024-11-08,2023_MC_71604_5,556Dated22032023,Construction of Room at Slaughter House Boileauganj ward No 5 Summerhill,Works,Open Tender,Item Rate,Civil Works,,No,No,"7,34,162",25-Mar-2023 05:15 PM,120,No,Offline,,,1,05-Apr-2023 03:00 PM,assessment,Price Bid Opening Date,,"510,395",,Municipal Corporation Shimla,2022-2023
ocds-kjhdrl-2023_MC_71604_7,tender,tender,1,2024-11-08,2023_MC_71604_7,556Dated22032023,Renovation of MC Toilet near Chakkar Chowk in ward No 8 Boileauganj (SH RCC work and brick work etc),Works,Open Tender,Item Rate,Civil Works,,No,No,"23,41,388",25-Mar-2023 05:30 PM,120,No,Offline,,,1,05-Apr-2023 03:00 PM,assessment,Price Bid Opening Date,,"1,685,536",,Municipal Corporation Shimla,2022-2023
ocds-kjhdrl-2023_MC_71604_9,tender,tender,1,2024-11-08,2023_MC_71604_9,556Dated22032023,Restoration of Rain damages on MC road from Baragaon road to Block No 7 11 12 ward No 30 Kangnadhar (SH Balance work of Construction of Retaining wall B wall and removal of slips) RD 0 059 to 0 074 2nd Phase,Works,Open Tender,Item Rate,Civil Works,,No,No,"37,59,158",25-Mar-2023 05:35 PM,120,No,Offline,,,1,05-Apr-2023 03:00 PM,assessment,Price Bid Opening Date,,"2,632,789",,Municipal Corporation Shimla,2022-2023
ocds-kjhdrl-2023_MC_71925_10,tender,tender,1,2024-11-08,2023_MC_71925_10,631Dated29032023,MC Road from Boileauganj Chowk to Summerhill (R D 0 00 to 1 270) in ward no 5 (SH Re Surfacing),Works,Open Tender,Item Rate,Civil Works,,No,No,"19,41,800",04-Apr-2023 06:00 PM,120,No,Offline,,,1,17-Apr-2023 03:00 PM,assessment,Price Bid Opening Date,,"1,416,766",,Municipal Corporation Shimla,2022-2023
ocds-kjhdrl-2023_MC_71925_25,tender,tender,1,2024-11-08,2023_MC_71925_25,631Dated29032023,Re Surfacing of Various roads in ward no 28 (i) Road from Ayurvedic Hospital to Kasumpti (RD 0 000 to 0 750 mtrs) (ii) Road from Ankur day School to Ramesh House via Verma Appartment ( RD 0 000 to 0 600 mtrs) in ward no 28 Chotta Shimla,Works,Open Tender,Item Rate,Civil Works,,No,No,"19,41,800",05-Apr-2023 11:00 AM,120,No,Offline,,,1,17-Apr-2023 03:00 PM,assessment,Price Bid Opening Date,,"1,467,720",,Municipal Corporation Shimla,2022-2023
ocds-kjhdrl-2023_MC_71925_26,tender,tender,1,2024-11-08,2023_MC_71925_26,631Dated29032023,Re Surfacing of various MC road in ward no 28 (i) Road from P K Parking to Pine House (RD 0 000 to 0 550 mtrs) (ii) Road from MC Shops to Houseing Board Colony (RD 0 000 to 0 300 mtrs ),Works,Open Tender,Item Rate,Civil Works,,No,No,"14,56,300",05-Apr-2023 11:00 AM,120,No,Offline,,,1,17-Apr-2023 03:00 PM,assessment,Price Bid Opening Date,,"1,151,599",,Municipal Corporation Shimla,2022-2023
ocds-kjhdrl-2023_MC_71925_28,tender,tender,1,2024-11-08,2023_MC_71925_28,631Dated29032023,Re surfacing of Various MC Roads in ward no 29 (i) Road from Madan Building to Mankotia House (RD 0 0 to 0 200 mtrs) (ii) Road form NH to Kali Mata Mandir (R D 0 0 to 0 300 mtrs),Works,Open Tender,Item Rate,Civil Works,,No,No,"13,59,200",05-Apr-2023 11:00 AM,120,No,Offline,,,1,17-Apr-2023 03:00 PM,assessment,Price Bid Opening Date,,"965,429",,Municipal Corporation Shimla,2022-2023
ocds-kjhdrl-2023_MC_71925_32,tender,tender,1,2024-11-08,2023_MC_71925_32,631Dated29032023,Re Surfacing of various Road in ward No 31 32 New Shimla (i) Road from BCS To JCB School R D 4 200 km (ii) Road from Hand Pump to Amta House R D 0 300,Works,Open Tender,Item Rate,Civil Works,,No,No,"32,99,900",05-Apr-2023 11:30 AM,120,No,Offline,,,1,17-Apr-2023 03:00 PM,assessment,Price Bid Opening Date,,"2,300,418",,Municipal Corporation Shimla,2022-2023
ocds-kjhdrl-2023_MC_71925_33,tender,tender,1,2024-11-08,2023_MC_71925_33,631Dated29032023,M T of road from M C Main road to JCB School R D 0 0 TO 0 400 (SH Providing and Laying G 1 G 2 G 3 and Tarring work New Shimla in ward No 32,Works,Open Tender,Item Rate,Civil Works,,No,No,"9,70,900",05-Apr-2023 11:30 AM,120,No,Offline,,,1,17-Apr-2023 03:00 PM,assessment,Price Bid Opening Date,,"782,049",,Municipal Corporation Shimla,2022-2023
ocds-kjhdrl-2023_MC_71925_34,tender,tender,1,2024-11-08,2023_MC_71925_34,631Dated29032023,Re Surfacing of various Road in ward No 33 Khalini,Works,Open Tender,Item Rate,Civil Works,,No,No,"29,12,000",05-Apr-2023 11:30 AM,120,No,Offline,,,1,17-Apr-2023 03:00 PM,assessment,Price Bid Opening Date,,"2,126,468",,Municipal Corporation Shimla,2022-2023
ocds-kjhdrl-2023_MC_71925_35,tender,tender,1,2024-11-08,2023_MC_71925_35,631Dated29032023,Patch work of various roads and paths in Ward No 1 to 17,Works,Open Tender,Item Rate,Civil Works,,No,No,"24,26,600",05-Apr-2023 11:30 AM,120,No,Offline,,,1,17-Apr-2023 03:00 PM,assessment,Price Bid Opening Date,,"1,816,531",,Municipal Corporation Shimla,2022-2023
ocds-kjhdrl-2023_MC_71966_1,tender,tender,1,2024-11-08,2023_MC_71966_1,634Dated29032023,Repair of Junior Engineer Office of R B Store at Bye pass Phagli,Works,Open Tender,Item Rate,Civil Works,,No,No,"2,98,807",06-Apr-2023 02:00 PM,120,No,Offline,,,1,11-May-2023 03:00 PM,assessment,Price Bid Opening Date,,"278,928",,Municipal Corporation Shimla,2023-2024
ocds-kjhdrl-2023_MC_71966_11,tender,tender,1,2024-11-08,2023_MC_71966_11,634Dated29032023,Repair and maintenance of road and path at CPWD Colony near Sh Mast Ram Dalel House ward No 13,Works,Open Tender,Item Rate,Civil Works,,No,No,"4,54,380",06-Apr-2023 02:00 PM,120,No,Offline,,,1,11-May-2023 03:00 PM,assessment,Price Bid Opening Date,,"421,987",,Municipal Corporation Shimla,2023-2024
ocds-kjhdrl-2023_MC_71966_14,tender,tender,1,2024-11-08,2023_MC_71966_14,634Dated29032023,Restoration of rain damages on various paths roads in ward No 27 Kasumpti,Works,Open Tender,Item Rate,Civil Works,,No,No,"4,70,832",06-Apr-2023 02:00 PM,120,No,Offline,,,1,11-May-2023 03:00 PM,assessment,Price Bid Opening Date,,"434,171",,Municipal Corporation Shimla,2023-2024
ocds-kjhdrl-2023_MC_71966_15,tender,tender,1,2024-11-08,2023_MC_71966_15,634Dated29032023,Construction of Ambulance road leading to JCB School in ward No 32 Sector 3 New Shimla (SH Construction of Culvert and Slab over Nallah),Works,Open Tender,Item Rate,Civil Works,,No,No,"8,22,213",06-Apr-2023 02:00 PM,120,No,Offline,,,1,11-May-2023 03:00 PM,assessment,Price Bid Opening Date,,"575,549",,Municipal Corporation Shimla,2023-2024
ocds-kjhdrl-2023_MC_71966_2,tender,tender,1,2024-11-08,2023_MC_71966_2,634Dated29032023,Construction of Sarai Langar Bhawan at Krishna Nagar,Works,Open Tender,Item Rate,Civil Works,,No,No,"2,97,271",06-Apr-2023 02:00 PM,120,No,Offline,,,1,11-May-2023 03:00 PM,assessment,Price Bid Opening Date,,"295,864",,Municipal Corporation Shimla,2023-2024
ocds-kjhdrl-2023_MC_71966_3,tender,tender,1,2024-11-08,2023_MC_71966_3,634Dated29032023,Providing and fixing Missing Gratting on the Mall Road in ward No 15 (Lower Bazar),Works,Open Tender,Item Rate,Civil Works,,No,No,"5,08,628",06-Apr-2023 02:00 PM,120,No,Offline,,,1,11-May-2023 03:00 PM,assessment,Price Bid Opening Date,,"514,701",,Municipal Corporation Shimla,2023-2024
ocds-kjhdrl-2023_MC_71966_4,tender,tender,1,2024-11-08,2023_MC_71966_4,634Dated29032023,Repair and maintenance of drain abutting the Mall road from Rotary Town Hall to Shimla Club in ward No 15 Phase II,Works,Open Tender,Item Rate,Civil Works,,No,No,"2,88,340",06-Apr-2023 02:00 PM,120,No,Offline,,,1,11-May-2023 03:00 PM,assessment,Price Bid Opening Date,,"284,528",,Municipal Corporation Shimla,2023-2024
ocds-kjhdrl-2023_MC_71966_6,tender,tender,1,2024-11-08,2023_MC_71966_6,634Dated29032023,Repair and maintenance of MC toilet near Charlie Villa in ward No 34 Kanlog,Works,Open Tender,Item Rate,Civil Works,,No,No,"2,08,526",06-Apr-2023 02:00 PM,120,No,Offline,,,1,11-May-2023 03:00 PM,assessment,Price Bid Opening Date,,"194,970",,Municipal Corporation Shimla,2023-2024
ocds-kjhdrl-2023_MC_71966_7,tender,tender,1,2024-11-08,2023_MC_71966_7,634Dated29032023,Repair and maintenance of toilet at BCS Chowk in ward No 31 Pateog,Works,Open Tender,Item Rate,Civil Works,,No,No,"1,98,132",06-Apr-2023 02:00 PM,120,No,Offline,,,1,11-May-2023 03:00 PM,assessment,Price Bid Opening Date,,"147,848",,Municipal Corporation Shimla,2023-2024
ocds-kjhdrl-2023_MC_71966_9,tender,tender,1,2024-11-08,2023_MC_71966_9,634Dated29032023,Special Repair of Quarter allotted to Sh Prakash Chand Sr Asstt Law Branch H No 1 Block No 3 May Field Estate near Lal Pani School in ward No 12,Works,Open Tender,Item Rate,Civil Works,,No,No,"1,69,736",06-Apr-2023 02:00 PM,120,No,Offline,,,1,11-May-2023 03:00 PM,assessment,Price Bid Opening Date,,"149,050",,Municipal Corporation Shimla,2023-2024
ocds-kjhdrl-2023_MC_73359_2,tender,tender,1,2024-11-08,2023_MC_73359_2,920Dated11052023,Balance work Construction of Ambulance road from Royal Regency to Inder Nagar for R D 0 0 to 0 300 (SH Construction of Retaining wall B wall R D 0 250 to 0 300) in ward No 20,Works,Open Tender,Item Rate,Civil Works,,No,No,"5,85,403",16-May-2023 04:00 PM,120,No,Offline,,,1,25-May-2023 03:00 PM,assessment,Price Bid Opening Date,,"493,606",,Municipal Corporation Shimla,2023-2024
ocds-kjhdrl-2023_MC_73359_4,tender,tender,1,2024-11-08,2023_MC_73359_4,920Dated11052023,Repair and Maintenance of Path near Hateshwari Temple in ward No 31 Pateog,Works,Open Tender,Item Rate,Civil Works,,No,No,"3,87,980",16-May-2023 04:00 PM,120,No,Offline,,,1,25-May-2023 03:00 PM,assessment,Price Bid Opening Date,,"304,519",,Municipal Corporation Shimla,2023-2024
ocds-kjhdrl-2023_MC_73359_5,tender,tender,1,2024-11-08,2023_MC_73359_5,920Dated11052023,Construction of Stairs from Hateshwari Temple to Jyoti Bhawan Pateog in ward No 31,Works,Open Tender,Item Rate,Civil Works,,No,No,"2,90,931",16-May-2023 04:00 PM,120,No,Offline,,,1,25-May-2023 03:00 PM,assessment,Price Bid Opening Date,,"221,908",,Municipal Corporation Shimla,2023-2024
ocds-kjhdrl-2023_MC_73359_6,tender,tender,1,2024-11-08,2023_MC_73359_6,920Dated11052023,Balance work of Parking near Middle School Ram Nagar in ward No 12 Phagli,Works,Open Tender,Item Rate,Civil Works,,No,No,"9,03,644",16-May-2023 04:00 PM,120,No,Offline,,,1,25-May-2023 03:00 PM,assessment,Price Bid Opening Date,,"789,006",,Municipal Corporation Shimla,2023-2024
ocds-kjhdrl-2023_MC_73533_4,tender,tender,1,2024-11-08,2023_MC_73533_4,958Dated16052023,Re Surfacing of various road in ward No 4 Anandale Phase II,Works,Open Tender,Item Rate,Civil Works,,No,No,"47,29,000",18-May-2023 05:00 PM,120,No,Offline,,,1,26-May-2023 03:00 PM,assessment,Price Bid Opening Date,,"4,096,040",,Municipal Corporation Shimla,2023-2024
ocds-kjhdrl-2023_MC_73533_8,tender,tender,1,2024-11-08,2023_MC_73533_8,958Dated16052023,Re surfacing of Various road in ward no 16 (Jakhoo) (i) Re Surfacing of MC road from Ridge to Keyman Qtr (ii) Jhodha Niwas to Ley Royal Hotel in ward no 16,Works,Open Tender,Item Rate,Civil Works,,No,No,"31,06,000",18-May-2023 05:00 PM,120,No,Offline,,,1,26-May-2023 03:00 PM,assessment,Price Bid Opening Date,,"2,723,109",,Municipal Corporation Shimla,2023-2024
ocds-kjhdrl-2023_MC_73533_9,tender,tender,1,2024-11-08,2023_MC_73533_9,958Dated16052023,Re Surfacing of Various road in ward no 17 (Benmore) (i) Re Surfacing of MC road from PWD Road to Jakhoo Temple Via Jangle House (ii) Tribunal Court to Flowerdale in ward no 17,Works,Open Tender,Item Rate,Civil Works,,No,No,"19,41,800",18-May-2023 05:00 PM,120,No,Offline,,,1,26-May-2023 03:00 PM,assessment,Price Bid Opening Date,,"1,665,619",,Municipal Corporation Shimla,2023-2024
ocds-kjhdrl-2023_MC_73620_1,tender,tender,1,2024-11-08,2023_MC_73620_1,971Dated17052023,Re-surfacing of various road in ward No. 1 Bharari Phase I,Works,Open Tender,Item Rate,Civil Works,,No,No,"19,41,800",19-May-2023 06:00 PM,120,No,Offline,,,1,30-May-2023 03:00 PM,assessment,Price Bid Opening Date,,"1,582,010",,Municipal Corporation Shimla,2023-2024
ocds-kjhdrl-2023_MC_73620_10,tender,tender,1,2024-11-08,2023_MC_73620_10,971Dated17052023,M T of Various roads in ward no 22 and 23 (i) Cemetery Tunnel to Cemetery Gate (ii) Cemetery Tunnel to Bhattakuffar Gate No 2 (ii) Road to HPPWD Mechanical work to Jai Moti Bhawan,Works,Open Tender,Item Rate,Civil Works,,No,No,"63,09,900",19-May-2023 06:00 PM,120,No,Offline,,,1,30-May-2023 03:00 PM,assessment,Price Bid Opening Date,,"5,540,788",,Municipal Corporation Shimla,2023-2024
ocds-kjhdrl-2023_MC_73620_11,tender,tender,1,2024-11-08,2023_MC_73620_11,971Dated17052023,M T of MC Road from NH 22 to Baba Balak Nath Temple in ward no 24 Sangti (SH Re Surfacing at RD 0 0 to 1 400),Works,Open Tender,Item Rate,Civil Works,,No,No,"19,41,800",19-May-2023 06:00 PM,120,No,Offline,,,1,30-May-2023 03:00 PM,assessment,Price Bid Opening Date,,"1,673,968",,Municipal Corporation Shimla,2023-2024
ocds-kjhdrl-2023_MC_73620_13,tender,tender,1,2024-11-08,2023_MC_73620_13,971Dated17052023,M T of MC Road from link road sangti to Village Shanan upto Bakhrai Temple (RD 0 0 to 1 125) in ward no 24 Sangti,Works,Open Tender,Item Rate,Civil Works,,No,No,"23,77,900",19-May-2023 06:30 PM,120,No,Offline,,,1,30-May-2023 03:00 PM,assessment,Price Bid Opening Date,,"2,009,851",,Municipal Corporation Shimla,2023-2024
ocds-kjhdrl-2023_MC_73620_15,tender,tender,1,2024-11-08,2023_MC_73620_15,971Dated17052023,Re Surfacing of MC Road from NH to Chauhan Niwas Via Fouji building (RD 0 000 to 1 100 mtrs in ward no 29 Vikas Nagar,Works,Open Tender,Item Rate,Civil Works,,No,No,"14,56,300",19-May-2023 06:30 PM,120,No,Offline,,,1,30-May-2023 03:00 PM,assessment,Price Bid Opening Date,,"1,276,473",,Municipal Corporation Shimla,2023-2024
ocds-kjhdrl-2023_MC_73620_16,tender,tender,1,2024-11-08,2023_MC_73620_16,971Dated17052023,Re Surfacing of various road in ward No 30 Kangnadhar R D 0 0 to 3 300 (SH Patch work different R D),Works,Open Tender,Item Rate,Civil Works,,No,No,"24,26,600",19-May-2023 06:30 PM,120,No,Offline,,,1,30-May-2023 03:00 PM,assessment,Price Bid Opening Date,,"2,008,378",,Municipal Corporation Shimla,2023-2024
ocds-kjhdrl-2023_MC_73620_2,tender,tender,1,2024-11-08,2023_MC_73620_2,971Dated17052023,Re surfacing of road from Harvingtoon Chowk to PWD road (Panchvati R D 0 0 to 1 560),Works,Open Tender,Item Rate,Civil Works,,No,No,"24,26,600",19-May-2023 06:00 PM,120,No,Offline,,,1,30-May-2023 03:00 PM,assessment,Price Bid Opening Date,,"1,784,159",,Municipal Corporation Shimla,2023-2024
ocds-kjhdrl-2023_MC_73620_3,tender,tender,1,2024-11-08,2023_MC_73620_3,971Dated17052023,Re surfacing of various road in ward No 4 Annandale Phase I,Works,Open Tender,Item Rate,Civil Works,,No,No,"38,83,000",19-May-2023 06:00 PM,120,No,Offline,,,1,30-May-2023 03:00 PM,assessment,Price Bid Opening Date,,"3,059,833",,Municipal Corporation Shimla,2023-2024
ocds-kjhdrl-2023_MC_73620_4,tender,tender,1,2024-11-08,2023_MC_73620_4,971Dated17052023,MC Road from Boileauganj Shiv Mandir M P Niwas to M I Room Chowk (R D 0 00 to 1 760) in ward no 5,Works,Open Tender,Item Rate,Civil Works,,No,No,"19,41,800",19-May-2023 06:00 PM,120,No,Offline,,,1,30-May-2023 03:00 PM,assessment,Price Bid Opening Date,,"1,673,853",,Municipal Corporation Shimla,2023-2024
ocds-kjhdrl-2023_MC_73620_5,tender,tender,1,2024-11-08,2023_MC_73620_5,971Dated17052023,MC Road from Milap Niwas to Lumba Niwas (RD 0 00 to 0 080) (SH Wearing and Re Surfacing in ward no 5 Summer Hill),Works,Open Tender,Item Rate,Civil Works,,No,No,"19,41,800",19-May-2023 06:00 PM,120,No,Offline,,,1,30-May-2023 03:00 PM,assessment,Price Bid Opening Date,,"1,761,751",,Municipal Corporation Shimla,2023-2024
ocds-kjhdrl-2023_MC_73620_6,tender,tender,1,2024-11-08,2023_MC_73620_6,971Dated17052023,MC Road from Railway Station Summerhill Bilaspur House to MP Niwas R D 0 00 to 0 520 in ward no 5 Summerhill (SH Re Surfacing),Works,Open Tender,Item Rate,Civil Works,,No,No,"10,65,200",19-May-2023 06:00 PM,120,No,Offline,,,1,30-May-2023 03:00 PM,assessment,Price Bid Opening Date,,"941,856",,Municipal Corporation Shimla,2023-2024
ocds-kjhdrl-2023_MC_73620_7,tender,tender,1,2024-11-08,2023_MC_73620_7,971Dated17052023,Re surfacing of various Roads in ward No 10 Tutikandi,Works,Open Tender,Item Rate,Civil Works,,No,No,"29,87,600",19-May-2023 06:00 PM,120,No,Offline,,,1,30-May-2023 03:00 PM,assessment,Price Bid Opening Date,,"2,654,045",,Municipal Corporation Shimla,2023-2024
ocds-kjhdrl-2023_MC_73620_9,tender,tender,1,2024-11-08,2023_MC_73620_9,971Dated17052023,Re surfacing of Various road in ward no 17 (Benmore) (i) Re-Surfacing of MC road from Both Bell to Corner House (ii) Road from Corner House to Sanjauli Chowk in ward no 17,Works,Open Tender,Item Rate,Civil Works,,No,No,"17,95,900",19-May-2023 06:00 PM,120,No,Offline,,,1,30-May-2023 03:00 PM,assessment,Price Bid Opening Date,,"1,580,532",,Municipal Corporation Shimla,2023-2024
ocds-kjhdrl-2023_MC_73730_2,tender,tender,1,2024-11-08,2023_MC_73730_2,982Dated18052023,Restoration of rain damages road from Sarswati Paradise school to below H B Colony Sanjauli (SH Construction of Retaining wall) in ward No 24,Works,Open Tender,Item Rate,Civil Works,,No,No,"8,47,055",23-May-2023 12:00 PM,120,No,Offline,,,1,29-May-2023 03:00 PM,assessment,Price Bid Opening Date,,"807,325",,Municipal Corporation Shimla,2023-2024
ocds-kjhdrl-2023_MPFL_69525_1,tender,tender,1,2024-11-08,2023_MPFL_69525_1,486PI-821-XXV Sr no. 1 and 2,Annual rate contract for the corrugated boxes of Ghee and corrugated boxes of curd,Goods,Open Tender,Item Wise,Food Products,,No,No,"20,00,000",23-Feb-2023 04:00 PM,270,No,Online,,,1,11-Apr-2023 12:00 PM,assessment,Price Bid Opening Date,,"990,500",,Hp State Cooperative Milk Producers Fed Ltd,2022-2023
ocds-kjhdrl-2023_MPFL_69629_1,tender,tender,1,2024-11-08,2023_MPFL_69629_1,486 PI/ 8/21-XXV/SR NO 3,Annual Rate Contract for the PVC PLACTIC TRAY for the Packing of Bakery Biscuits,Goods,Open Tender,Item Rate,Food Products,,No,No,"2,00,00,000",24-Feb-2023 04:00 PM,270,No,Online,,,1,15-Mar-2023 12:00 PM,assessment,Price Bid Opening Date,,"17,993,820",,Hp State Cooperative Milk Producers Fed Ltd,2022-2023
ocds-kjhdrl-2023_MPFL_72193_1,tender,tender,1,2024-11-08,2023_MPFL_72193_1,489 PI 8 20 XXVI,Annual Rate Contract for the purchase of Firewood,Goods,Open Tender,Item Wise,Miscellaneous Goods,,No,No,"80,00,000",12-Apr-2023 04:00 PM,270,No,Online,,,1,10-May-2023 02:00 PM,assessment,Price Bid Opening Date,,"6,072,500",,Hp State Cooperative Milk Producers Fed Ltd,2023-2024
ocds-kjhdrl-2023_MPP0_71295_1,tender,tender,1,2024-11-08,2023_MPP0_71295_1,HPSLDC-08/2022-23,Renewal and replacement of 3 Nos. defective Tower type split Air Conditioner provided in the server room of HPSLDC and providing of additional 1 No. Split type Air Conditioner in the Server room of HPSLDC Control Centre Shimla HP,Goods,Open Tender,Item Rate,Electrical Work/ Equipment,,No,No,"3,91,600",21-Mar-2023 01:00 PM,120,No,Offline,,,1,29-Mar-2023 03:00 PM,assessment,Price Bid Opening Date,,"457,700",,Department of MPP and Power Govt of Himachal Pradesh,2022-2023
ocds-kjhdrl-2023_MPP0_71601_2,tender,tender,1,2024-11-08,2023_MPP0_71601_2,HPSLDC-10/ 2022-23,"Providing CGI Roof Sheet over the Water Storage Tank installed at terrace of control room building to prevent the rain water leakage, distempering painting of stair case wall and Porch and providing ACP cladding on the Porch of HPSLDC building, Totu,",Works,Open Tender,Item Rate,Civil Works,,No,No,"1,56,300",03-Apr-2023 06:00 PM,120,No,Offline,,,1,18-May-2023 03:00 PM,assessment,Price Bid Opening Date,,"147,858",,Department of MPP and Power Govt of Himachal Pradesh,2023-2024
ocds-kjhdrl-2023_PWD_67040_1,tender,tender,1,2024-11-08,2023_PWD_67040_1,NIT No.16958-17017 DT.29-12-2022-Bhawarna,Construction of Room for PSA (Oxygen Plant),Works,Open Tender,Item Rate,Civil Works - Buildings,,No,No,"52,51,339",05-Jan-2023 10:00 AM,75,No,Online,,,1,12-Jan-2023 11:30 AM,assessment,Price Bid Opening Date,,"4,434,485",,PWD,2022-2023
ocds-kjhdrl-2023_PWD_67198_3,tender,tender,1,2024-11-08,2023_PWD_67198_3,PWD-Civil Tanda 16,"Construction of 8 Nos. Type-IV Quarters at Dr. RPGMC and H Tanda in District Kangra, (H.P.). DEPOSIT WORK.(SH-Construction of 8 Nos. Type-IV Quarter including Water Supply and Sanitary Installation.)",Works,Open Tender,Item Rate,Civil Works - Roads,,No,No,"2,62,45,450",21-Jan-2023 03:00 PM,120,No,Online,,,1,27-Jan-2023 11:30 AM,assessment,Price Bid Opening Date,,"24,065,244",,PWD,2022-2023
ocds-kjhdrl-2023_PWD_67210_1,tender,tender,1,2024-11-08,2023_PWD_67210_1,PWD-Civil Tanda 16,Periodic maintenance of Ramehar Tangroti Dhaloon road (HP0408NC0278) under performance based financial incentive for the year 2021-22 in Distt Kangra (HP),Works,Open Tender,Item Wise,Civil Works - Roads,,No,No,"21,34,125",16-Jan-2023 04:00 PM,120,No,Online,,,1,27-Jan-2023 11:30 AM,assessment,Price Bid Opening Date,,"2,205,000",,PWD,2022-2023
ocds-kjhdrl-2023_PWD_67275_1,tender,tender,1,2024-11-08,2023_PWD_67275_1,PW-JND-B and R-EA-I-NIT- 22575-99 dt. 13/01/2023,Construction of 27.50 mtr. span steel truss foot bridge over Rana Khad at Machhyal near Shani Dev Mandir,Works,Open Tender,Item Rate,Civil Works - Bridges,,No,No,"48,20,882",18-Jan-2023 02:00 PM,90,No,Online,,,1,28-Jan-2023 11:30 AM,assessment,Price Bid Opening Date,,"4,413,068",,PWD,2022-2023
ocds-kjhdrl-2023_PWD_67411_17,tender,tender,1,2024-11-08,2023_PWD_67411_17,NAGROTA-AMP-2023-24,Periodic maintenance of Daulatpur Sunhi Sarotari to Kandi road Km 21/000 to 33/100 (HP0408VR0004) (PMGSY Road) under Annual Maintenance Plan for the year 2023-24 in Distt Kangra (HP).,Works,Open Tender,Item Rate,Civil Works - Roads,,No,No,"28,77,921",01-Feb-2023 05:00 PM,120,No,Online,,,1,07-Feb-2023 11:30 AM,assessment,Price Bid Opening Date,,"2,990,115",,PWD,2022-2023
ocds-kjhdrl-2023_PWD_67411_18,tender,tender,1,2024-11-08,2023_PWD_67411_18,NAGROTA-AMP-2023-24,Periodic maintenance of Nagrota to Lakerehri road Km 0/000 to 2/000 (HP0408VR0047) and Kufri Patialkar Khas Thana Chhinwar Rounkhar road Km 0/000 to 5/300 (HP0408NC0340) (PMGSY Road) under Annual Maintenance Plan for the year 2023-24 in Distt Kangra,Works,Open Tender,Item Rate,Civil Works - Roads,,No,No,"26,90,231",01-Feb-2023 05:00 PM,120,No,Online,,,1,07-Feb-2023 11:30 AM,assessment,Price Bid Opening Date,,"2,795,108",,PWD,2022-2023
ocds-kjhdrl-2023_PWD_67411_19,tender,tender,1,2024-11-08,2023_PWD_67411_19,NAGROTA-AMP-2023-24,Periodic maintenance of Nihargalu to Jalot road Km 0/000 to 11/800 (HP0408VR0057) (PMGSY road) under Annual Maintenance Plan for the year 2023-24 in Distt Kangra (HP),Works,Open Tender,Item Rate,Civil Works - Roads,,No,No,"13,76,397",01-Feb-2023 05:00 PM,120,No,Online,,,1,07-Feb-2023 11:30 AM,assessment,Price Bid Opening Date,,"1,430,055",,PWD,2022-2023
ocds-kjhdrl-2023_PWD_67411_20,tender,tender,1,2024-11-08,2023_PWD_67411_20,NAGROTA-AMP-2023-24,Periodic maintenance of Rajhoon to Ulhari road Km 0/000 to 2/025 (HP0408VR0046) (PMGSY Road) under Annual Maintenance Plan for the year 2023-24 in Distt Kangra (HP),Works,Open Tender,Item Rate,Civil Works - Roads,,No,No,"13,59,713",01-Feb-2023 05:00 PM,120,No,Online,,,1,07-Feb-2023 11:30 AM,assessment,Price Bid Opening Date,,"1,412,721",,PWD,2022-2023
ocds-kjhdrl-2023_PWD_67411_21,tender,tender,1,2024-11-08,2023_PWD_67411_21,NAGROTA-AMP-2023-24,Periodic maintenance of Sakrah to Damtehr road Km 0/000 to 6/000 (HP0406VR0060) (PMGSY Road) under Annual Maintenance Plan for the year 2023-24 in Distt Kangra (HP).,Works,Open Tender,Item Rate,Civil Works - Roads,,No,No,"13,66,386",01-Feb-2023 05:00 PM,120,No,Online,,,1,07-Feb-2023 11:30 AM,assessment,Price Bid Opening Date,,"1,419,655",,PWD,2022-2023
ocds-kjhdrl-2023_PWD_67411_22,tender,tender,1,2024-11-08,2023_PWD_67411_22,NAGROTA-AMP-2023-24,Periodic maintenance of Sunehar to Mundla road Km 0/000 to 3/000 (HP0408VR0079) (PMGSY Road) under Annual Maintenance Plan for the year 2023-24 in Distt Kangra (HP).,Works,Open Tender,Item Rate,Civil Works - Roads,,No,No,"13,35,796",01-Feb-2023 05:00 PM,120,No,Online,,,1,07-Feb-2023 11:30 AM,assessment,Price Bid Opening Date,,"1,387,872",,PWD,2022-2023
ocds-kjhdrl-2023_PWD_67411_23,tender,tender,1,2024-11-08,2023_PWD_67411_23,NAGROTA-AMP-2023-24,Periodic maintenance of Tangh Uthragran Ramehar Baldhar Jassour road Km 0/000 to 6/600 (HP0408VR0030) (PMGSY Road) under Annual Maintenance Plan for the year 2023-24 in Distt Kangra (HP),Works,Open Tender,Item Rate,Civil Works - Roads,,No,No,"14,01,422",01-Feb-2023 05:00 PM,120,No,Online,,,1,07-Feb-2023 11:30 AM,assessment,Price Bid Opening Date,,"1,456,056",,PWD,2022-2023
ocds-kjhdrl-2023_PWD_67411_24,tender,tender,1,2024-11-08,2023_PWD_67411_24,NAGROTA-AMP-2023-24,Periodic maintenance of Busal Naryalkar Sipanpatt Baroh road (HP0406VR0306) (Village Road) under Annual Maintenance Plan for the year 2023-24 in Distt Kangra (HP),Works,Open Tender,Item Rate,Civil Works - Roads,,No,No,"60,14,298",01-Feb-2023 05:00 PM,120,No,Online,,,1,07-Feb-2023 11:30 AM,assessment,Price Bid Opening Date,,"6,248,761",,PWD,2022-2023
ocds-kjhdrl-2023_PWD_67411_25,tender,tender,1,2024-11-08,2023_PWD_67411_25,NAGROTA-AMP-2023-24,Periodic maintenance of Busal to Kharat Khas road (HP0406NC0305) (Village Road) under Annual Maintenance Plan for the year 2023-24 in Distt Kangra (HP),Works,Open Tender,Item Rate,Civil Works - Roads,,No,No,"13,13,834",01-Feb-2023 05:00 PM,120,No,Online,,,1,07-Feb-2023 11:30 AM,assessment,Price Bid Opening Date,,"1,365,053",,PWD,2022-2023
ocds-kjhdrl-2023_PWD_67411_26,tender,tender,1,2024-11-08,2023_PWD_67411_26,NAGROTA-AMP-2023-24,Periodic maintenance of Khabal Kholi Kharat Jandrah Dola Kardiana road (HP0406VR0168) (Village Road) under Annual Maintenance Plan for the year 2023-24 in Distt Kangra (HP),Works,Open Tender,Item Rate,Civil Works - Roads,,No,No,"13,35,796",01-Feb-2023 05:00 PM,120,No,Online,,,1,07-Feb-2023 11:30 AM,assessment,Price Bid Opening Date,,"1,387,872",,PWD,2022-2023
ocds-kjhdrl-2023_PWD_67411_29,tender,tender,1,2024-11-08,2023_PWD_67411_29,NAGROTA-AMP-2023-24,Periodic maintenance of link road Pandol Kerta road (HP0406NC0318) (Village Road) under Annual Maintenance Plan for the year 2023-24 in Distt Kangra (HP),Works,Open Tender,Item Rate,Civil Works - Roads,,No,No,"35,08,001",01-Feb-2023 05:30 PM,120,No,Online,,,1,07-Feb-2023 11:30 AM,assessment,Price Bid Opening Date,,"3,644,758",,PWD,2022-2023
ocds-kjhdrl-2023_PWD_67411_30,tender,tender,1,2024-11-08,2023_PWD_67411_30,NAGROTA-AMP-2023-24,Periodic maintenance of Dadh to Suvidha Complex road (HP0406NC0288) (Village Road) under Annual Maintenance Plan for the year 2023-24 in Distt Kangra (HP,Works,Open Tender,Item Rate,Civil Works - Roads,,No,No,"14,01,422",01-Feb-2023 05:30 PM,120,No,Online,,,1,07-Feb-2023 11:30 AM,assessment,Price Bid Opening Date,,"1,416,240",,PWD,2022-2023
ocds-kjhdrl-2023_PWD_67411_31,tender,tender,1,2024-11-08,2023_PWD_67411_31,NAGROTA-AMP-2023-24,Periodic maintenance of Hachchik Bag Rani Ka Bhroh road (HP0406VR0205) (Village Road) under Annual Maintenance Plan for the year 2023-24 in Distt Kangra (HP).,Works,Open Tender,Item Rate,Civil Works - Roads,,No,No,"27,81,013",01-Feb-2023 05:35 PM,120,No,Online,,,1,07-Feb-2023 11:30 AM,assessment,Price Bid Opening Date,,"2,889,429",,PWD,2022-2023
ocds-kjhdrl-2023_PWD_67411_32,tender,tender,1,2024-11-08,2023_PWD_67411_32,NAGROTA-AMP-2023-24,Periodic maintenance of Baroh Temple to Kharat Via Kanoongo House road (HP0406NC0207) (Village Road) under Annual Maintenance Plan for the year 2023-24 in Distt Kangra (HP).,Works,Open Tender,Item Rate,Civil Works - Roads,,No,No,"42,74,338",01-Feb-2023 05:45 PM,120,No,Online,,,1,07-Feb-2023 11:30 AM,assessment,Price Bid Opening Date,,"4,440,971",,PWD,2022-2023
ocds-kjhdrl-2023_PWD_67411_33,tender,tender,1,2024-11-08,2023_PWD_67411_33,NAGROTA-AMP-2023-24,Periodic maintenance of Kandi Saruht Uprala road (HP0406VR0064) (Village Road) under Annual Maintenance Plan for the year 2023-24 in Distt Kangra (HP).,Works,Open Tender,Item Rate,Civil Works - Roads,,No,No,"13,75,039",04-Feb-2023 10:40 AM,30,No,Online,,,1,10-Feb-2023 11:30 AM,assessment,Price Bid Opening Date,,"1,428,691",,PWD,2022-2023
ocds-kjhdrl-2023_PWD_67411_35,tender,tender,1,2024-11-08,2023_PWD_67411_35,NAGROTA-AMP-2023-24,Periodic maintenance of link road to Village Luhna Academy road (HP0406NC0241) (Village Road) under Annual Maintenance Plan for the year 2023-24 in Distt Kangra (HP).,Works,Open Tender,Item Rate,Civil Works - Roads,,No,No,"13,35,796",17-Feb-2023 12:00 PM,120,No,Online,,,1,23-Feb-2023 11:30 AM,assessment,Price Bid Opening Date,,"1,306,588",,PWD,2022-2023
ocds-kjhdrl-2023_PWD_67414_1,tender,tender,1,2024-11-08,2023_PWD_67414_1,PW-MDI(P)Tender-NIT- 17937-72 dated 16.01.2023,Construction of Police Station building at Padhar Distt. Mandi (H.P.) under Scheme of Modernization of State Police Force 2014-15 (MPF),Works,Open Tender,Percentage,Civil Works - Buildings,,No,No,"2,47,60,552",23-Jan-2023 11:00 AM,120,No,Online,,,1,01-Feb-2023 11:30 AM,assessment,Price Bid Opening Date,,"20,204,603",,PWD,2022-2023
ocds-kjhdrl-2023_PWD_67422_1,tender,tender,1,2024-11-08,2023_PWD_67422_1,No.14804-11 dated 29.12.2022.,"Construction of link road to Village Bhalyani Km. 0/0 to 2/00 under NABARD SH Formation cutting, Retaining wall, Breast wall, cross drainage work, unlined drain, wire crates for dumping, Km. Stone and Setting out RIDF-XXVIII.",Works,Open Tender,Percentage,Civil Works - Roads,,No,No,"2,42,74,630",21-Jan-2023 05:55 PM,90,No,Offline,,,1,01-Feb-2023 10:30 AM,assessment,Price Bid Opening Date,,"16,992,241",,PWD,2022-2023
ocds-kjhdrl-2023_PWD_67442_1,tender,tender,1,2024-11-08,2023_PWD_67442_1,C/O HELIPAD AT BUMBLOO DISTRICT HAMIRPUR HP,C/O HELIPAD AT BUMBLOO DISTRICT HAMIRPUR HP,Works,Open Tender,Percentage,Civil Works - Others,,No,No,"16,43,273",28-Jan-2023 10:30 AM,60,No,Online,,,1,03-Feb-2023 11:30 AM,assessment,Price Bid Opening Date,,"1,579,185",,PWD,2022-2023
ocds-kjhdrl-2023_PWD_67455_1,tender,tender,1,2024-11-08,2023_PWD_67455_1,Electrical Div.No.I PWD Shimla 8461-66 dt.17.01.2,"CO Circuit House at Willys Park Chaura Maidan Shimla-4 SH Providing Additional indoor units, cowl and Gas Charging of units and other accessories etc.",Works,Open Tender,Item Rate,Electrical Works,,No,No,"9,29,350",25-Jan-2023 11:00 AM,90,No,Offline,,,1,01-Feb-2023 11:30 AM,assessment,Price Bid Opening Date,,"965,877",,PWD,2022-2023
ocds-kjhdrl-2023_PWD_67469_1,tender,tender,1,2024-11-08,2023_PWD_67469_1,Electrical Div.No.I PWD Shimla 8461-66 dt.17.01.20,Construction of Primary Health Centre Building Level-II at Jamta Distt. Sirmour H.P SH Providing E.I therein,Works,Open Tender,Item Rate,Electrical Works,,No,No,"6,85,298",24-Jan-2023 05:00 PM,90,No,Offline,,,1,01-Feb-2023 11:30 AM,assessment,Price Bid Opening Date,,"576,930",,PWD,2022-2023
ocds-kjhdrl-2023_PWD_67500_1,tender,tender,1,2024-11-08,2023_PWD_67500_1,Electrical Div.No.I PWD Shimla 8461-66 dt.17.01.20,Providing Staff for running of electrical enquiry in Residential Non Residential Building District Court Complex at Chakkar Shimla for the year 2023-24 w.e.f 01-02-2023 to 31-01-2024,Works,Open Tender,Item Rate,Electrical Works,,No,No,"3,57,168",27-Jan-2023 10:00 AM,90,No,Offline,,,1,03-Feb-2023 11:30 AM,assessment,Price Bid Opening Date,,"282,000",,PWD,2022-2023
ocds-kjhdrl-2023_PWD_67515_1,tender,tender,1,2024-11-08,2023_PWD_67515_1,pw-nhc-ea-tender-22-23 5571-5610 dt. 17.1.23,Restoration of rain damages on Chakki- Banikhet Chamba Bharmour road NH154-A Km 106/0 TO 172/0 ( SH C/o P.C.C R/wall at RD 138/630 TO 138/650 Under FDR 2022-23 .,Works,Open Tender,Item Rate,Civil Works - Roads,,No,No,"44,62,491",27-Jan-2023 11:00 AM,75,No,Online,,,1,09-Feb-2023 11:30 AM,assessment,Price Bid Opening Date,,"3,126,405",,PWD,2022-2023
ocds-kjhdrl-2023_PWD_67520_1,tender,tender,1,2024-11-08,2023_PWD_67520_1,"ANNUAL MAINTENANCE PLAN ON SOUR TO DAIN ROAD,","ANNUAL MAINTENANCE PLAN ON SOUR TO DAIN ROAD, SANGIANA DA TIYALA TO LAKOH ROAD, MASLANA BHUTLAR ROAD",Works,Open Tender,Percentage,Civil Works - Roads,,No,No,"82,84,404",28-Jan-2023 10:30 AM,60,No,Online,,,1,08-Feb-2023 11:30 AM,assessment,Price Bid Opening Date,,"7,642,766",,PWD,2022-2023
ocds-kjhdrl-2023_PWD_67526_1,tender,tender,1,2024-11-08,2023_PWD_67526_1,NIT No.18132-191 DT.21-01-2023-Bhawarna,Providing and laying Annual Surfacing (Periodic Maintenance) on Arla Khas to Saloh road in Km 0/0 to 2/0 under PMGSY roads for the year 2023-24 in the state of HP,Works,Open Tender,Item Rate,Civil Works - Roads,,No,No,"38,24,272",24-Jan-2023 01:00 PM,75,No,Online,,,1,06-Feb-2023 11:30 AM,assessment,Price Bid Opening Date,,"3,840,100",,PWD,2022-2023
ocds-kjhdrl-2023_PWD_67529_1,tender,tender,1,2024-11-08,2023_PWD_67529_1,ANNUAL MAINTENANCE PLAN ON BIJHARI CHALSAI GHANGOT,"ANNUAL MAINTENANCE PLAN ON BIJHARI CHALSAI GHANGOT ROAD, CHAKMOH TO SATHWIN ROAD",Works,Open Tender,Percentage,Civil Works - Roads,,No,No,"83,11,555",28-Jan-2023 10:30 AM,60,No,Online,,,1,08-Feb-2023 11:30 AM,assessment,Price Bid Opening Date,,"7,642,766",,PWD,2022-2023
ocds-kjhdrl-2023_PWD_67530_1,tender,tender,1,2024-11-08,2023_PWD_67530_1,NIT No.18132-191 DT.21-01-2023-Bhawarna,Providing and laying Annual Surfacing (Periodic Maintenance) on Link road to village Malahoo in Km 0/00 to 1/00 under PMGSY roads for the year 2023-24 in the state of HP,Works,Open Tender,Item Rate,Civil Works - Roads,,No,No,"14,83,440",24-Jan-2023 01:00 PM,75,No,Online,,,1,06-Feb-2023 11:30 AM,assessment,Price Bid Opening Date,,"1,548,600",,PWD,2022-2023
ocds-kjhdrl-2023_PWD_67532_1,tender,tender,1,2024-11-08,2023_PWD_67532_1,NIT No.18132-191 DT.21-01-2023-Bhawarna,Providing and laying Annual Surfacing (Periodic Maintenance) on Matehar to Baluhi road in Km 0/500 to 1/00 under PMGSY roads for the year 2023-24 in the state of HP,Works,Open Tender,Item Rate,Civil Works - Roads,,No,No,"6,85,724",24-Jan-2023 01:00 PM,75,No,Online,,,1,06-Feb-2023 11:30 AM,assessment,Price Bid Opening Date,,"679,000",,PWD,2022-2023
ocds-kjhdrl-2023_PWD_67533_1,tender,tender,1,2024-11-08,2023_PWD_67533_1,NIT No.18132-191 DT.21-01-2023-Bhawarna,Providing and laying Annual Surfacing (Periodic Maintenance) on Up-gradation of road from Dhar Lahr Langa to Garela Kalan in Km 6/0 to 8/0 under PMGSY roads for the year 2023-24 in the state of HP,Works,Open Tender,Item Rate,Civil Works - Roads,,No,No,"29,12,621",24-Jan-2023 01:00 PM,75,No,Online,,,1,06-Feb-2023 11:30 AM,assessment,Price Bid Opening Date,,"3,090,000",,PWD,2022-2023
ocds-kjhdrl-2023_PWD_67534_1,tender,tender,1,2024-11-08,2023_PWD_67534_1,ANNUAL MAINTENANCE PLAN ON LINK ROAD TO VILLAGE GH,"ANNUAL MAINTENANCE PLAN ON LINK ROAD TO VILLAGE GHUMARWIN, DARKOTI JHANJIANI MASLANA KHURD AND LINK ROAD TO BIAR KHURD",Works,Open Tender,Percentage,Civil Works - Roads,,No,No,"75,18,073",28-Jan-2023 10:30 AM,60,No,Online,,,1,08-Feb-2023 11:30 AM,assessment,Price Bid Opening Date,,"6,942,069",,PWD,2022-2023
ocds-kjhdrl-2023_PWD_67541_1,tender,tender,1,2024-11-08,2023_PWD_67541_1,NIT No.18132-191 DT.21-01-2023-Bhawarna,Providing and laying Annual Surfacing (Periodic Maintenance) on Bairghatta to Sanhoon road in Km 5/0 to 6/0 under PMGSY roads for the year 2023-24 in the state of HP,Works,Open Tender,Item Rate,Civil Works - Roads,,No,No,"13,26,865",24-Jan-2023 01:00 PM,75,No,Online,,,1,06-Feb-2023 11:30 AM,assessment,Price Bid Opening Date,,"1,349,000",,PWD,2022-2023
ocds-kjhdrl-2023_PWD_67545_1,tender,tender,1,2024-11-08,2023_PWD_67545_1,NIT No.18132-191 DT.21-01-2023-Bhawarna,Providing and laying Annual Surfacing (Periodic Maintenance) on Bhawarna to Khaira Alampur road in Km 4/0 to 6/0 under Rural roads for the year 2023-24 in the state of HP,Works,Open Tender,Item Rate,Civil Works - Roads,,No,No,"58,78,957",24-Jan-2023 01:00 PM,75,No,Online,,,1,06-Feb-2023 11:30 AM,assessment,Price Bid Opening Date,,"6,176,000",,PWD,2022-2023
ocds-kjhdrl-2023_PWD_67547_1,tender,tender,1,2024-11-08,2023_PWD_67547_1,NIT No.18132-191 DT.21-01-2023-Bhawarna,Providing and laying Annual Surfacing (Periodic Maintenance) on Thandol to Bhoura road in Km 0/0 to 1/0 under Rural roads for the year 2023-24 in the state of HP,Works,Open Tender,Item Rate,Civil Works - Roads,,No,No,"14,76,810",24-Jan-2023 01:00 PM,75,No,Online,,,1,06-Feb-2023 11:30 AM,assessment,Price Bid Opening Date,,"1,478,900",,PWD,2022-2023
ocds-kjhdrl-2023_PWD_67561_1,tender,tender,1,2024-11-08,2023_PWD_67561_1,NIT No.18132-191 DT.21-01-2023-Bhawarna,Providing and laying Annual Surfacing (Periodic Maintenance) on Darang Ghaneta Jharet road in Km 2/0 to 3/0 under Rural roads for the year 2023-24 in the state of HP,Works,Open Tender,Item Rate,Civil Works - Roads,,No,No,"14,91,254",24-Jan-2023 04:00 PM,75,No,Online,,,1,06-Feb-2023 11:30 AM,assessment,Price Bid Opening Date,,"1,478,900",,PWD,2022-2023
ocds-kjhdrl-2023_PWD_67565_1,tender,tender,1,2024-11-08,2023_PWD_67565_1,NIT No.18132-191 DT.21-01-2023-Bhawarna,Providing and laying Annual Surfacing (Periodic Maintenance) on Kalehar Bhamial Chander Hola road in Km 0/0 to 1/500 under Rural roads for the year 2023-24 in the state of HP,Works,Open Tender,Item Rate,Civil Works - Roads,,No,No,"21,95,483",24-Jan-2023 04:00 PM,75,No,Online,,,1,06-Feb-2023 11:30 AM,assessment,Price Bid Opening Date,,"2,217,450",,PWD,2022-2023
ocds-kjhdrl-2023_PWD_67567_1,tender,tender,1,2024-11-08,2023_PWD_67567_1,NIT No.18132-191 DT.21-01-2023-Bhawarna,Providing and laying Annual Surfacing (Periodic Maintenance) on Kiarwan to Saroot road in Km 0/0 to 2/0 under Rural roads for the year 2023-24 in the state of HP,Works,Open Tender,Item Rate,Civil Works - Roads,,No,No,"27,89,634",24-Jan-2023 04:00 PM,75,No,Online,,,1,06-Feb-2023 11:30 AM,assessment,Price Bid Opening Date,,"2,808,650",,PWD,2022-2023
ocds-kjhdrl-2023_PWD_67571_1,tender,tender,1,2024-11-08,2023_PWD_67571_1,NIT No.18132-191 DT.21-01-2023-Bhawarna,Providing and laying Annual Surfacing (Periodic Maintenance) on Naura to Kiarwan road in Km 3/0 to 3/350 under Rural roads for the year 2023-24 in the state of HP,Works,Open Tender,Item Rate,Civil Works - Roads,,No,No,"5,87,146",24-Jan-2023 04:00 PM,75,No,Online,,,1,06-Feb-2023 11:30 AM,assessment,Price Bid Opening Date,,"591,200",,PWD,2022-2023
ocds-kjhdrl-2023_PWD_67574_1,tender,tender,1,2024-11-08,2023_PWD_67574_1,NIT No.18132-191 DT.21-01-2023-Bhawarna,Providing and laying Annual Surfacing (Periodic Maintenance) on Naura to Chowki road in Km 0/0 to 1/0 under Rural roads for the year 2023-24 in the state of HP,Works,Open Tender,Item Rate,Civil Works - Roads,,No,No,"13,98,395",24-Jan-2023 04:30 PM,75,No,Online,,,1,06-Feb-2023 11:30 AM,assessment,Price Bid Opening Date,,"1,412,150",,PWD,2022-2023
ocds-kjhdrl-2023_PWD_67575_1,tender,tender,1,2024-11-08,2023_PWD_67575_1,NIT No.18132-191 DT.21-01-2023-Bhawarna,Providing and laying Annual Surfacing (Periodic Maintenance) on Thural to Challah road in Km 3/0 to 4/930 under Rural roads for the year 2023-24 in the state of HP,Works,Open Tender,Item Rate,Civil Works - Roads,,No,No,"27,99,488",24-Jan-2023 04:30 PM,75,No,Online,,,1,06-Feb-2023 11:30 AM,assessment,Price Bid Opening Date,,"2,982,200",,PWD,2022-2023
ocds-kjhdrl-2023_PWD_67577_1,tender,tender,1,2024-11-08,2023_PWD_67577_1,NIT No.18132-191 DT.21-01-2023-Bhawarna,Providing and laying Annual Surfacing (Periodic Maintenance) on Drid to Phangerh road in Km 0/0 to 0/800 under Rural roads for the year 2023-24 in the state of HP,Works,Open Tender,Item Rate,Civil Works - Roads,,No,No,"11,66,298",24-Jan-2023 05:00 PM,75,No,Online,,,1,06-Feb-2023 11:30 AM,assessment,Price Bid Opening Date,,"1,184,200",,PWD,2022-2023
ocds-kjhdrl-2023_PWD_67578_1,tender,tender,1,2024-11-08,2023_PWD_67578_1,NIT No.18132-191 DT.21-01-2023-Bhawarna,Providing and laying Annual Surfacing (Periodic Maintenance) on Duhak to Gharthoon road in Km 0/0 to 1/0 under Rural roads for the year 2023-24 in the state of HP,Works,Open Tender,Item Rate,Civil Works - Roads,,No,No,"12,77,259",24-Jan-2023 05:00 PM,75,No,Online,,,1,06-Feb-2023 11:30 AM,assessment,Price Bid Opening Date,,"1,289,450",,PWD,2022-2023
ocds-kjhdrl-2023_PWD_67580_1,tender,tender,1,2024-11-08,2023_PWD_67580_1,NIT No.18132-191 DT.21-01-2023-Bhawarna,"Providing and laying Annual Surfacing (Periodic Maintenance) on Hamirpur Sujanpur Thural Maranda road in Km 30/0 to 31/0, Km 32/0 to 34/0, Km 37/0 to 39/190, 45/0 to 46/0 and Km 52/510 to 54/0, under MDR road for the year 2023-24 in the state of HP",Works,Open Tender,Item Rate,Civil Works - Roads,,No,No,"1,99,94,111",24-Jan-2023 05:10 PM,75,No,Online,,,1,06-Feb-2023 11:30 AM,assessment,Price Bid Opening Date,,"19,990,148",,PWD,2022-2023
ocds-kjhdrl-2023_PWD_67590_1,tender,tender,1,2024-11-08,2023_PWD_67590_1,Playground at Govt Modern School Amb Under Bharwai,Co Playground at Govt Modern Senior Secondary School at Amb SH Cutting leveling of Hill Phase1 Deposit work,Works,Open Tender,Percentage,Civil Works,,No,No,"7,00,000",25-Jan-2023 09:00 AM,75,No,Online,,,1,31-Jan-2023 11:30 AM,assessment,Price Bid Opening Date,,"490,000",,PWD,2022-2023
ocds-kjhdrl-2023_PWD_67630_1,tender,tender,1,2024-11-08,2023_PWD_67630_1,10036-85 dt.23.1.2023,Annual Maintenance Plan (AMP) of Lunj Sub Division for the year 2023-24 Rural MDR road Ranital to 32 Mile (Kotla) (HP0413MDR088) km.10/0 to 11/0,Works,Open Tender,Item Rate,Civil Works - Roads,,No,No,"24,90,065",28-Jan-2023 09:00 AM,120,No,Online,,,1,06-Feb-2023 11:30 AM,assessment,Price Bid Opening Date,,"2,604,611",,PWD,2022-2023
ocds-kjhdrl-2023_PWD_67630_11,tender,tender,1,2024-11-08,2023_PWD_67630_11,10036-85 dt.23.1.2023,Annual Maintenance Plan (AMP) of Kangra Sub Division for the year 2023-24 Rural road Daulatpur to Janiankar road (HP0406VR056) km.0/0 to 1/0,Works,Open Tender,Item Rate,Civil Works - Roads,,No,No,"12,75,225",28-Jan-2023 09:00 AM,120,No,Online,,,1,06-Feb-2023 11:30 AM,assessment,Price Bid Opening Date,,"1,329,994",,PWD,2022-2023
ocds-kjhdrl-2023_PWD_67630_12,tender,tender,1,2024-11-08,2023_PWD_67630_12,10036-85 dt.23.1.2023,Annual Maintenance Plan (AMP) of Kangra Sub Division for the year 2023-24 Rural road Daulatpur to Janiankar road (HP0406VR056) km.1/0 to 2/0,Works,Open Tender,Item Rate,Civil Works - Roads,,No,No,"12,49,765",28-Jan-2023 09:00 AM,120,No,Online,,,1,06-Feb-2023 11:30 AM,assessment,Price Bid Opening Date,,"1,304,108",,PWD,2022-2023
ocds-kjhdrl-2023_PWD_67630_15,tender,tender,1,2024-11-08,2023_PWD_67630_15,10036-85 dt.23.1.2023,Annual Maintenance Plan (AMP) of Lunj Sub Division for the year 2023-24 Rural road Ghalian to Chhoti Behi (HP0406VR094) km.0/0 to 1/0,Works,Open Tender,Item Rate,Civil Works - Roads,,No,No,"12,69,923",28-Jan-2023 09:00 AM,120,No,Online,,,1,06-Feb-2023 11:30 AM,assessment,Price Bid Opening Date,,"1,328,292",,PWD,2022-2023
ocds-kjhdrl-2023_PWD_67630_16,tender,tender,1,2024-11-08,2023_PWD_67630_16,10036-85 dt.23.1.2023,Annual Maintenance Plan (AMP) of Lunj Sub Division for the year 2023-24 Rural road link road to Kalka Mata (HP0406VR096) km.0/0 to 0/630,Works,Open Tender,Item Rate,Civil Works - Roads,,No,No,"7,74,717",28-Jan-2023 09:00 AM,120,No,Online,,,1,06-Feb-2023 11:30 AM,assessment,Price Bid Opening Date,,"807,769",,PWD,2022-2023
ocds-kjhdrl-2023_PWD_67630_18,tender,tender,1,2024-11-08,2023_PWD_67630_18,10036-85 dt.23.1.2023,Annual Maintenance Plan (AMP) of Lunj Sub Division for the year 2023-24 Rural road Daka Bandla Harizan Basti Kholi road (HP0406VR110) km.0/0 to 1/0,Works,Open Tender,Item Rate,Civil Works - Roads,,No,No,"12,49,765",28-Jan-2023 09:00 AM,120,No,Online,,,1,06-Feb-2023 11:30 AM,assessment,Price Bid Opening Date,,"1,296,885",,PWD,2022-2023
ocds-kjhdrl-2023_PWD_67630_2,tender,tender,1,2024-11-08,2023_PWD_67630_2,10036-85 dt.23.1.2023,Annual Maintenance Plan (AMP) of Lunj Sub Division for the year 2023-24 Rural MDR road Ranital to 32 Mile (Kotla) (HP0413MDR088) km.11/0 to 12/0,Works,Open Tender,Item Rate,Civil Works - Roads,,No,No,"24,01,372",28-Jan-2023 09:00 AM,120,No,Online,,,1,06-Feb-2023 11:30 AM,assessment,Price Bid Opening Date,,"2,512,134",,PWD,2022-2023
ocds-kjhdrl-2023_PWD_67630_20,tender,tender,1,2024-11-08,2023_PWD_67630_20,10036-85 dt.23.1.2023,Annual Maintenance Plan (AMP) of Lunj Sub Division for the year 2023-24 Rural road Ranital to Railway Station (HP0406VR111) km.0/0 to 0/500,Works,Open Tender,Item Rate,Civil Works - Roads,,No,No,"13,98,931",28-Jan-2023 09:00 AM,120,No,Online,,,1,06-Feb-2023 11:30 AM,assessment,Price Bid Opening Date,,"1,463,230",,PWD,2022-2023
ocds-kjhdrl-2023_PWD_67630_27,tender,tender,1,2024-11-08,2023_PWD_67630_27,10036-85 dt.23.1.2023,Annual Maintenance Plan (AMP) of Lunj Sub Division for the year 2023-24 PMGSY Rural road Lunj to Kallar Kourian (Link road Lunj to Kallar via Kapial Kaurian) (HP0406VR078) km.4/0 to 5/0,Works,Open Tender,Item Rate,Civil Works - Roads,,No,No,"12,65,891",28-Jan-2023 09:00 AM,120,No,Online,,,1,06-Feb-2023 11:30 AM,assessment,Price Bid Opening Date,,"1,324,075",,PWD,2022-2023
ocds-kjhdrl-2023_PWD_67630_4,tender,tender,1,2024-11-08,2023_PWD_67630_4,10036-85 dt.23.1.2023,Annual Maintenance Plan (AMP) of Lunj Sub Division for the year 2023-24 Rural MDR road Ranital to 32 Mile (Kotla) (HP0413MDR088) km.13/0 to 14/0,Works,Open Tender,Item Rate,Civil Works - Roads,,No,No,"26,02,947",28-Jan-2023 09:00 AM,120,No,Online,,,1,06-Feb-2023 11:30 AM,assessment,Price Bid Opening Date,,"2,732,801",,PWD,2022-2023
ocds-kjhdrl-2023_PWD_67630_5,tender,tender,1,2024-11-08,2023_PWD_67630_5,10036-85 dt.23.1.2023,Annual Maintenance Plan (AMP) of Lunj Sub Division for the year 2023-24 Rural MDR road Ranital to 32 Mile (Kotla) (HP0413MDR088) km.14/0 to 15/0,Works,Open Tender,Item Rate,Civil Works - Roads,,No,No,"24,94,096",28-Jan-2023 09:00 AM,120,No,Online,,,1,06-Feb-2023 11:30 AM,assessment,Price Bid Opening Date,,"2,618,947",,PWD,2022-2023
ocds-kjhdrl-2023_PWD_67630_6,tender,tender,1,2024-11-08,2023_PWD_67630_6,10036-85 dt.23.1.2023,Annual Maintenance Plan (AMP) of Lunj Sub Division for the year 2023-24 Rural MDR road Ranital to 32 Mile (Kotla) (HP0413MDR088) km.15/0 to 16/0,Works,Open Tender,Item Rate,Civil Works - Roads,,No,No,"26,71,482",28-Jan-2023 09:00 AM,120,No,Online,,,1,06-Feb-2023 11:30 AM,assessment,Price Bid Opening Date,,"2,804,486",,PWD,2022-2023
ocds-kjhdrl-2023_PWD_67630_7,tender,tender,1,2024-11-08,2023_PWD_67630_7,10036-85 dt.23.1.2023,Annual Maintenance Plan (AMP) of Lunj Sub Division for the year 2023-24 Rural MDR road Ranital to 32 Mile (Kotla) (HP0413MDR088) km.16/0 to 17/0,Works,Open Tender,Item Rate,Civil Works - Roads,,No,No,"26,11,010",28-Jan-2023 09:00 AM,120,No,Online,,,1,06-Feb-2023 11:30 AM,assessment,Price Bid Opening Date,,"2,741,234",,PWD,2022-2023
ocds-kjhdrl-2023_PWD_67630_9,tender,tender,1,2024-11-08,2023_PWD_67630_9,10036-85 dt.23.1.2023,Annual Maintenance Plan (AMP) of Kangra Sub Division for the year 2023-24 Rural road Kholi to Simbal Khola (HP0406VR042) km.0/0 to 1/0,Works,Open Tender,Item Rate,Civil Works - Roads,,No,No,"12,46,615",28-Jan-2023 09:00 AM,120,No,Online,,,1,06-Feb-2023 11:30 AM,assessment,Price Bid Opening Date,,"1,299,148",,PWD,2022-2023
ocds-kjhdrl-2023_PWD_67642_2,tender,tender,1,2024-11-08,2023_PWD_67642_2,EE Bharmour No. 18028-18127 dated 06.01.2023,C/O store ( i/c junior Engineer residence on Bharmour to Hadsar road at GalliKatai in Tehsil Bharmour,Works,Open Tender,Item Wise,Civil Works,,No,No,"30,82,540",28-Jan-2023 09:00 AM,75,No,Online,,,1,07-Feb-2023 03:30 PM,assessment,Price Bid Opening Date,,"3,801,195",,PWD,2022-2023
ocds-kjhdrl-2023_PWD_67647_1,tender,tender,1,2024-11-08,2023_PWD_67647_1,Job 1 Construction of 34.55metre RCC Box Cell Br,Job 1 Construction of 34.55metre RCC Box Cell Bridge including approaches over Chandpur Khad at Km. 29-650 on Panjawar Bathri road Sub Head C.O Sub structure and super structure including both side approaches UNDER NABARD RIDF-XXVIII,Works,Open Tender,Item Rate,Civil Works - Bridges,,No,No,"1,64,97,564",30-Jan-2023 10:00 AM,75,No,Online,,,1,10-Feb-2023 11:00 AM,assessment,Price Bid Opening Date,,"17,035,795",,PWD,2022-2023
ocds-kjhdrl-2023_PWD_67651_1,tender,tender,1,2024-11-08,2023_PWD_67651_1,Job 2 Construction of New link road from Lalsingi,"Job 2 Construction of New link road from Lalsingi Baba Beli Ram to Jhalera Near brick kiln from km. 0-0 to 4-170 Sub Head Formation Cutting 5-7 mtr. wide including Retaining wall , Breast wall and toe wall, Cross drainage work and Cement Concrete",Works,Open Tender,Item Rate,Civil Works - Roads,,No,No,"3,15,35,132",30-Jan-2023 10:00 AM,75,No,Online,,,1,10-Feb-2023 11:00 AM,assessment,Price Bid Opening Date,,"22,074,592",,PWD,2022-2023
ocds-kjhdrl-2023_PWD_67689_1,tender,tender,1,2024-11-08,2023_PWD_67689_1,10926-29 dt. 17.01.2023,C/o Link road from Kakrot to Badehar via Bhour Km 0/0 to 1/200,Works,Open Tender,Percentage,Civil Works,,No,No,"28,58,049",28-Jan-2023 05:00 PM,60,No,Online,,,1,06-Feb-2023 11:30 AM,assessment,Price Bid Opening Date,,"2,715,145",,PWD,2022-2023
ocds-kjhdrl-2023_PWD_67723_6,tender,tender,1,2024-11-08,2023_PWD_67723_6,PW-NBT/CB/Tender/2022/14432-38 dated 27.01.2023,Annual Maintenance Plan for year 2023-2024 (Village Roads) C/o link road Thatch Sikroha Neri Jukhala road Km. 0/0 to 2/0 and 3/0 to 6/0 (SH- Providing and lying 30mm thick bituminous concrete) (VR-0092),Works,Open Tender,Percentage,Civil Works,,No,No,"72,47,957",01-Feb-2023 10:00 AM,75,No,Online,,,1,08-Feb-2023 11:30 AM,assessment,Price Bid Opening Date,,"5,870,845",,PWD,2022-2023
ocds-kjhdrl-2023_PWD_67723_9,tender,tender,1,2024-11-08,2023_PWD_67723_9,PW-NBT/CB/Tender/2022/14432-38 dated 27.01.2023,Annual Maintenance Plan for year 2023-2024 (Major District Roads) on Swarghat Naina Devi Ji Bhakra road Km. 18/0 to 20/0 (SH- Providing and lying 30mm thick bituminous concrete) (MDR-0031),Works,Open Tender,Percentage,Civil Works,,No,No,"61,58,580",01-Feb-2023 10:00 AM,75,No,Online,,,1,08-Feb-2023 11:30 AM,assessment,Price Bid Opening Date,,"5,222,476",,PWD,2022-2023
ocds-kjhdrl-2023_PWD_67730_1,tender,tender,1,2024-11-08,2023_PWD_67730_1,dshala14506-45,Periodic Maintenance of Dharamshala - Dadh - Chadiar -Sandol road under AMP 2023-24 MDR Road in Distt. Kangra H.P.,Works,Open Tender,Item Rate,Civil Works - Roads,,No,No,"31,32,150",31-Jan-2023 09:00 AM,75,No,Online,,,1,07-Feb-2023 11:30 AM,assessment,Price Bid Opening Date,,"3,231,400",,PWD,2022-2023
ocds-kjhdrl-2023_PWD_67730_10,tender,tender,1,2024-11-08,2023_PWD_67730_10,dshala14506-45,Periodic Maintenance of Old Charri road under AMP 2023-24 Rural Road in Distt. Kangra H.P.,Works,Open Tender,Item Rate,Civil Works - Roads,,No,No,"5,01,390",31-Jan-2023 09:00 AM,75,No,Online,,,1,07-Feb-2023 11:30 AM,assessment,Price Bid Opening Date,,"518,340",,PWD,2022-2023
ocds-kjhdrl-2023_PWD_67730_11,tender,tender,1,2024-11-08,2023_PWD_67730_11,dshala14506-45,Periodic Maintenance of War Memorial to Cricket Stadium Dharamshala road under AMP 2023-24 Rural Road in Distt. Kangra H.P.,Works,Open Tender,Item Rate,Civil Works - Roads,,No,No,"27,88,438",31-Jan-2023 09:00 AM,75,No,Online,,,1,07-Feb-2023 11:30 AM,assessment,Price Bid Opening Date,,"2,885,699",,PWD,2022-2023
ocds-kjhdrl-2023_PWD_67730_12,tender,tender,1,2024-11-08,2023_PWD_67730_12,dshala14506-45,Periodic Maintenance of Link No. I to officers residential colony in Chirgari road under AMP 2023-24 Rural Road in Distt. Kangra H.P.,Works,Open Tender,Item Rate,Civil Works - Roads,,No,No,"12,56,982",31-Jan-2023 09:00 AM,75,No,Online,,,1,07-Feb-2023 11:30 AM,assessment,Price Bid Opening Date,,"1,300,367",,PWD,2022-2023
ocds-kjhdrl-2023_PWD_67730_13,tender,tender,1,2024-11-08,2023_PWD_67730_13,dshala14506-45,Periodic Maintenance of Link No.II to officers residential colony in Chirgari road under AMP 2023-24 Rural Road in Distt. Kangra H.P.,Works,Open Tender,Item Rate,Civil Works - Roads,,No,No,"6,28,492",31-Jan-2023 09:00 AM,75,No,Online,,,1,07-Feb-2023 11:30 AM,assessment,Price Bid Opening Date,,"650,185",,PWD,2022-2023
ocds-kjhdrl-2023_PWD_67730_14,tender,tender,1,2024-11-08,2023_PWD_67730_14,dshala14506-45,Periodic Maintenance of Chetru Maned Passu Dari road under AMP 2023-24 Rural Road in Distt. Kangra H.P.,Works,Open Tender,Item Rate,Civil Works - Roads,,No,No,"25,96,388",31-Jan-2023 09:00 AM,75,No,Online,,,1,07-Feb-2023 11:30 AM,assessment,Price Bid Opening Date,,"2,686,950",,PWD,2022-2023
ocds-kjhdrl-2023_PWD_67730_15,tender,tender,1,2024-11-08,2023_PWD_67730_15,dshala14506-45,Periodic Maintenance of Salig to Bagiara road under AMP 2023-24 Rural Road in Distt. Kangra H.P.,Works,Open Tender,Item Rate,Civil Works - Roads,,No,No,"41,04,765",31-Jan-2023 09:00 AM,75,No,Online,,,1,07-Feb-2023 11:30 AM,assessment,Price Bid Opening Date,,"4,247,940",,PWD,2022-2023
ocds-kjhdrl-2023_PWD_67730_16,tender,tender,1,2024-11-08,2023_PWD_67730_16,dshala14506-45,Periodic Maintenance of Ankhan Khola Sudhed road under AMP 2023-24 Rural Road in Distt. Kangra H.P.,Works,Open Tender,Item Rate,Civil Works - Roads,,No,No,"25,55,175",31-Jan-2023 09:00 AM,75,No,Online,,,1,07-Feb-2023 11:30 AM,assessment,Price Bid Opening Date,,"2,643,370",,PWD,2022-2023
ocds-kjhdrl-2023_PWD_67730_2,tender,tender,1,2024-11-08,2023_PWD_67730_2,dshala14506-45,Periodic Maintenance /upgradation of road from Sidhpur to Uparli Barol road under AMP 2023-24 PMGSY Road in Distt. Kangra H.P.,Works,Open Tender,Item Rate,Civil Works - Roads,,No,No,"41,04,765",31-Jan-2023 09:00 AM,75,No,Online,,,1,07-Feb-2023 11:30 AM,assessment,Price Bid Opening Date,,"4,247,900",,PWD,2022-2023
ocds-kjhdrl-2023_PWD_67730_3,tender,tender,1,2024-11-08,2023_PWD_67730_3,dshala14506-45,Periodic Maintenance of Yol Dadh Chhatair road under AMP 2023-24 PMGSY Road in Distt. Kangra H.P.,Works,Open Tender,Item Rate,Civil Works - Roads,,No,No,"8,96,784",31-Jan-2023 09:00 AM,75,No,Online,,,1,07-Feb-2023 11:30 AM,assessment,Price Bid Opening Date,,"928,064",,PWD,2022-2023
ocds-kjhdrl-2023_PWD_67730_4,tender,tender,1,2024-11-08,2023_PWD_67730_4,dshala14506-45,Periodic Maintenance of Andrar to Salig road under AMP 2023-24 PMGSY Road in Distt. Kangra H.P.,Works,Open Tender,Item Rate,Civil Works - Roads,,No,No,"7,00,613",31-Jan-2023 09:00 AM,75,No,Online,,,1,07-Feb-2023 11:30 AM,assessment,Price Bid Opening Date,,"724,795",,PWD,2022-2023
ocds-kjhdrl-2023_PWD_67730_5,tender,tender,1,2024-11-08,2023_PWD_67730_5,dshala14506-45,Periodic Maintenance of Sokni Da Kot to Kharota road under AMP 2023-24 PMGSY Road in Distt. Kangra H.P.,Works,Open Tender,Item Rate,Civil Works - Roads,,No,No,"13,35,285",31-Jan-2023 09:00 AM,75,No,Online,,,1,07-Feb-2023 11:30 AM,assessment,Price Bid Opening Date,,"1,381,374",,PWD,2022-2023
ocds-kjhdrl-2023_PWD_67730_6,tender,tender,1,2024-11-08,2023_PWD_67730_6,dshala14506-45,Periodic Maintenance of Dar to Dehru road under AMP 2023-24 PMGSY Road in Distt. Kangra H.P.,Works,Open Tender,Item Rate,Civil Works - Roads,,No,No,"25,55,175",31-Jan-2023 09:00 AM,75,No,Online,,,1,07-Feb-2023 11:30 AM,assessment,Price Bid Opening Date,,"2,644,300",,PWD,2022-2023
ocds-kjhdrl-2023_PWD_67730_7,tender,tender,1,2024-11-08,2023_PWD_67730_7,dshala14506-45,Periodic Maintenance of Samber Lahar to Thathri road under AMP 2023-24 Rural Road in Distt. Kangra H.P.,Works,Open Tender,Item Rate,Civil Works - Roads,,No,No,"5,93,460",31-Jan-2023 09:00 AM,75,No,Online,,,1,07-Feb-2023 11:30 AM,assessment,Price Bid Opening Date,,"613,944",,PWD,2022-2023
ocds-kjhdrl-2023_PWD_67730_8,tender,tender,1,2024-11-08,2023_PWD_67730_8,dshala14506-45,Periodic Maintenance of K.B. Dharamshala to Khaniyara road under AMP 2023-24 Rural Road in Distt. Kangra H.P,Works,Open Tender,Item Rate,Civil Works - Roads,,No,No,"21,11,286",31-Jan-2023 09:00 AM,75,No,Online,,,1,07-Feb-2023 11:30 AM,assessment,Price Bid Opening Date,,"2,184,928",,PWD,2022-2023
ocds-kjhdrl-2023_PWD_67730_9,tender,tender,1,2024-11-08,2023_PWD_67730_9,dshala14506-45,Periodic Maintenance of Naddi Nallah to Village Totarani road under AMP 2023-24 Rural Road in Distt. Kangra H.P,Works,Open Tender,Item Rate,Civil Works - Roads,,No,No,"12,91,602",31-Jan-2023 09:00 AM,75,No,Online,,,1,07-Feb-2023 11:30 AM,assessment,Price Bid Opening Date,,"1,340,884",,PWD,2022-2023
ocds-kjhdrl-2023_PWD_67739_1,tender,tender,1,2024-11-08,2023_PWD_67739_1,PWD-BD-TA-2022-23-18758-18807,Construction of Govt I.T.I. Building at Baijnath (Block -B Workshop).,Works,Open Tender,Percentage,Civil Works - Buildings,,No,No,"3,95,96,435",30-Jan-2023 02:00 PM,90,No,Offline,,,1,10-Feb-2023 12:10 PM,assessment,Price Bid Opening Date,,"41,536,659",,PWD,2022-2023
ocds-kjhdrl-2023_PWD_67762_1,tender,tender,1,2024-11-08,2023_PWD_67762_1,NIT No.18221-80 DT.24-01-2023-Bhawarna,Construction of 6 Nos Type-III Quarters for HPPWD Staff at Bhawarna Distt. Kangra (HP),Works,Open Tender,Item Rate,Civil Works - Buildings,,No,No,"3,58,937",31-Jan-2023 10:00 AM,75,No,Online,,,1,09-Feb-2023 11:30 AM,assessment,Price Bid Opening Date,,"504,032",,PWD,2022-2023
ocds-kjhdrl-2023_PWD_67802_1,tender,tender,1,2024-11-08,2023_PWD_67802_1,PW-SEJNR-Tender-23-15671-15770 dt.30-01-23,MT of Chauntra Chakli Marehar Dohag road Km. 0/0 to 3/255 under RIDF-XXVIII,Works,Open Tender,Percentage,Civil Works - Roads,,No,No,"3,60,02,982",03-Feb-2023 10:00 AM,75,No,Online,,,1,13-Feb-2023 11:30 AM,assessment,Price Bid Opening Date,,"28,805,986",,PWD,2022-2023
ocds-kjhdrl-2023_PWD_67867_1,tender,tender,1,2024-11-08,2023_PWD_67867_1,Job 3 Construction of and M.T of link road Lawana,"Job 3 Construction of and M.T of link road Lawana Basti Ispur, Ispur to Dera Baba Bharthri Damanian G.P. Ispur from km. 0-0 to km. 5-880 Sub Head Formation Cutting 5/7 mtr. Wide including Retaining wall, Breast wall and Toe wall, Cross drainage wo",Works,Open Tender,Item Rate,Civil Works - Roads,,No,No,"6,39,47,443",02-Feb-2023 10:00 AM,75,No,Online,,,1,15-Feb-2023 11:00 AM,assessment,Price Bid Opening Date,,"45,789,393",,PWD,2022-2023
ocds-kjhdrl-2023_PWD_67872_1,tender,tender,1,2024-11-08,2023_PWD_67872_1,Construction of Rajsav Sadan building at Kotla Nal,Construction of Rajsav Sadan building at Kotla Nallah,Works,Open Tender,Item Rate,Civil Works,,No,No,,02-Feb-2023 10:00 AM,90,No,Online,,,1,09-Feb-2023 10:30 AM,assessment,Price Bid Opening Date,,"1,574,630",,PWD,2022-2023
ocds-kjhdrl-2023_PWD_67898_3,tender,tender,1,2024-11-08,2023_PWD_67898_3,PW-NBT/CB/Tender/2022/14505-10 dated 28.01.2023,Construction of Additional Accommodation to HP.PWD Rest House at Namhol (SH- Providing and Laying C.C and 60 mm Thick cobble stone flooring in courtyard),Works,Open Tender,Item Rate,Civil Works,,No,No,"20,22,894",04-Feb-2023 10:00 AM,75,No,Online,,,1,13-Feb-2023 11:30 AM,assessment,Price Bid Opening Date,,"1,416,025",,PWD,2022-2023
ocds-kjhdrl-2023_PWD_67905_1,tender,tender,1,2024-11-08,2023_PWD_67905_1,PW/Bhoranj/TA/2023-11018-21 dt.19.01.2023,Construction of Link road Village Joh to Village Chamboh via Ward No04 - Village Chamboh alongwith 02 Nos Slab Culvert Km 0/0 to 2/945 Under NABARD RIDF-XXVIII,Works,Open Tender,Percentage,Civil Works - Roads,,No,No,"3,43,88,321",02-Feb-2023 03:00 PM,90,No,Online,,,1,13-Feb-2023 11:30 AM,assessment,Price Bid Opening Date,,"30,605,603",,PWD,2022-2023
ocds-kjhdrl-2023_PWD_67943_1,tender,tender,1,2024-11-08,2023_PWD_67943_1,SE Plp NIT No. 13935-45 dt 30.01.2023,"Up-Grad of Kulani Chandpur Bharmat Colony Kamakhya Mandir NH Holta Simblu Patti Km 0/00 to 9/300 (SH- Imp. of road, P/Places, R/Walls, B/walls, C.D Work, GSB, WBM-II, WBM-III, Tarring, CC Pavement, drain, parapets and road furniture i/c 5 years r.m.)",Works,Open Tender,Item Rate,Civil Works - Roads,,No,No,"6,86,65,694",06-Feb-2023 10:00 AM,75,No,Online,,,1,17-Feb-2023 11:30 AM,assessment,Price Bid Opening Date,,"54,621,657",,PWD,2022-2023
ocds-kjhdrl-2023_PWD_67967_10,tender,tender,1,2024-11-08,2023_PWD_67967_10,Sangrah 11646-71 dated 31.01.2023-2,C/O and M/T on Link Road Village Kalath to Dhal Paliyara (Dada Khilor Via Begrath) G.P Rajana Km. 0/00 to 5/00 (SH - 5/7 mtr wide formation cutting from Km. 2/360 to 3/760) Under SCSP,Works,Open Tender,Item Wise,Civil Works,,No,No,"23,18,904",04-Feb-2023 05:00 PM,75,No,Online,,,1,15-Feb-2023 10:30 AM,assessment,Price Bid Opening Date,,"1,623,336",,PWD,2022-2023
ocds-kjhdrl-2023_PWD_67967_14,tender,tender,1,2024-11-08,2023_PWD_67967_14,Sangrah 11646-71 dated 31.01.2023-2,"C/o Kuffer Dadar to Koli ka Bag Road km. 0/00 to 7/365 (SH - C/O balance work of 900 mm dia hume pipe Culvert at RD. 4/420, 5/015, 6/840, 6/960, 7/015 and 7/285 , C/O R/wall in PCC at RD. 0/975 to 0/995, 1/290 to 1/310 and 6/920 to 6/935 and C/O",Works,Open Tender,Item Wise,Civil Works,,No,No,"33,37,722",04-Feb-2023 05:00 PM,75,No,Online,,,1,15-Feb-2023 10:30 AM,assessment,Price Bid Opening Date,,"2,877,695",,PWD,2022-2023
ocds-kjhdrl-2023_PWD_67967_15,tender,tender,1,2024-11-08,2023_PWD_67967_15,Sangrah 11646-71 dated 31.01.2023-2,"R/R damges on Nahan Dadahu Haripurdhar Road km. 79/00 to 87/00 (SH - Improvement of Curve at RD. 86/175 to 86/255, C/O R/wall in PCC and R/R at RD. 86/130 to 86/150 )",Works,Open Tender,Item Wise,Civil Works,,No,No,"22,72,698",04-Feb-2023 05:00 PM,75,No,Online,,,1,15-Feb-2023 10:30 AM,assessment,Price Bid Opening Date,,"1,985,559",,PWD,2022-2023
ocds-kjhdrl-2023_PWD_67967_2,tender,tender,1,2024-11-08,2023_PWD_67967_2,Sangrah 11646-71 dated 31.01.2023-2,C/O Link Road Village Mandbag to Chushoti Km. 0/00 to 3/500(SH - Jeepable to motorable road from RD. 0/435 to 1/675 and C/O 900mm dia HPC at Rd. 0/705) under SCSP,Works,Open Tender,Item Wise,Civil Works,,No,No,"28,57,061",04-Feb-2023 05:00 PM,75,No,Online,,,1,15-Feb-2023 10:30 AM,assessment,Price Bid Opening Date,,"1,999,942.7",,PWD,2022-2023
ocds-kjhdrl-2023_PWD_67967_22,tender,tender,1,2024-11-08,2023_PWD_67967_22,Sangrah 11646-71 dated 31.01.2023-2,Various roads under SCDP Sangrah Division HPPWD Sangrah. (SH - Supply and Stacking road Sign Boards)under SCDP,Works,Open Tender,Item Wise,Civil Works,,No,No,"2,11,427",04-Feb-2023 05:00 PM,75,No,Online,,,1,15-Feb-2023 10:30 AM,assessment,Price Bid Opening Date,,"211,485",,PWD,2022-2023
ocds-kjhdrl-2023_PWD_67967_9,tender,tender,1,2024-11-08,2023_PWD_67967_9,Sangrah 11646-71 dated 31.01.2023-2,C/o Link road from village Ratwa to kuna via Tholla Kulyari jarna Balaina km. 0/00 to 7/00 ( 5/7 mtr. Formation Cutting from Km. 4/00 to 5/00) Under MNP,Works,Open Tender,Item Wise,Civil Works,,No,No,"23,46,005",04-Feb-2023 05:00 PM,75,No,Online,,,1,15-Feb-2023 10:30 AM,assessment,Price Bid Opening Date,,"1,642,277.22",,PWD,2022-2023
ocds-kjhdrl-2023_PWD_67984_1,tender,tender,1,2024-11-08,2023_PWD_67984_1,dshal nabard 13935-45,Construction of link Road from Chakban Dhagwar Khas to Mashrer road km 0/000 to 1/570 including 2 Nos. bridge in District Kangra H.P.,Works,Open Tender,Item Rate,Civil Works,,No,No,"2,99,01,089",06-Feb-2023 10:00 AM,75,No,Online,,,1,17-Feb-2023 11:30 AM,assessment,Price Bid Opening Date,,"27,222,345",,PWD,2022-2023
ocds-kjhdrl-2023_PWD_67990_1,tender,tender,1,2024-11-08,2023_PWD_67990_1,PW-SEI-RIDF-XXVIII-2022- 21481-21530 dated 13-1-23,"Improvement and metalling Tarring on Chowki Segal road in Km. 6/500 to 14/000 under NABARD RIDF-XXVIII, Distt. Mandi H.P. MLA Priority 2018-19",Works,Open Tender,Percentage,Civil Works - Roads,,No,No,"7,76,48,725",03-Feb-2023 04:00 PM,75,No,Both(Online/Offline),,,1,13-Feb-2023 11:30 AM,assessment,Price Bid Opening Date,,"63,027,969",,PWD,2022-2023
ocds-kjhdrl-2023_PWD_68000_1,tender,tender,1,2024-11-08,2023_PWD_68000_1,PW-SKT-CB-Tender/2022-23 15147-49 dt 20.01.2023,"Construction of Nai More Barot Balhmara Upper Lunadha, Upper Barot Road Km. 0/0 to 13/800",Works,Open Tender,Percentage,Civil Works - Roads,,No,No,"5,21,73,358",04-Feb-2023 10:00 AM,75,No,Online,,,1,10-Feb-2023 11:30 AM,assessment,Price Bid Opening Date,,"48,354,265.03",,PWD,2022-2023
ocds-kjhdrl-2023_PWD_68001_1,tender,tender,1,2024-11-08,2023_PWD_68001_1,CHD_12735-12834_1,C/o Salana Jhina road km. 0/0 to 5/0,Works,Open Tender,Item Rate,Civil Works - Roads,,No,No,"49,85,454",03-Feb-2023 06:00 PM,90,No,Offline,,,1,13-Feb-2023 11:00 AM,assessment,Price Bid Opening Date,,"6,098,984",,PWD,2022-2023
ocds-kjhdrl-2023_PWD_68008_2,tender,tender,1,2024-11-08,2023_PWD_68008_2,dshala14635-65,"Special repair of Circuit House building (Old Block) at Chilgari Dharamshala in Distt. Kangra, H.P.",Works,Open Tender,Item Rate,Civil Works,,No,No,"26,87,408",08-Feb-2023 09:00 AM,75,No,Online,,,1,17-Feb-2023 11:30 AM,assessment,Price Bid Opening Date,,"1,869,361",,PWD,2022-2023
ocds-kjhdrl-2023_PWD_68020_1,tender,tender,1,2024-11-08,2023_PWD_68020_1,TENDER NOTICE NO 6401-15 DT 21.1.2023,PERIODIC RENEWAL ON NIHARI TO HANDAL ROAD PIRSALUHI RAKKAR SITPAK ROAD VILLAGE ROAD SH P.L 30MM THICK BITUMINOUS CONCRTE IN KM 2.0 TO 3.0 AND 4.0 TO 4.150 UNDER AMP 2023-24,Works,Open Tender,Item Rate,Civil Works,,No,No,"20,36,381",04-Feb-2023 09:00 AM,30,No,Online,,,1,10-Feb-2023 11:00 AM,assessment,Price Bid Opening Date,,"7,705,595",,PWD,2022-2023
ocds-kjhdrl-2023_PWD_68021_2,tender,tender,1,2024-11-08,2023_PWD_68021_2,TENDER NOTICE NO 6401-15 DT 21.1.2023,PERIODIC RENEWAL ON GOPIPUR TO CHAMUKHA ROAD VILLGE ROAD SH P.L 30MM THICK BITUMINOUS CONCRETE IN KM 8.0 TO 9.0 AND 11.0 TO 12.0 TO 12.590 UNDER AMP 2023-24,Works,Open Tender,Item Rate,Civil Works,,No,No,"35,24,394",04-Feb-2023 09:00 AM,30,No,Online,,,1,10-Feb-2023 11:00 AM,assessment,Price Bid Opening Date,,"3,462,503",,PWD,2022-2023
ocds-kjhdrl-2023_PWD_68032_1,tender,tender,1,2024-11-08,2023_PWD_68032_1,Electrical Division-I dated 08.02.2023,Supplying and installation of intelligent energy monitoring system Automatic phase corrector panel and secondary backup system in Hon ble CM residence at Oak over Shimla 2 H.P.,Works,Open Tender,Item Rate,Electrical Works,,No,No,"8,26,525",06-Feb-2023 05:00 PM,105,No,Offline,,,1,15-Feb-2023 11:30 AM,assessment,Price Bid Opening Date,,"866,200",,PWD,2022-2023
ocds-kjhdrl-2023_PWD_68037_1,tender,tender,1,2024-11-08,2023_PWD_68037_1,Electrical Division-I dated 08.02.2023,"Annual maintenance contract of various essential Electrical components like electric installation, D.G. set Air conditioner and CCTV Cameras installed in Circuit House at Willy park Shimla 4 for the period of 15.03.2023 to 14.03.2024",Works,Open Tender,Item Rate,Electrical Works,,No,No,"4,59,909",06-Feb-2023 05:00 PM,90,No,Offline,,,1,15-Feb-2023 11:30 AM,assessment,Price Bid Opening Date,,"476,800",,PWD,2022-2023
ocds-kjhdrl-2023_PWD_68047_1,tender,tender,1,2024-11-08,2023_PWD_68047_1,NIT No.18369-428 DT.30-01-2023-Bhawarna,C/o link road from Malag to Patrorak Bhitli shamshanghat Km 0/00 to 0/400,Works,Open Tender,Item Rate,Civil Works - Roads,,No,No,"6,01,556",04-Feb-2023 02:00 PM,75,No,Online,,,1,16-Feb-2023 11:30 AM,assessment,Price Bid Opening Date,,"432,554",,PWD,2022-2023
ocds-kjhdrl-2023_PWD_68066_1,tender,tender,1,2024-11-08,2023_PWD_68066_1,Electrical Division-I dated 08.02.2023,CO Govt. Degree College at Buranwala Barotiwala Tehsil Baddi Distt. Solan HP SH SITC Fire Fighting System therein,Works,Open Tender,Item Rate,Electrical Works,,No,No,"42,48,062",06-Feb-2023 05:00 PM,90,No,Offline,,,1,15-Feb-2023 11:30 AM,assessment,Price Bid Opening Date,,"4,256,666",,PWD,2022-2023
ocds-kjhdrl-2023_PWD_68124_1,tender,tender,1,2024-11-08,2023_PWD_68124_1,BGN/CT-1/2022-23-11172-11203 dated 03.02.2023,Periodical Maintenance on Link road Damod Arloo in km. 0000 to 1750 and Link road Charara Arloo via Baggi in Km 3000 to 4500 SH PL 30mm thick Bituminous Concrete including Profile Correction,Works,Open Tender,Percentage,Civil Works - Roads,,No,No,"43,05,433",06-Feb-2023 10:00 AM,90,No,Online,,,1,17-Feb-2023 11:00 AM,assessment,Price Bid Opening Date,,"4,236,976",,PWD,2022-2023
ocds-kjhdrl-2023_PWD_68129_11,tender,tender,1,2024-11-08,2023_PWD_68129_11,No.PW.RGH.Tender-2022-23-10829 dt.03.02.2023,Restoration rain damages on Banethi Bagthan Rajgarh Chandol road Km 48/0 to 87/0 (SH Providing and Laying Patch work between km 78/0 to 82/0).,Works,Open Tender,Item Rate,Civil Works - Roads,,No,No,"4,96,416",06-Feb-2023 09:00 AM,75,No,Online,,,1,14-Feb-2023 11:00 AM,assessment,Price Bid Opening Date,,"482,828",,PWD,2022-2023
ocds-kjhdrl-2023_PWD_68129_4,tender,tender,1,2024-11-08,2023_PWD_68129_4,No.PW.RGH.Tender-2022-23-10829 dt.03.02.2023,Restoration of rain damages on Kulath Kori Jolla road Km 0/0 to 9/0 (SH C/O PCC R/wall in Km. 2/405 to 2/417),Works,Open Tender,Item Rate,Civil Works - Roads,,No,No,"4,97,605",04-Feb-2023 06:00 PM,75,No,Online,,,1,14-Feb-2023 11:00 AM,assessment,Price Bid Opening Date,,"519,145",,PWD,2022-2023
ocds-kjhdrl-2023_PWD_68129_8,tender,tender,1,2024-11-08,2023_PWD_68129_8,No.PW.RGH.Tender-2022-23-10829 dt.03.02.2023,Restoration rain damages on Solan Meenus road km 24/345 to 61/00 (SH Providing and Laying Patch work between km 50/00 to 55/0 AND 59/0 to 61/0).,Works,Open Tender,Item Rate,Civil Works - Roads,,No,No,"9,91,559",06-Feb-2023 09:00 AM,75,No,Online,,,1,14-Feb-2023 11:00 AM,assessment,Price Bid Opening Date,,"966,632",,PWD,2022-2023
ocds-kjhdrl-2023_PWD_68133_1,tender,tender,1,2024-11-08,2023_PWD_68133_1,BGN/CT-1/2022-23-11172-11203 dated 03.02.2023,Periodical Maintenance on Lathiani Kodra Road VR Code HP1201VR000251101 SH PL 30mm thick Bituminious Concrete including profile correction in Km 0000 to 1000 and 3000 to 5000 Under PMGSY,Works,Open Tender,Percentage,Civil Works - Roads,,No,No,"39,31,271",06-Feb-2023 10:00 AM,90,No,Online,,,1,17-Feb-2023 11:00 AM,assessment,Price Bid Opening Date,,"3,841,245",,PWD,2022-2023
ocds-kjhdrl-2023_PWD_68211_3,tender,tender,1,2024-11-08,2023_PWD_68211_3,MDII,RRD on Talyhar Pairi road km 0/0 to 5/100,Works,Open Tender,Percentage,Civil Works,,No,No,"4,61,065",06-Feb-2023 05:00 PM,75,No,Online,,,1,17-Feb-2023 11:30 AM,assessment,Price Bid Opening Date,,"364,241",,PWD,2022-2023
ocds-kjhdrl-2023_PWD_68356_1,tender,tender,1,2024-11-08,2023_PWD_68356_1,R/M of link road to village Dobber Kallan,Repair and maintenance of link road to village Dobber Kallan Leg No. 1 km 0/0 to 1/0,Works,Open Tender,Percentage,Civil Works,,No,No,"14,72,188",07-Feb-2023 06:00 PM,60,No,Online,,,1,14-Feb-2023 11:00 AM,assessment,Price Bid Opening Date,,"1,531,075",,PWD,2022-2023
ocds-kjhdrl-2023_PWD_68417_1,tender,tender,1,2024-11-08,2023_PWD_68417_1,10380.0,Annual Maintenance Plan (AMP) of Kangra Sub Division for the year 2023-24 Rural road Kholi to Simbal Khola (HP0406VR042) km.1/0 to 2/0,Works,Open Tender,Item Rate,Civil Works - Roads,,No,No,"12,46,615",11-Feb-2023 09:00 AM,120,No,Online,,,1,20-Feb-2023 11:30 AM,assessment,Price Bid Opening Date,,"1,299,148",,PWD,2022-2023
ocds-kjhdrl-2023_PWD_68433_1,tender,tender,1,2024-11-08,2023_PWD_68433_1,EE Salooni letter No. 13463-13513 dated 02-02-2023,A/R and M/O of link road to village Andressar K.M. 0/0 to 3/460 under SCSP,Works,Open Tender,Percentage,Civil Works,,No,No,"15,22,332",08-Feb-2023 05:00 PM,75,No,Online,,,1,17-Feb-2023 11:30 AM,assessment,Price Bid Opening Date,,"1,065,633",,PWD,2022-2023
ocds-kjhdrl-2023_PWD_68433_4,tender,tender,1,2024-11-08,2023_PWD_68433_4,EE Salooni letter No. 13463-13513 dated 02-02-2023,A/R and M/O link road to village Birwari K.M. 0/0 to 2/195 under SCSP,Works,Open Tender,Percentage,Civil Works,,No,No,"11,91,706",08-Feb-2023 05:00 PM,75,No,Online,,,1,17-Feb-2023 11:30 AM,assessment,Price Bid Opening Date,,"929,530.56",,PWD,2022-2023
ocds-kjhdrl-2023_PWD_68557_1,tender,tender,1,2024-11-08,2023_PWD_68557_1,CO Balance work of Jeepable road from Swan Nadi,C O Balance work of Jeepable road from Swan Nadi to Railway Station Daulattpur Chowk Km. 00 to 10,Works,Open Tender,Item Rate,Civil Works - Roads,,No,No,"9,71,916",09-Feb-2023 02:00 PM,75,No,Online,,,1,20-Feb-2023 11:00 AM,assessment,Price Bid Opening Date,,"680,341.2",,PWD,2022-2023
ocds-kjhdrl-2023_PWD_68579_1,tender,tender,1,2024-11-08,2023_PWD_68579_1,Special repair of EFC building at Gagret,Special repair of EFC building at Gagret Hoshiarpur road of the Department of Excise and Taxation Distt. Una (,Works,Open Tender,Percentage,Civil Works - Buildings,,No,No,"6,28,748",09-Feb-2023 03:00 PM,75,No,Online,,,1,20-Feb-2023 11:00 AM,assessment,Price Bid Opening Date,,"625,604",,PWD,2022-2023
ocds-kjhdrl-2023_PWD_68586_1,tender,tender,1,2024-11-08,2023_PWD_68586_1,Construction of PHC building at Amlehar,"Construction of PHC building at Amlehar Tehsil Ghanari Distt. Una (SH. construction of boundary wall, Repair/Maintenance of door, windows and toilet etc.",Works,Open Tender,Percentage,Civil Works - Buildings,,No,No,"18,85,329",09-Feb-2023 03:00 PM,75,No,Online,,,1,20-Feb-2023 11:00 AM,assessment,Price Bid Opening Date,,"1,859,311",,PWD,2022-2023
ocds-kjhdrl-2023_PWD_68665_1,tender,tender,1,2024-11-08,2023_PWD_68665_1,PRC Rania Di Hatti Under Bharwain Divn,Periodical renewal coat 20mm thick premix carpet including seal coat on link road Rania Di Hatti to Kharoh upto cooperative store km 000 to 1380 with plastic waste HP1202VR0109 for the year 202324,Works,Open Tender,Percentage,Civil Works,,No,No,"16,37,231",10-Feb-2023 02:00 PM,75,No,Online,,,1,20-Feb-2023 11:30 AM,assessment,Price Bid Opening Date,,"1,358,902",,PWD,2022-2023
ocds-kjhdrl-2023_PWD_68670_10,tender,tender,1,2024-11-08,2023_PWD_68670_10,E-27/2022-23-6394-98 dt.7/2/23,Periodical renewal on Panjhara to Barswalan road for 2023-24,Works,Open Tender,Item Rate,Civil Works - Roads,,No,No,"13,29,699",16-Feb-2023 11:30 AM,75,No,Online,,,1,14-Mar-2023 10:30 AM,assessment,Price Bid Opening Date,,"950,957",,PWD,2022-2023
ocds-kjhdrl-2023_PWD_68670_13,tender,tender,1,2024-11-08,2023_PWD_68670_13,E-27/2022-23-6394-98 dt.7/2/23,Periodical renewal on Reena to Bhanodu road for the year 2023-24,Works,Open Tender,Item Rate,Civil Works - Roads,,No,No,"12,58,459",16-Feb-2023 11:30 AM,75,No,Online,,,1,14-Mar-2023 10:30 AM,assessment,Price Bid Opening Date,,"892,980",,PWD,2022-2023
ocds-kjhdrl-2023_PWD_68670_14,tender,tender,1,2024-11-08,2023_PWD_68670_14,E-27/2022-23-6394-98 dt.7/2/23,Periodical renewal on Bhanodu to Pachan for the year 2023-24,Works,Open Tender,Item Rate,Civil Works - Roads,,No,No,"12,58,459",16-Feb-2023 11:30 AM,75,No,Online,,,1,14-Mar-2023 10:30 AM,assessment,Price Bid Opening Date,,"896,280",,PWD,2022-2023
ocds-kjhdrl-2023_PWD_68670_15,tender,tender,1,2024-11-08,2023_PWD_68670_15,E-27/2022-23-6394-98 dt.7/2/23,Periodical renewal on Makore Jamman to Nera-1 road for the year 2023-24,Works,Open Tender,Item Rate,Civil Works - Roads,,No,No,"12,78,459",16-Feb-2023 11:30 AM,75,No,Online,,,1,14-Mar-2023 10:30 AM,assessment,Price Bid Opening Date,,"899,048",,PWD,2022-2023
ocds-kjhdrl-2023_PWD_68670_16,tender,tender,1,2024-11-08,2023_PWD_68670_16,E-27/2022-23-6394-98 dt.7/2/23,Periodical renewal Hatli to Kot-I road fron the yesr 2023-24,Works,Open Tender,Item Rate,Civil Works - Roads,,No,No,"13,38,808",16-Feb-2023 11:30 AM,75,No,Online,,,1,14-Mar-2023 10:30 AM,assessment,Price Bid Opening Date,,"950,344",,PWD,2022-2023
ocds-kjhdrl-2023_PWD_68670_17,tender,tender,1,2024-11-08,2023_PWD_68670_17,E-27/2022-23-6394-98 dt.7/2/23,Periodical renewal on link toad Suliali Bazar to Harijan Basti Bardi fpr the year 2023-24,Works,Open Tender,Item Rate,Civil Works - Roads,,No,No,"12,78,459",16-Feb-2023 11:30 AM,75,No,Online,,,1,14-Mar-2023 10:30 AM,assessment,Price Bid Opening Date,,"899,048",,PWD,2022-2023
ocds-kjhdrl-2023_PWD_68670_18,tender,tender,1,2024-11-08,2023_PWD_68670_18,E-27/2022-23-6394-98 dt.7/2/23,Periodical renewal on Sadwan Lakhwal via Bassa Farkunda for the year 2023-24,Works,Open Tender,Item Rate,Civil Works - Roads,,No,No,"9,84,676",16-Feb-2023 11:30 AM,75,No,Online,,,1,14-Mar-2023 10:30 AM,assessment,Price Bid Opening Date,,"702,600",,PWD,2022-2023
ocds-kjhdrl-2023_PWD_68670_6,tender,tender,1,2024-11-08,2023_PWD_68670_6,E-27/2022-23-6394-98 dt.7/2/23,Periodical renewal Baduhi to Jatoli road for 2023-24,Works,Open Tender,Item Rate,Civil Works - Roads,,No,No,"6,71,374",16-Feb-2023 11:30 AM,75,No,Online,,,1,14-Mar-2023 10:30 AM,assessment,Price Bid Opening Date,,"496,872",,PWD,2022-2023
ocds-kjhdrl-2023_PWD_68670_9,tender,tender,1,2024-11-08,2023_PWD_68670_9,E-27/2022-23-6394-98 dt.7/2/23,Periodical renewal on Nagabari to Nallah Road under PMGSY for the year 2023-24,Works,Open Tender,Item Rate,Civil Works - Roads,,No,No,"46,60,084",16-Feb-2023 11:30 AM,75,No,Online,,,1,14-Mar-2023 10:30 AM,assessment,Price Bid Opening Date,,"3,262,058",,PWD,2022-2023
ocds-kjhdrl-2023_PWD_68759_2,tender,tender,1,2024-11-08,2023_PWD_68759_2,THD/CB-tender/2022-15887-94,Annual maintenance of Bhakhality Sarog road km. 0.00 to 13.060,Works,Open Tender,Item Rate,Civil Works - Roads,,No,No,"49,44,195",13-Feb-2023 05:00 PM,60,No,Online,,,1,24-Feb-2023 11:00 AM,assessment,Price Bid Opening Date,,"4,523,145",,PWD,2022-2023
ocds-kjhdrl-2023_PWD_68759_4,tender,tender,1,2024-11-08,2023_PWD_68759_4,THD/CB-tender/2022-15887-94,Annual maintenance of Matiana Baragoan road km.0.00 to 25.810,Works,Open Tender,Item Rate,Civil Works - Roads,,No,No,"31,01,042",13-Feb-2023 05:00 PM,60,No,Online,,,1,24-Feb-2023 11:00 AM,assessment,Price Bid Opening Date,,"2,881,230",,PWD,2022-2023
ocds-kjhdrl-2023_PWD_68770_1,tender,tender,1,2024-11-08,2023_PWD_68770_1,THD/CB-tender/2022-15887-94,Annual maintenance of Shakil to Nohal road km 0.00 to 18.390,Works,Open Tender,Item Rate,Civil Works - Roads,,No,No,"1,40,15,590",13-Feb-2023 05:00 PM,90,No,Online,,,1,24-Feb-2023 11:00 AM,assessment,Price Bid Opening Date,,"12,396,346",,PWD,2022-2023
ocds-kjhdrl-2023_PWD_68787_1,tender,tender,1,2024-11-08,2023_PWD_68787_1,NIT No.18643-18702 DT.09-02-2023-Bhawarna,Restoration of damages on Achhroo Ka Baroh Chambi Nadi Pira road,Works,Open Tender,Item Rate,Civil Works - Others,,No,No,"1,94,311",15-Feb-2023 10:00 AM,75,No,Online,,,1,24-Feb-2023 11:30 AM,assessment,Price Bid Opening Date,,"142,121",,PWD,2022-2023
ocds-kjhdrl-2023_PWD_68792_1,tender,tender,1,2024-11-08,2023_PWD_68792_1,NIT No.18643-18702 DT.09-02-2023-Bhawarna,Restoration of damages on Sullah Jajjar Parour road,Works,Open Tender,Item Rate,Civil Works - Roads,,No,No,"3,27,834",15-Feb-2023 10:00 AM,75,No,Online,,,1,24-Feb-2023 11:30 AM,assessment,Price Bid Opening Date,,"235,775",,PWD,2022-2023
ocds-kjhdrl-2023_PWD_68806_1,tender,tender,1,2024-11-08,2023_PWD_68806_1,No.PWC-WA-II- contt/ 17212-311 dated 7.2.2023,Annual Maintenance on Rajera Dhullara road Km.14/0 to 15/600 for the year 2023-24 (SH P/L Bitumenous concrete),Works,Open Tender,Item Rate,Civil Works,,No,No,"24,53,042",14-Feb-2023 10:00 AM,75,No,Online,,,1,25-Feb-2023 11:30 AM,assessment,Price Bid Opening Date,,"2,442,376",,PWD,2022-2023
ocds-kjhdrl-2023_PWD_68809_2,tender,tender,1,2024-11-08,2023_PWD_68809_2,No.PWC-WA-17212-311 dated 7.2.2023,Repair and District Sainik Welfare office Building at Chamba (SH P/L interlocking paver),Works,Open Tender,Item Rate,Civil Works,,No,No,"4,12,359",14-Feb-2023 10:00 AM,75,No,Online,,,1,25-Feb-2023 11:30 AM,assessment,Price Bid Opening Date,,"321,692",,PWD,2022-2023
ocds-kjhdrl-2023_PWD_68812_6,tender,tender,1,2024-11-08,2023_PWD_68812_6,Elect. Division HPPWD Palampur,Repair and Maintenance of seized engine of 500 KVA DG Set No.-II installed in basement floor area of 500 bedded hospital Dr. RPGMC Kangra at Tanda.,Works,Open Tender,Item Rate,Electrical Works,,No,No,"2,33,708",15-Feb-2023 10:00 AM,120,No,Online,,,1,23-Feb-2023 11:30 AM,assessment,Price Bid Opening Date,,"233,500",,PWD,2022-2023
ocds-kjhdrl-2023_PWD_68823_1,tender,tender,1,2024-11-08,2023_PWD_68823_1,Nagrota AMP 14,Periodic maintenance of Malan to Kawari road Km 0/000 to 6/600 (HP0408VR0045) under PMGSY Financial Incentive for the year 2023-24 in Distt. Kangra (H.P.) (SH-Providing and laying 30mm thick bituminous concrete pavement in Km 1/000 to 2/000),Works,Open Tender,Item Rate,Civil Works - Roads,,No,No,"25,31,473",14-Feb-2023 02:00 PM,120,No,Online,,,1,21-Feb-2023 11:30 AM,assessment,Price Bid Opening Date,,"2,630,155",,PWD,2022-2023
ocds-kjhdrl-2023_PWD_68823_2,tender,tender,1,2024-11-08,2023_PWD_68823_2,Nagrota AMP 14,Periodic maintenance of Malan to Kawari road Km 0/000 to 6/600 (HP0408VR0045) under PMGSY Financial Incentive for the year 2023- 24 in Distt. Kangra (H.P.) (SH-Providing and laying 30mm thick bituminous concrete pavement in Km 2/000 to 3/000),Works,Open Tender,Item Rate,Civil Works - Roads,,No,No,"28,02,845",14-Feb-2023 02:00 PM,120,No,Online,,,1,21-Feb-2023 11:30 AM,assessment,Price Bid Opening Date,,"2,912,112",,PWD,2022-2023
ocds-kjhdrl-2023_PWD_68823_4,tender,tender,1,2024-11-08,2023_PWD_68823_4,Nagrota AMP 14,Periodic maintenance of Nagrota Gorarbh Bhatti To Bhadrehr Road Km 0/000 to 2/250 (HP0408VR0050) under PMGSY Financial Incentive for the year 2023-24 in Distt. Kangra (H.P.),Works,Open Tender,Item Rate,Civil Works - Roads,,No,No,"31,00,929",14-Feb-2023 02:00 PM,120,No,Online,,,1,21-Feb-2023 11:30 AM,assessment,Price Bid Opening Date,,"3,189,505",,PWD,2022-2023
ocds-kjhdrl-2023_PWD_68823_5,tender,tender,1,2024-11-08,2023_PWD_68823_5,Nagrota AMP 14,Periodic maintenance of Nagrota Gorarbh Bhatti To Bhadrehr Road Km 0/000 to 2/250 (HP0408VR0050) under PMGSY Financial Incentive for the year 2023-24 in Distt. Kangra (H.P.),Works,Open Tender,Item Rate,Civil Works - Roads,,No,No,"36,78,754",14-Feb-2023 02:00 PM,120,No,Online,,,1,21-Feb-2023 11:30 AM,assessment,Price Bid Opening Date,,"3,862,631",,PWD,2022-2023
ocds-kjhdrl-2023_PWD_68823_6,tender,tender,1,2024-11-08,2023_PWD_68823_6,Nagrota AMP 14,Periodic maintenance of Masandkar to Mumta Khas Road Km 0/000 to 1/500 (HP0408NC0401) under PMGSY Financial Incentive for the year 2023-24 in Distt. Kangra (H.P.) (SH-Providing and laying 30mm thick bituminous concrete pavement in Km 0/000 to 1/000,Works,Open Tender,Item Rate,Civil Works - Roads,,No,No,"26,27,667",22-Feb-2023 11:45 AM,120,No,Online,,,1,28-Feb-2023 11:30 AM,assessment,Price Bid Opening Date,,"2,730,105",,PWD,2022-2023
ocds-kjhdrl-2023_PWD_68831_3,tender,tender,1,2024-11-08,2023_PWD_68831_3,EE Dehra letter No. 11076-81 dt. 13.02.2023,Construction of missing CD on Bharwain to Dehi Pukhar via Karoa in Km.9/00 to 12/00,Works,Open Tender,Item Rate,Civil Works,,No,No,"2,73,908",16-Feb-2023 10:00 AM,75,No,Online,,,1,24-Feb-2023 11:30 AM,assessment,Price Bid Opening Date,,"269,042",,PWD,2022-2023
ocds-kjhdrl-2023_PWD_68831_5,tender,tender,1,2024-11-08,2023_PWD_68831_5,EE Dehra letter No. 11076-81 dt. 13.02.2023,Improvement of Blackspot on Bassi to sunhet road Km. 00/00 to 11/600,Works,Open Tender,Item Rate,Civil Works,,No,No,"7,71,433",16-Feb-2023 10:00 AM,75,No,Online,,,1,24-Feb-2023 11:30 AM,assessment,Price Bid Opening Date,,"617,207",,PWD,2022-2023
ocds-kjhdrl-2023_PWD_68831_6,tender,tender,1,2024-11-08,2023_PWD_68831_6,EE Dehra letter No. 11076-81 dt. 13.02.2023,Improvement of Blackspot on Gopipur to Chamukha road Km. 00/00 to 6/00,Works,Open Tender,Item Rate,Civil Works,,No,No,"7,69,640",16-Feb-2023 10:00 AM,75,No,Online,,,1,24-Feb-2023 11:30 AM,assessment,Price Bid Opening Date,,"615,764",,PWD,2022-2023
ocds-kjhdrl-2023_PWD_68851_1,tender,tender,1,2024-11-08,2023_PWD_68851_1,Electrical Division-I dated 8.02.2023,CO Multistory Parking Office Accommodation at Sectt. Armsdale Phase III Shimla SH Providing Balance work of Central Heating System therein,Works,Open Tender,Item Rate,Electrical Works,,No,No,"25,68,554",14-Feb-2023 05:00 PM,90,No,Offline,,,1,23-Feb-2023 11:30 AM,assessment,Price Bid Opening Date,,"2,689,980",,PWD,2022-2023
ocds-kjhdrl-2023_PWD_68853_1,tender,tender,1,2024-11-08,2023_PWD_68853_1,PW-KD-E-Tender-10104-07dtd 9-2-2023,C/o Melath Quinal Road in K.M. 0/00 o 10/500,Works,Open Tender,Item Rate,Civil Works - Roads,,No,No,"23,47,339",14-Feb-2023 03:00 PM,90,No,Online,,,1,23-Feb-2023 11:00 AM,assessment,Price Bid Opening Date,,"1,945,265",,PWD,2022-2023
ocds-kjhdrl-2023_PWD_68859_1,tender,tender,1,2024-11-08,2023_PWD_68859_1,KD-E-Tender/2022-23-10109-12 dtd 10-02-2023,AMP on Melath Quinal road in K.M. 0/00 to 10/500,Works,Open Tender,Item Rate,Civil Works - Roads,,No,No,"1,58,41,404",15-Feb-2023 11:00 AM,90,No,Online,,,1,25-Feb-2023 11:00 AM,assessment,Price Bid Opening Date,,"16,610,592",,PWD,2022-2023
ocds-kjhdrl-2023_PWD_68863_1,tender,tender,1,2024-11-08,2023_PWD_68863_1,Electrical Division-I dated 8.02.2023,CO Jawahar Lal Govt. College of Fine Arts at Mohal Loharb Distt. Shimla SH Providing integrated Campus Lighting therein,Works,Open Tender,Item Rate,Electrical Works,,No,No,"10,27,298",14-Feb-2023 05:00 PM,90,No,Offline,,,1,23-Feb-2023 11:30 AM,assessment,Price Bid Opening Date,,"1,075,920",,PWD,2022-2023
ocds-kjhdrl-2023_PWD_68886_1,tender,tender,1,2024-11-08,2023_PWD_68886_1,Electrical Division-I dated 8.02.2023,Providing Staff for running of Electrical Enquiry in regional Ayurevedic Hospital RAH Shimla-2 for the year 2023-24 Period 1.03.2023 to 30 -04- 2023,Works,Open Tender,Item Rate,Electrical Works,,No,No,"1,13,462",14-Feb-2023 05:00 PM,90,No,Offline,,,1,23-Feb-2023 11:30 AM,assessment,Price Bid Opening Date,,"117,942",,PWD,2022-2023
ocds-kjhdrl-2023_PWD_68889_1,tender,tender,1,2024-11-08,2023_PWD_68889_1,Electrical Division-I dated 8.02.2023,Annual repair and Maintenance AMC of Air Conditioner Installed in Himachal Pradesh Sewa Sadan Building at Sector 25 West Chandigarh for the year 2023-24,Works,Open Tender,Item Rate,Electrical Works,,No,No,"2,75,600",16-Feb-2023 12:00 PM,90,No,Offline,,,1,23-Feb-2023 11:30 AM,assessment,Price Bid Opening Date,,"258,800",,PWD,2022-2023
ocds-kjhdrl-2023_PWD_68922_1,tender,tender,1,2024-11-08,2023_PWD_68922_1,C/O Add. Accomm G.S.S.S. Saliana,Construction of Additional Accommodation in Govt. Sen. Sec. School Saliana in Tehsil Palampur District Kangra (HP),Works,Open Tender,Item Rate,Civil Works - Buildings,,No,No,"25,00,033",15-Feb-2023 04:00 PM,75,No,Online,,,1,23-Feb-2023 11:00 AM,assessment,Price Bid Opening Date,,"1,868,152.98",,PWD,2022-2023
ocds-kjhdrl-2023_PWD_68931_1,tender,tender,1,2024-11-08,2023_PWD_68931_1,C/O Ayurvedic Dispansary Building at Malli,Construction of Ayurvedic Dispansary Building at Malli Tehsil Jaisinghpur Distt. Kangra (HP),Works,Open Tender,Item Rate,Civil Works - Buildings,,No,No,"32,31,842",15-Feb-2023 04:00 PM,75,No,Online,,,1,23-Feb-2023 11:00 AM,assessment,Price Bid Opening Date,,"2,367,657.12",,PWD,2022-2023
ocds-kjhdrl-2023_PWD_68937_1,tender,tender,1,2024-11-08,2023_PWD_68937_1,C/O Cow sanctuary at Kangain Tehsil Jaisinghpur,C/O Cow sanctuary at Kangain Tehsil Jaisinghpur Distt. Kangra (HP),Works,Open Tender,Item Rate,Civil Works - Others,,No,No,"9,51,513",15-Feb-2023 04:00 PM,75,No,Online,,,1,23-Feb-2023 11:00 AM,assessment,Price Bid Opening Date,,"739,950",,PWD,2022-2023
ocds-kjhdrl-2023_PWD_68939_1,tender,tender,1,2024-11-08,2023_PWD_68939_1,10035-84 dated 10-02-2023,A/R and M/O on NH-305 Sainj Luhri Aut road Km 0/00 to 97/00 (SH- C/O PCC B/wall at RD 21/668 to 21/752 and V-shape drain at RD 21/610 to 21/752).,Works,Open Tender,Item Rate,Civil Works - Highways,,No,No,"22,33,414",15-Feb-2023 12:50 PM,90,No,Online,,,1,25-Feb-2023 11:30 AM,assessment,Price Bid Opening Date,,"1,563,390",,PWD,2022-2023
ocds-kjhdrl-2023_PWD_68967_1,tender,tender,1,2024-11-08,2023_PWD_68967_1,Electrical Division-I dated 8.02.2023,Providing Power inverter in the residence of council of ministers and other cabinet Rank office bearer at Shimla H.P SH Providing 5 KVA inverter therein,Works,Open Tender,Item Rate,Electrical Works,,No,No,"23,53,020",16-Feb-2023 12:00 PM,90,No,Offline,,,1,23-Feb-2023 11:30 AM,assessment,Price Bid Opening Date,,"2,952,175",,PWD,2022-2023
ocds-kjhdrl-2023_PWD_68970_1,tender,tender,1,2024-11-08,2023_PWD_68970_1,NIT No.18749-18809 DT.10-02-2023-Bhawarna,C/o link road from Sai Mandir to Satrehar Km 0/0 to 0/300,Works,Open Tender,Item Rate,Civil Works - Roads,,No,No,"2,62,103",16-Feb-2023 10:00 AM,75,No,Online,,,1,24-Feb-2023 11:30 AM,assessment,Price Bid Opening Date,,"262,103",,PWD,2022-2023
ocds-kjhdrl-2023_PWD_68972_1,tender,tender,1,2024-11-08,2023_PWD_68972_1,NIT No.18749-18809 DT.10-02-2023-Bhawarna,C/o Dehan Arth Malag road Km 0/00 to 10/00,Works,Open Tender,Item Rate,Civil Works - Roads,,No,No,"5,87,664",16-Feb-2023 10:00 AM,75,No,Online,,,1,24-Feb-2023 11:30 AM,assessment,Price Bid Opening Date,,"411,364",,PWD,2022-2023
ocds-kjhdrl-2023_PWD_68977_1,tender,tender,1,2024-11-08,2023_PWD_68977_1,NIT No.18749-18809 DT.10-02-2023-Bhawarna,C/o link road from Sidhpur to Katharu via Duhka Colony Km 0/00 to 2/300,Works,Open Tender,Item Rate,Civil Works - Roads,,No,No,"8,07,041",16-Feb-2023 10:00 AM,75,No,Online,,,1,24-Feb-2023 11:30 AM,assessment,Price Bid Opening Date,,"564,957",,PWD,2022-2023
ocds-kjhdrl-2023_PWD_68984_1,tender,tender,1,2024-11-08,2023_PWD_68984_1,Electrical Division-I dated 8.02.2023,Providing Infrared heater in Hon ble Governor s House Shimla-2 H.P,Works,Open Tender,Item Rate,Electrical Works,,No,No,"4,12,938",16-Feb-2023 12:30 PM,90,No,Offline,,,1,23-Feb-2023 11:30 AM,assessment,Price Bid Opening Date,,"432,911",,PWD,2022-2023
ocds-kjhdrl-2023_PWD_68986_1,tender,tender,1,2024-11-08,2023_PWD_68986_1,NIT No.18749-18809 DT.10-02-2023-Bhawarna,C/o MSCM Degree Collage Thural,Works,Open Tender,Item Rate,Civil Works - Roads,,No,No,"4,37,114",16-Feb-2023 10:00 AM,75,No,Online,,,1,24-Feb-2023 11:30 AM,assessment,Price Bid Opening Date,,"305,987",,PWD,2022-2023
ocds-kjhdrl-2023_PWD_68987_2,tender,tender,1,2024-11-08,2023_PWD_68987_2,SD-III-T-28468-87dt.14-2-23,"Renovation/ repair to office accommodation for HPPWD Electrical Division in old building of U.S. Club Shimla. (SH - Repair of concrete work, brick work, repair of cabins, repair of flooring, repair of roof steel work and other miscellaneous repair wo",Works,Open Tender,Percentage,Civil Works - Buildings,,No,No,,15-Feb-2023 05:00 PM,75,No,Online,,,1,23-Feb-2023 11:00 AM,assessment,Price Bid Opening Date,,"838,836",,PWD,2022-2023
ocds-kjhdrl-2023_PWD_68987_3,tender,tender,1,2024-11-08,2023_PWD_68987_3,SD-III-T-28468-87dt.14-2-23,A-R and M-O to non residential building under Shimla Di vision No.III (SH- Repair of Gents General toilet and Ladies general Toilet at Ground floor of block-B in the office of Engineer in Chief Office Nirman Bhawan at Nigam Vihar Shimla).,Works,Open Tender,Percentage,Civil Works - Buildings,,No,No,,15-Feb-2023 05:00 PM,75,No,Online,,,1,23-Feb-2023 11:00 AM,assessment,Price Bid Opening Date,,"852,568",,PWD,2022-2023
ocds-kjhdrl-2023_PWD_68994_1,tender,tender,1,2024-11-08,2023_PWD_68994_1,PWD-BD-TA-2022-23-13945-95,Construction of PHC Building Magazine in Tehsil Baijnath Distt. Kangra H.P,Works,Open Tender,Percentage,Civil Works,,No,No,"5,81,627",15-Feb-2023 05:00 PM,90,No,Offline,,,1,24-Feb-2023 11:30 AM,assessment,Price Bid Opening Date,,"596,168",,PWD,2022-2023
ocds-kjhdrl-2023_PWD_69012_1,tender,tender,1,2024-11-08,2023_PWD_69012_1,SD-III-T-28488-28507 dt. 14-2-23,"A-R and M-O to various residential buildings under Division No.III Shimla. (SH- Providing and laying tile work, paneling, repair of ceiling, painting and polishing etc. Yates Cottage Under Benmore Section).",Works,Open Tender,Percentage,Civil Works - Buildings,,No,No,,16-Feb-2023 09:00 AM,75,No,Online,,,1,24-Feb-2023 11:00 AM,assessment,Price Bid Opening Date,,"964,387",,PWD,2022-2023
ocds-kjhdrl-2023_PWD_69012_3,tender,tender,1,2024-11-08,2023_PWD_69012_3,SD-III-T-28488-28507 dt. 14-2-23,"A-R and M-O to various residential buildings under Division No.III Shimla. (SH- Repair of tile work, granite work, repair of cupboards, painting, polishing and other miscellaneous repair work in kriston hall at Benmore section).",Works,Open Tender,Percentage,Civil Works - Buildings,,No,No,,16-Feb-2023 09:00 AM,75,No,Online,,,1,25-Feb-2023 11:00 AM,assessment,Price Bid Opening Date,,"936,446",,PWD,2022-2023
ocds-kjhdrl-2023_PWD_69012_4,tender,tender,1,2024-11-08,2023_PWD_69012_4,SD-III-T-28488-28507 dt. 14-2-23,"A-R and M-O to various residential buildings under Division No.III Shimla. (SH- Providing and fixing HDF flooring, paneling etc in house no. 6 under Benmore section).",Works,Open Tender,Percentage,Civil Works - Buildings,,No,No,,16-Feb-2023 09:00 AM,75,No,Online,,,1,25-Feb-2023 11:00 AM,assessment,Price Bid Opening Date,,"801,305",,PWD,2022-2023
ocds-kjhdrl-2023_PWD_69033_4,tender,tender,1,2024-11-08,2023_PWD_69033_4,PW-RD-GA-Tender-23-18626-18725 Dt.14.02.23,Providing periodical maintenance on Badshal Ramteri Kharala road,Works,Open Tender,Item Rate,Civil Works,,No,No,"57,22,301",22-Feb-2023 06:00 PM,45,No,Online,,,1,28-Feb-2023 11:00 AM,assessment,Price Bid Opening Date,,"5,857,852",,PWD,2022-2023
ocds-kjhdrl-2023_PWD_69033_5,tender,tender,1,2024-11-08,2023_PWD_69033_5,PW-RD-GA-Tender-23-18626-18725 Dt.14.02.23,Providing periodical maintenance on Pujarli Koti Saridhar road,Works,Open Tender,Item Rate,Civil Works,,No,No,"64,61,066",22-Feb-2023 06:00 PM,45,No,Online,,,1,28-Feb-2023 11:00 AM,assessment,Price Bid Opening Date,,"6,612,320",,PWD,2022-2023
ocds-kjhdrl-2023_PWD_69120_1,tender,tender,1,2024-11-08,2023_PWD_69120_1,13946-50 dated 14-02-2023,"A/R M/O Shimla Kunihar Ramshehar Nalagarh road km 60/500 to 97/00 (SH P/L w- metal Beam Crash barrier at RD 89/700 to 89/760 93/840 to 93/900, R/wall at Rd 88/560 to 88/580, 89/710 to 89/728, 90/730 to 90/750 93/850 to 93/870).",Works,Open Tender,Item Rate,Civil Works,,No,No,"20,02,495",17-Feb-2023 03:00 PM,75,No,Online,,,1,27-Feb-2023 11:30 AM,assessment,Price Bid Opening Date,,"1,401,746.5",,PWD,2022-2023
ocds-kjhdrl-2023_PWD_69128_1,tender,tender,1,2024-11-08,2023_PWD_69128_1,Tender/2022-23-13783-13832 dated 15.02.2023,"Construction of additional accommodation in Govt. high school Lohgarh, Tehsil Paonta Sahib District Sirmour (HP). (SH- C/o two Nos. class rooms with Verandah) under deposit.",Works,Open Tender,Item Wise,Civil Works - Buildings,,No,No,"23,54,375",17-Feb-2023 04:30 PM,75,No,Online,,,1,27-Feb-2023 11:00 AM,assessment,Price Bid Opening Date,,"2,450,394",,PWD,2022-2023
ocds-kjhdrl-2023_PWD_69128_2,tender,tender,1,2024-11-08,2023_PWD_69128_2,Tender/2022-23-13783-13832 dated 15.02.2023,"Periodical renewal coat on Kolar Bilaspur road Km. 0/0 to 12/00. (SH- Repair of pot holes by providing and laying bituminious macadam tack coat and 30mm thick bituminious concrete in Km. 1/0 to 2/0, 2/0 to 3/0, 3/0 to 3/500 and 3/500 to 4/0) Under AM",Works,Open Tender,Item Wise,Civil Works - Roads,,No,No,"56,59,314",17-Feb-2023 04:30 PM,75,No,Online,,,1,27-Feb-2023 11:00 AM,assessment,Price Bid Opening Date,,"5,769,130",,PWD,2022-2023
ocds-kjhdrl-2023_PWD_69128_3,tender,tender,1,2024-11-08,2023_PWD_69128_3,Tender/2022-23-13783-13832 dated 15.02.2023,Periodical renewal on Paonta Puruwala Singhpura Bhagani Dak Pathar road km. 0/0 to 26/500. (MDR-94).,Works,Open Tender,Item Wise,Civil Works - Roads,,No,No,"93,50,954",17-Feb-2023 04:30 PM,75,No,Online,,,1,27-Feb-2023 11:00 AM,assessment,Price Bid Opening Date,,"9,699,778",,PWD,2022-2023
ocds-kjhdrl-2023_PWD_69165_1,tender,tender,1,2024-11-08,2023_PWD_69165_1,C/oToilet Block Madho da Tilla Under Bharwain Divn,Const of Toilet Block at Madho Do Tilla Chintpurni Tehsil Amb Distt. Una SH CO Main building water supply and sanitary installation site development against SADA deposit,Works,Open Tender,Percentage,Civil Works,,No,No,"37,55,138",17-Feb-2023 05:00 PM,75,No,Online,,,1,24-Feb-2023 11:30 AM,assessment,Price Bid Opening Date,,"3,885,816",,PWD,2022-2023
ocds-kjhdrl-2023_PWD_69166_1,tender,tender,1,2024-11-08,2023_PWD_69166_1,13946-50 dated 14-02-2023,"C/O soling drain M/T Ramshehar Sunna Nerli road from Kafled to harijan basti Village silon near home Sh Bhagat Ram GP behari Km 0/0 to 2/00 (SH P/L Gr-1 0/0 to 0/500, 900mm dia pipe culvert at RD 0/750, 0/810, 0/900, 0/990 u shape drain 0/400 to0/7",Works,Open Tender,Item Rate,Civil Works,,No,No,"18,99,228",17-Feb-2023 04:00 PM,75,No,Online,,,1,27-Feb-2023 11:30 AM,assessment,Price Bid Opening Date,,"1,552,625",,PWD,2022-2023
ocds-kjhdrl-2023_PWD_69186_1,tender,tender,1,2024-11-08,2023_PWD_69186_1,NON Residential Build.AE Amb Under Bharwain Divn,AR and M/O Non Residential building Assistant Engineer Office HPPWD Sub Division Bharwain SH Const of Septic tank and repair of toilet etc,Works,Open Tender,Percentage,Civil Works,,No,No,"3,31,681",17-Feb-2023 05:00 PM,75,No,Online,,,1,24-Feb-2023 11:30 AM,assessment,Price Bid Opening Date,,"346,938",,PWD,2022-2023
ocds-kjhdrl-2023_PWD_69211_1,tender,tender,1,2024-11-08,2023_PWD_69211_1,PWI/CB/C/Tender/10417-47,Periodic Renewal of PMGSY Roads Badukhar to Bela Ludhiarchan Road AMP for year 2023-24,Works,Open Tender,Item Rate,Civil Works,,No,No,"12,39,157",20-Feb-2023 09:00 AM,120,No,Online,,,1,14-Mar-2023 11:00 AM,assessment,Price Bid Opening Date,,"959,624",,PWD,2022-2023
ocds-kjhdrl-2023_PWD_69211_12,tender,tender,1,2024-11-08,2023_PWD_69211_12,PWI/CB/C/Tender/10417-47,Periodic Renewal of PMGSY Roads Purani Gangath to Kuttan Road AMP for year 2023-24,Works,Open Tender,Item Rate,Civil Works,,No,No,"13,40,777",20-Feb-2023 09:00 AM,120,No,Online,,,1,14-Mar-2023 11:00 AM,assessment,Price Bid Opening Date,,"977,184",,PWD,2022-2023
ocds-kjhdrl-2023_PWD_69211_15,tender,tender,1,2024-11-08,2023_PWD_69211_15,PWI/CB/C/Tender/10417-47,Periodic Renewal of PMGSY Roads Gangath to Palakh Road under AMP for year 2023-24,Works,Open Tender,Item Rate,Civil Works,,No,No,"8,03,914",20-Feb-2023 09:00 AM,120,No,Online,,,1,14-Mar-2023 11:00 AM,assessment,Price Bid Opening Date,,"562,739",,PWD,2022-2023
ocds-kjhdrl-2023_PWD_69211_16,tender,tender,1,2024-11-08,2023_PWD_69211_16,PWI/CB/C/Tender/10417-47,A/R and M/O to Mohtli Indora Alignment IO Road KM 0/0 to 10/0,Works,Open Tender,Item Rate,Civil Works,,No,No,"8,89,248",20-Feb-2023 09:00 AM,120,No,Online,,,1,14-Mar-2023 11:00 AM,assessment,Price Bid Opening Date,,"622,538",,PWD,2022-2023
ocds-kjhdrl-2023_PWD_69211_2,tender,tender,1,2024-11-08,2023_PWD_69211_2,PWI/CB/C/Tender/10417-47,Periodic Renewal of Rural Roads Badukhar to Hatli Khas Road AMP for year 2023-24,Works,Open Tender,Item Rate,Civil Works,,No,No,"26,03,654",20-Feb-2023 09:00 AM,120,No,Online,,,1,14-Mar-2023 11:00 AM,assessment,Price Bid Opening Date,,"1,979,873",,PWD,2022-2023
ocds-kjhdrl-2023_PWD_69211_3,tender,tender,1,2024-11-08,2023_PWD_69211_3,PWI/CB/C/Tender/10417-47,Periodic Renewal of PMGSY Roads Dharwal to Small Road AMP for year 2023-24,Works,Open Tender,Item Rate,Civil Works,,No,No,"51,49,436",20-Feb-2023 09:00 AM,120,No,Online,,,1,14-Mar-2023 11:00 AM,assessment,Price Bid Opening Date,,"3,849,776",,PWD,2022-2023
ocds-kjhdrl-2023_PWD_69211_4,tender,tender,1,2024-11-08,2023_PWD_69211_4,PWI/CB/C/Tender/10417-47,Periodic Renewal of Village Road Bholan Ka Talu to Souhra Road AMP for year 2023-24,Works,Open Tender,Item Rate,Civil Works,,No,No,"33,32,058",20-Feb-2023 09:00 AM,120,No,Online,,,1,14-Mar-2023 11:00 AM,assessment,Price Bid Opening Date,,"2,332,441",,PWD,2022-2023
ocds-kjhdrl-2023_PWD_69211_7,tender,tender,1,2024-11-08,2023_PWD_69211_7,PWI/CB/C/Tender/10417-47,Periodic Renewal of Village Road Rit to Janera Road AMP for year 2023-24,Works,Open Tender,Item Rate,Civil Works,,No,No,"26,80,119",20-Feb-2023 09:00 AM,120,No,Online,,,1,14-Mar-2023 11:00 AM,assessment,Price Bid Opening Date,,"1,954,598",,PWD,2022-2023
ocds-kjhdrl-2023_PWD_69211_9,tender,tender,1,2024-11-08,2023_PWD_69211_9,PWI/CB/C/Tender/10417-47,Periodic Renewal of Village Road Lodhwan to Janera via Mehkar Road AMP for year 2023-24,Works,Open Tender,Item Rate,Civil Works,,No,No,"40,49,218",20-Feb-2023 09:00 AM,120,No,Online,,,1,14-Mar-2023 11:00 AM,assessment,Price Bid Opening Date,,"2,973,543",,PWD,2022-2023
ocds-kjhdrl-2023_PWD_69218_5,tender,tender,1,2024-11-08,2023_PWD_69218_5,SD-III-T-28947-66dt.16-2-23,Annual repair and Maintenance to various residential buildings,Works,Open Tender,Percentage,Civil Works - Buildings,,No,No,,22-Feb-2023 09:00 AM,75,No,Online,,,1,01-Mar-2023 11:00 AM,assessment,Price Bid Opening Date,,"970,402",,PWD,2022-2023
ocds-kjhdrl-2023_PWD_69269_1,tender,tender,1,2024-11-08,2023_PWD_69269_1,PWTDD-GA-NIT-22-23-17075-83 DT.16.02.2023,Annual maintenance plan for the year 2023-24 on Tauni Devi Uhal Kakkar Bajrol Jungle Beri road km,Works,Open Tender,Percentage,Civil Works,,No,No,"28,38,881",20-Feb-2023 04:15 PM,75,No,Online,,,1,01-Mar-2023 11:00 AM,assessment,Price Bid Opening Date,,"2,488,280",,PWD,2022-2023
ocds-kjhdrl-2023_PWD_69270_1,tender,tender,1,2024-11-08,2023_PWD_69270_1,SD-III-T-28927-46dt.16-2-23,"Repair/ Renovation to Minister House No 4 at Grant Lodge, Shimla-2, (SH - Paining, Polishing and Distempering, Renovation of Kitchen, toilets, repair of roofing, repair of flooring, etc.)",Works,Open Tender,Percentage,Civil Works - Buildings,,No,No,,21-Feb-2023 09:00 AM,75,No,Online,,,1,28-Feb-2023 11:00 AM,assessment,Price Bid Opening Date,,"693,035",,PWD,2022-2023
ocds-kjhdrl-2023_PWD_69270_3,tender,tender,1,2024-11-08,2023_PWD_69270_3,SD-III-T-28927-46dt.16-2-23,"Repair/ Renovation to Minister House No 11 at Grant Lodge, Shimla-2, (SH- Paining, Polishing and Distempering, Renovation of Kitchen, toilets, repair of roofing, repair of flooring, etc.)",Works,Open Tender,Percentage,Civil Works - Buildings,,No,No,,21-Feb-2023 09:00 AM,75,No,Online,,,1,28-Feb-2023 11:00 AM,assessment,Price Bid Opening Date,,"1,106,941",,PWD,2022-2023
ocds-kjhdrl-2023_PWD_69270_5,tender,tender,1,2024-11-08,2023_PWD_69270_5,SD-III-T-28927-46dt.16-2-23,"Repair/ Renovation to Minister House No 5 at Grant Lodge, Shimla-2, (SH- Paining, Polishing and Distempering, Renovation of Kitchen, toilets, repair of roofing, repair of flooring, etc.)",Works,Open Tender,Percentage,Civil Works - Buildings,,No,No,,21-Feb-2023 09:00 AM,75,No,Online,,,1,28-Feb-2023 11:00 AM,assessment,Price Bid Opening Date,,"1,732,493",,PWD,2022-2023
ocds-kjhdrl-2023_PWD_69276_1,tender,tender,1,2024-11-08,2023_PWD_69276_1,PWTDD-GA-NIT-22-23-17075-83 DT.16.02.2023,Annual maintenance plan for the year 202324 on Kakkar to Chhamb road,Works,Open Tender,Percentage,Civil Works,,No,No,"54,13,373",20-Feb-2023 05:00 PM,75,No,Online,,,1,01-Mar-2023 11:00 AM,assessment,Price Bid Opening Date,,"4,723,168",,PWD,2022-2023
ocds-kjhdrl-2023_PWD_69287_1,tender,tender,1,2024-11-08,2023_PWD_69287_1,PWTDD-GA-NIT-22-23-17075-83 DT.16.02.2023,Annual maintenance plan for the year 2023-24 on link road from Purli to Kujabalh via Jiana,Works,Open Tender,Percentage,Civil Works,,No,No,"30,28,694",20-Feb-2023 05:20 PM,75,No,Online,,,1,01-Mar-2023 11:00 AM,assessment,Price Bid Opening Date,,"2,690,994",,PWD,2022-2023
ocds-kjhdrl-2023_PWD_69308_2,tender,tender,1,2024-11-08,2023_PWD_69308_2,Nagrota 21,Restoration of rain damages on link road to village Batlahru Km 0/000 to 0/575 in Distt. Kangra (H.P.).(SH-Providing and laying wearing and tarring in Km 0/000 to 0/575),Works,Open Tender,Percentage,Civil Works - Roads,,No,No,"6,56,792",21-Feb-2023 11:10 AM,120,No,Online,,,1,28-Feb-2023 11:30 AM,assessment,Price Bid Opening Date,,"597,681",,PWD,2022-2023
ocds-kjhdrl-2023_PWD_69308_4,tender,tender,1,2024-11-08,2023_PWD_69308_4,Nagrota 21,"Special Repair of Rajiv Gandhi Govt. Engineering College Kangra at Nagrota Bagwan in District Kangra, (H.P.). DEPOSIT WORK.(SH-Repair of False Ceiling work in Lecture Theatre Block.)",Works,Open Tender,Percentage,Civil Works - Buildings,,No,No,"3,93,896",23-Feb-2023 12:40 PM,120,No,Online,,,1,02-Mar-2023 11:30 AM,assessment,Price Bid Opening Date,,"328,903",,PWD,2022-2023
ocds-kjhdrl-2023_PWD_69315_1,tender,tender,1,2024-11-08,2023_PWD_69315_1,13511-17,AMPMDR112lathanikodratalai,Works,Open Tender,Item Rate,Civil Works - Roads,,No,No,"39,10,756",22-Feb-2023 03:15 PM,30,No,Online,,,1,28-Feb-2023 12:30 PM,assessment,Price Bid Opening Date,,"3,279,168.91",,PWD,2022-2023
ocds-kjhdrl-2023_PWD_69315_4,tender,tender,1,2024-11-08,2023_PWD_69315_4,13511-17,AMPBBCsamohtingu,Works,Open Tender,Item Rate,Civil Works - Roads,,No,No,"30,38,177",22-Feb-2023 03:15 PM,30,No,Online,,,1,28-Feb-2023 12:30 PM,assessment,Price Bid Opening Date,,"2,491,305",,PWD,2022-2023
ocds-kjhdrl-2023_PWD_69315_6,tender,tender,1,2024-11-08,2023_PWD_69315_6,13511-17,AMPJhabolaGoacher,Works,Open Tender,Item Rate,Civil Works - Roads,,No,No,"15,41,979",22-Feb-2023 03:15 PM,30,No,Online,,,1,28-Feb-2023 12:30 PM,assessment,Price Bid Opening Date,,"1,279,842.57",,PWD,2022-2023
ocds-kjhdrl-2023_PWD_69330_2,tender,tender,1,2024-11-08,2023_PWD_69330_2,25724-26 dated 17.02.2023,Annual Surfacing on Shoghi Mehli Road Km. 0/00 to 12/375,Works,Open Tender,Percentage,Civil Works - Roads,,No,No,"91,13,845",21-Feb-2023 03:00 PM,75,No,Online,,,1,02-Mar-2023 11:00 AM,assessment,Price Bid Opening Date,,"8,029,297",,PWD,2022-2023
ocds-kjhdrl-2023_PWD_69351_1,tender,tender,1,2024-11-08,2023_PWD_69351_1,PW-BSR-E-105-22-23-19279-378 dt. 16.02.2023,ANNUAL MAINTENANCE PLAN ON SALAUNI BIJHARI DEOTSIDH ROAD.,Works,Open Tender,Percentage,Civil Works - Roads,,No,No,"85,23,608",24-Feb-2023 10:30 AM,60,No,Online,,,1,03-Mar-2023 12:00 PM,assessment,Price Bid Opening Date,,"7,245,066",,PWD,2022-2023
ocds-kjhdrl-2023_PWD_69367_2,tender,tender,1,2024-11-08,2023_PWD_69367_2,NAHAN 12981-13001 II,A/R and M/O Nahan Dadahu Haripurdhar Road Km 9/0 to 36/0 and Jamta Mahipur Bechar Ka Bag Road Km 0/0 to 27/585,Works,Open Tender,Item Rate,Civil Works - Roads,,No,No,"40,77,175",21-Feb-2023 05:00 PM,75,No,Online,,,1,03-Mar-2023 11:00 AM,assessment,Price Bid Opening Date,,"3,299,890",,PWD,2022-2023
ocds-kjhdrl-2023_PWD_69401_1,tender,tender,1,2024-11-08,2023_PWD_69401_1,Electrical Division-I dated 16.02.2023,Construction of residential portion at Ayurvedic Health Dispensary Delgi Tehsil Distt. Solan H.P SH Providing E.I thereof,Works,Open Tender,Item Rate,Electrical Works,,No,No,"1,50,373",22-Feb-2023 05:00 PM,90,No,Both(Online/Offline),,,1,01-Mar-2023 11:30 AM,assessment,Price Bid Opening Date,,"157,510",,PWD,2022-2023
ocds-kjhdrl-2023_PWD_69404_1,tender,tender,1,2024-11-08,2023_PWD_69404_1,Electrical Division-I dated 16.02.2023,CO Indoor Auditorium for Cultural Activities at Solan HP SH Balance work of VRV System therein,Works,Open Tender,Item Rate,Electrical Works,,No,No,"4,73,210",22-Feb-2023 05:00 PM,90,No,Both(Online/Offline),,,1,01-Mar-2023 11:30 AM,assessment,Price Bid Opening Date,,"472,770",,PWD,2022-2023
ocds-kjhdrl-2023_PWD_69405_1,tender,tender,1,2024-11-08,2023_PWD_69405_1,Electrical Division-I dated 16.02.2023,"Providing wiring in the Legal Defense Council office in Judicial Court Complex Solan, Distt. Solan HP.",Works,Open Tender,Item Rate,Electrical Works,,No,No,"1,55,814",22-Feb-2023 05:00 PM,90,No,Both(Online/Offline),,,1,01-Mar-2023 11:30 AM,assessment,Price Bid Opening Date,,"158,010",,PWD,2022-2023
ocds-kjhdrl-2023_PWD_69409_1,tender,tender,1,2024-11-08,2023_PWD_69409_1,Electrical Division-I dated 16.02.2023,Providing Special Repair and Additional Alteration of E.I and installation of water lifting pump in O O Advocate General HP High Court Shimla 1,Works,Open Tender,Item Rate,Electrical Works,,No,No,"2,14,733",22-Feb-2023 05:00 PM,90,No,Both(Online/Offline),,,1,01-Mar-2023 11:30 AM,assessment,Price Bid Opening Date,,"219,350",,PWD,2022-2023
ocds-kjhdrl-2023_PWD_69410_1,tender,tender,1,2024-11-08,2023_PWD_69410_1,Electrical Division-I dated 16.02.2023,CO Multi Storey Parking Office Accommodation at HP Secretariat Armsdale Phase-III Shimla SH Providing MS Pipe from rain harvesting tank to pump house for Fire Fighting System therein,Works,Open Tender,Item Rate,Electrical Works,,No,No,"4,95,784",22-Feb-2023 05:00 PM,90,No,Both(Online/Offline),,,1,01-Mar-2023 11:30 AM,assessment,Price Bid Opening Date,,"514,352",,PWD,2022-2023
ocds-kjhdrl-2023_PWD_69414_1,tender,tender,1,2024-11-08,2023_PWD_69414_1,Electrical Division-I dated 16.02.2023,Providing repair replacement of wiring light Heating in Conference Hall of Gaiety Theater Complex Shimla-1.,Works,Open Tender,Item Rate,Electrical Works,,No,No,"1,86,521",22-Feb-2023 05:00 PM,90,No,Both(Online/Offline),,,1,01-Mar-2023 11:30 AM,assessment,Price Bid Opening Date,,"191,403",,PWD,2022-2023
ocds-kjhdrl-2023_PWD_69421_1,tender,tender,1,2024-11-08,2023_PWD_69421_1,Electrical Division-I dated 16.02.2023,Providing Special repair to E.I in Lokatyukta Residence Stokes mount Near Ramchandera Chowk Shimla H.P SH Providing 10 KVA inverter therein,Works,Open Tender,Item Rate,Electrical Works,,No,No,"4,29,452",22-Feb-2023 05:00 PM,90,No,Both(Online/Offline),,,1,01-Mar-2023 11:30 AM,assessment,Price Bid Opening Date,,"448,620",,PWD,2022-2023
ocds-kjhdrl-2023_PWD_69428_1,tender,tender,1,2024-11-08,2023_PWD_69428_1,Electrical Division-I dated 16.02.2023,Providing Special repair to E.I in old and new Block of Industries office at Majitha House Shimla-2.,Works,Open Tender,Item Rate,Electrical Works,,No,No,"8,31,418",22-Feb-2023 05:00 PM,90,No,Both(Online/Offline),,,1,01-Mar-2023 11:30 AM,assessment,Price Bid Opening Date,,"836,325",,PWD,2022-2023
ocds-kjhdrl-2023_PWD_69461_1,tender,tender,1,2024-11-08,2023_PWD_69461_1,PW-BLP1-CBe-proc/23-19299-350 dt 9.2.23,Upgradation of Sakroha Manjhwar Jabalyana Sohar road under NABARD.,Works,Open Tender,Item Rate,Civil Works - Roads,,No,No,"15,07,53,775",22-Feb-2023 05:10 PM,75,No,Online,,,1,06-Mar-2023 11:00 AM,assessment,Price Bid Opening Date,,"107,932,426",,PWD,2022-2023
ocds-kjhdrl-2023_PWD_69473_1,tender,tender,1,2024-11-08,2023_PWD_69473_1,15022023.0,"Upgradation of road from Chunrighatti to Yan via Bhad Kms 0/0 to 9/600 (SH Protection works , Cross Drainages work, Metalling and Tarring , Parapets , V-Shape drain , Road Furniture in Rds. 0/0 to 9/600)",Works,Open Tender,Percentage,Civil Works - Roads,,No,No,"3,00,21,016",22-Feb-2023 06:00 PM,75,No,Online,,,1,07-Mar-2023 11:00 AM,assessment,Price Bid Opening Date,,"26,056,942",,PWD,2022-2023
ocds-kjhdrl-2023_PWD_69473_2,tender,tender,1,2024-11-08,2023_PWD_69473_2,15022023.0,"Construction and Up-gradation of link road from Mandorghat to Jamog via Bhargan KMs 0/0 to 5/040)(SH Formation cutting , B/Wall, E/Wall, side drain Metalling and Tarring, Parapets , and crash barrier in KMs 0/0 to 5/040)",Works,Open Tender,Percentage,Civil Works - Roads,,No,No,"4,28,49,217",22-Feb-2023 06:00 PM,75,No,Online,,,1,07-Mar-2023 11:00 AM,assessment,Price Bid Opening Date,,"36,447,473",,PWD,2022-2023
ocds-kjhdrl-2023_PWD_69491_1,tender,tender,1,2024-11-08,2023_PWD_69491_1,PW-SKT-CB-Tender/2022-23 15738-40 dt - 08.02.202,Special Repair to Govt. Sen. Sec. School building at Jamni Tehsil Sarkaghat Distt. Mandi HP,Works,Open Tender,Percentage,Civil Works - Buildings,,No,No,"1,22,323",22-Feb-2023 06:40 PM,90,No,Online,,,1,28-Feb-2023 11:30 AM,assessment,Price Bid Opening Date,,"111,803",,PWD,2022-2023
ocds-kjhdrl-2023_PWD_69503_1,tender,tender,1,2024-11-08,2023_PWD_69503_1,PW-SKT-CB-Tender/2022-23 15834-37 dt 08.02.2023,Periodic Maintenance on Padasala Hawani Bandropa Road Km. 0/0 to 3/0,Works,Open Tender,Percentage,Civil Works - Roads,,No,No,"15,97,769",23-Feb-2023 09:00 AM,90,No,Online,,,1,01-Mar-2023 11:30 AM,assessment,Price Bid Opening Date,,"1,650,974",,PWD,2022-2023
ocds-kjhdrl-2023_PWD_69504_1,tender,tender,1,2024-11-08,2023_PWD_69504_1,PW-SKT-CB-Tender/2022-23 15834-37 dt 08.02.2023,Periodic Maintenance on Padasala Hawani Bandropa Road Km. 0/0 to 3/0,Works,Open Tender,Percentage,Civil Works - Roads,,No,No,"15,82,160",23-Feb-2023 09:00 AM,90,No,Online,,,1,01-Mar-2023 11:30 AM,assessment,Price Bid Opening Date,,"1,634,845",,PWD,2022-2023
ocds-kjhdrl-2023_PWD_69513_1,tender,tender,1,2024-11-08,2023_PWD_69513_1,PWD-BD-TA-2022-23-19728-78,Balance work for Toilet work at Billing in Tehsil Baijnath,Works,Open Tender,Percentage,Civil Works,,No,No,"4,94,276",23-Feb-2023 11:00 AM,30,No,Offline,,,1,01-Mar-2023 11:30 AM,assessment,Price Bid Opening Date,,"518,001",,PWD,2022-2023
ocds-kjhdrl-2023_PWD_69530_1,tender,tender,1,2024-11-08,2023_PWD_69530_1,PW-SE-I-Tender-RIDF-NCD/ 23-23589-640 dt 22-02-23,"Construction of Tanda Kohla Tikkari Kawalkot Sidhkothi (Via Baba Balak Nath Mandir) Thapla Gobhal Galoo road (Portion Km. 1/300 to 5/150). Under NABARD RIDF-XXVI, Distt. Mandi (HP).",Works,Open Tender,Percentage,Civil Works - Roads,,No,No,"3,07,44,179",24-Feb-2023 10:00 AM,75,No,Both(Online/Offline),,,1,06-Mar-2023 11:00 AM,assessment,Price Bid Opening Date,,"17,739,391.53",,PWD,2022-2023
ocds-kjhdrl-2023_PWD_69544_1,tender,tender,1,2024-11-08,2023_PWD_69544_1,PW-SKT-CB-Tender/2022-23 15738-40 dt - 08.02.2023,Construction of Kalthari Tikkari Ropa Thathar Batail Road Km. 0/0 to 7/300,Works,Open Tender,Percentage,Civil Works - Roads,,No,No,"3,88,438",23-Feb-2023 01:15 PM,90,No,Online,,,1,28-Feb-2023 03:00 PM,assessment,Price Bid Opening Date,,"355,420",,PWD,2022-2023
ocds-kjhdrl-2023_PWD_69560_1,tender,tender,1,2024-11-08,2023_PWD_69560_1,Nagrota -23,"Construction of link road from Sera to Chhanwar including bridge over Daroon khad in G.P Sera Thana in Distt. Kangra (Himachal Pradesh). (SH Construction of Sub-Structure, Super Structure for 25.00 mtr. span foot bridge alongwith both side approaches",Works,Open Tender,Percentage,Civil Works - Bridges,,No,No,"49,46,840",23-Feb-2023 05:00 PM,120,No,Online,,,1,02-Mar-2023 11:30 AM,assessment,Price Bid Opening Date,,"3,820,443",,PWD,2022-2023
ocds-kjhdrl-2023_PWD_69573_1,tender,tender,1,2024-11-08,2023_PWD_69573_1,SD-III-T-29218-37dt.22-2-23,Special repair to HP Public Service Commission Office at Nigam Vihar Shimla (SH- Providng and fixing HDF flooring and pine wood ceiling in Conference Hall of HP Service H.P. Public Service Commission building at Nigam Vihar Shimla).,Works,Open Tender,Percentage,Civil Works - Buildings,,No,No,,24-Feb-2023 09:00 AM,75,No,Online,,,1,03-Mar-2023 11:00 AM,assessment,Price Bid Opening Date,,"519,854",,PWD,2022-2023
ocds-kjhdrl-2023_PWD_69590_1,tender,tender,1,2024-11-08,2023_PWD_69590_1,BGN/CT-1/2022-23-11425-50 dated 22.02.2023,Periodical Maintenance on Bangana Thathoon road via Tamlet in Km 0000 to 1300 and Link road from UAM Road to Village Muchalli in Km 0000 to 1000 SH PL 30mm thick Bituminous Concrete including Profile Correction,Works,Open Tender,Percentage,Civil Works - Roads,,No,No,"29,05,873",25-Feb-2023 10:00 AM,90,No,Online,,,1,09-Mar-2023 11:00 AM,assessment,Price Bid Opening Date,,"2,879,430",,PWD,2022-2023
ocds-kjhdrl-2023_PWD_69605_1,tender,tender,1,2024-11-08,2023_PWD_69605_1,A/R and M/O to Lower Andora Km. 0/0 to 4/0,A/R and M/O to Lower Andora Km. 0/0 to 4/0 and Link road Karluhi to Athwan Km. 0/0 to 4/600 (SH. Repair of Pot Holes),Works,Open Tender,Percentage,Civil Works - Roads,,No,No,"9,06,466",24-Feb-2023 10:00 AM,75,No,Online,,,1,04-Mar-2023 11:30 AM,assessment,Price Bid Opening Date,,"887,883",,PWD,2022-2023
ocds-kjhdrl-2023_PWD_69606_1,tender,tender,1,2024-11-08,2023_PWD_69606_1,A/R and M/O Mawakohlan to Nangal Jarialan road,A/R and M/O Mawakohlan to Nangal Jarialan road Km. 0/0 to 6/120,Works,Open Tender,Percentage,Civil Works - Roads,,No,No,"8,79,706",24-Feb-2023 10:00 AM,75,No,Online,,,1,04-Mar-2023 11:30 AM,assessment,Price Bid Opening Date,,"861,672",,PWD,2022-2023
ocds-kjhdrl-2023_PWD_69627_1,tender,tender,1,2024-11-08,2023_PWD_69627_1,NIT No.19107-66 DT.21-02-2023-Bhawarna,Construction of Additional Accommodation at Govt. Sr. Sec. School Kiarwan in Distt. Kangra,Works,Open Tender,Item Rate,Civil Works - Buildings,,No,No,"43,69,524",25-Feb-2023 10:00 AM,75,No,Online,,,1,06-Mar-2023 11:30 AM,assessment,Price Bid Opening Date,,"3,577,374.45",,PWD,2022-2023
ocds-kjhdrl-2023_PWD_69635_1,tender,tender,1,2024-11-08,2023_PWD_69635_1,Construction of Link road Krishna Nagar to Switch,"Construction of Link road Krishna Nagar to Switch Factory Ward No. 05 and 07 in GP Gagret Km. 0/0 to 4/500 (SH. P/L GSB, WMM and Tarring in Km. 1/0 to 1/325",Works,Open Tender,Percentage,Civil Works - Roads,,No,No,"8,21,423",24-Feb-2023 03:05 PM,75,No,Online,,,1,04-Mar-2023 11:30 AM,assessment,Price Bid Opening Date,,"816,494",,PWD,2022-2023
ocds-kjhdrl-2023_PWD_69639_1,tender,tender,1,2024-11-08,2023_PWD_69639_1,Improvement KudhiarMasiana road Km. 0/0 to 12/0,Improvement of KudhiarMasiana road from Km. 0/0 to 12/0,Works,Open Tender,Item Rate,Civil Works - Roads,,No,No,"10,16,85,408",24-Feb-2023 04:10 PM,75,No,Online,,,1,02-Mar-2023 11:00 AM,assessment,Price Bid Opening Date,,"105,300,000.01",,PWD,2022-2023
ocds-kjhdrl-2023_PWD_69691_1,tender,tender,1,2024-11-08,2023_PWD_69691_1,NIT No.19247-306 DT.22-02-2023-Bhawarna,Providing and laying Annual Surfacing (Periodic Maintenance) on Up-gradation of Panyali to Tapehar road in Km 13/0 to 14/0 under performance based Financial Incentive for the year 2022-23 (during the year 2023-24) under PMGSY roads in the state of H,Works,Open Tender,Item Rate,Civil Works - Roads,,No,No,"15,09,339",27-Feb-2023 10:00 AM,75,No,Online,,,1,06-Mar-2023 11:30 AM,assessment,Price Bid Opening Date,,"1,489,935",,PWD,2022-2023
ocds-kjhdrl-2023_PWD_69706_1,tender,tender,1,2024-11-08,2023_PWD_69706_1,14186-90 dated 21-02-2023,"Repair and maintenance of Panjehra Deoli road km 0/0 to 5/00 (SH P/L Gravel/ soil Aggregate base, Gr-II, Gr-III in km 2/00 to 5/00 in extension DBM in km 0/0 to 2/00) Under OFC/ Digging Charges Deposit).",Works,Open Tender,Item Rate,Civil Works,,No,No,"9,66,678",25-Feb-2023 03:00 PM,75,No,Online,,,1,09-Mar-2023 11:30 AM,assessment,Price Bid Opening Date,,"7,792,603.5",,PWD,2022-2023
ocds-kjhdrl-2023_PWD_69710_1,tender,tender,1,2024-11-08,2023_PWD_69710_1,NIT No.19330-89 DT.23-02-2023-Bhawarna,Construction of 9/7 Home Guard company Building at Dehan near Maranda.,Works,Open Tender,Item Rate,Civil Works - Buildings,,No,No,"5,83,450",27-Feb-2023 10:00 AM,75,No,Online,,,1,07-Mar-2023 11:30 AM,assessment,Price Bid Opening Date,,"408,414",,PWD,2022-2023
ocds-kjhdrl-2023_PWD_69714_4,tender,tender,1,2024-11-08,2023_PWD_69714_4,PW-NBT/CB/Tender/2022/15245-48 dated 24.02.2023,Annual Maintenance Plan for year 2023-2024 (Major District Roads) on Swarghat Naina Devi Ji Bhakra road Km. 8/0 to 9/0 and 12/0 to 13/0 (SH- Providing and lying 30mm thick bituminous concrete) (MDR-0031),Works,Open Tender,Percentage,Civil Works,,No,No,"37,20,960",27-Feb-2023 10:00 AM,75,No,Online,,,1,04-Mar-2023 11:30 AM,assessment,Price Bid Opening Date,,"3,025,140",,PWD,2022-2023
ocds-kjhdrl-2023_PWD_69753_1,tender,tender,1,2024-11-08,2023_PWD_69753_1,Elect. Division HPPWD Palampur,Additional Accommodation for CHC at Baroh in Tehsil Baroh Distt. Kangra (HP) (SH- Providing E.I. therein),Works,Open Tender,Percentage,Electrical Works,,No,No,"27,56,043",27-Feb-2023 05:00 PM,120,No,Online,,,1,06-Mar-2023 11:30 AM,assessment,Price Bid Opening Date,,"2,199,322",,PWD,2022-2023
ocds-kjhdrl-2023_PWD_69758_1,tender,tender,1,2024-11-08,2023_PWD_69758_1,Elect. Division HPPWD Palampur,"C/O Centre of Excellence in Mental Health for Dr. RPGMC Kangra at Tanda. (SH- SITC of 750 KVA DG Set, Balance work therein)",Works,Open Tender,Percentage,Electrical Works,,No,No,"19,32,830",27-Feb-2023 05:00 PM,120,No,Online,,,1,06-Mar-2023 11:30 AM,assessment,Price Bid Opening Date,,"1,889,342",,PWD,2022-2023
ocds-kjhdrl-2023_PWD_69762_1,tender,tender,1,2024-11-08,2023_PWD_69762_1,PW-JND-B and R-EA-I-NIT- 24713-62 dt. 24-02-2023,Periodical Maintenance of Baijnath Lad Bharol Kandapattan Road (HP0801MDR043) Major District Road under Annual Maintenance Plan 2023-24,Works,Open Tender,Percentage,Civil Works - Roads,,No,No,"23,31,249",01-Mar-2023 10:00 AM,30,No,Online,,,1,17-Mar-2023 11:30 AM,assessment,Price Bid Opening Date,,"2,447,578",,PWD,2022-2023
ocds-kjhdrl-2023_PWD_69766_1,tender,tender,1,2024-11-08,2023_PWD_69766_1,PW-JND-B and R-EA-I-NIT- 24713-62 dt. 24-02-2023,Periodical Maintenance of Baijnath Padhar Road (HP0801MDR056) Major District Road under Annual Maintenance Plan 2023-24,Works,Open Tender,Percentage,Civil Works - Roads,,No,No,"5,59,413",01-Mar-2023 10:00 AM,30,No,Online,,,1,17-Mar-2023 11:30 AM,assessment,Price Bid Opening Date,,"587,327",,PWD,2022-2023
ocds-kjhdrl-2023_PWD_69769_1,tender,tender,1,2024-11-08,2023_PWD_69769_1,PW-JND-B and R-EA-I-NIT- 24713-62 dt. 24-02-2023,Periodical Maintenance of Sandapattan Lad Bharol Basahi Banwar Kotli Road (HP0801MDR057) Major District Road under Annual Maintenance Plan 2023-24.,Works,Open Tender,Percentage,Civil Works - Roads,,No,No,"11,86,746",01-Mar-2023 10:00 AM,30,No,Online,,,1,17-Mar-2023 11:30 AM,assessment,Price Bid Opening Date,,"2,375,404",,PWD,2022-2023
ocds-kjhdrl-2023_PWD_69772_1,tender,tender,1,2024-11-08,2023_PWD_69772_1,PW-JND-B and R-EA-I-NIT- 24713-62 dt. 24-02-2023,Periodical Maintenance of Joginder Nagar Sakaghat Ghumarwin Road (HP0801MDR079) Major District Road under Annual Maintenance Plan 2023-24.,Works,Open Tender,Percentage,Civil Works - Roads,,No,No,"61,94,142",01-Mar-2023 10:00 AM,30,No,Online,,,1,17-Mar-2023 11:30 AM,assessment,Price Bid Opening Date,,"6,503,229",,PWD,2022-2023
ocds-kjhdrl-2023_PWD_69776_1,tender,tender,1,2024-11-08,2023_PWD_69776_1,PW-JND-B and R-EA-I-NIT- 24713-62 dt. 24-02-2023,Periodical Maintenance of Baijnath Padhar Road (HP0801MDR056) Major District Road under Annual Maintenance Plan 2023-24.,Works,Open Tender,Percentage,Civil Works - Roads,,No,No,"23,81,522",01-Mar-2023 10:00 AM,30,No,Online,,,1,17-Mar-2023 11:30 AM,assessment,Price Bid Opening Date,,"2,500,360",,PWD,2022-2023
ocds-kjhdrl-2023_PWD_69779_1,tender,tender,1,2024-11-08,2023_PWD_69779_1,PW-JND-B and R-EA-I-NIT- 24713-62 dt. 24-02-2023,Periodical Maintenance of Sainthal Bhala Ka Rihra road (Drobari too Salang) (HP0801VR0034) PMGSY Road under Annual Maintenance Plan 2023-24.,Works,Open Tender,Percentage,Civil Works - Roads,,No,No,"10,93,595",01-Mar-2023 10:00 AM,30,No,Online,,,1,17-Mar-2023 11:30 AM,assessment,Price Bid Opening Date,,"1,148,165",,PWD,2022-2023
ocds-kjhdrl-2023_PWD_69782_1,tender,tender,1,2024-11-08,2023_PWD_69782_1,PW-JND-B and R-EA-I-NIT- 24713-62 dt. 24-02-2023,Periodical Maintenance of Dhelu Har Tikroo road (HP0804VR0054) PMGSY Road under Annual Maintenance Plan 2023-24.,Works,Open Tender,Percentage,Civil Works - Roads,,No,No,"21,96,980",01-Mar-2023 10:00 AM,30,No,Online,,,1,17-Mar-2023 11:30 AM,assessment,Price Bid Opening Date,,"2,306,608",,PWD,2022-2023
ocds-kjhdrl-2023_PWD_69784_1,tender,tender,1,2024-11-08,2023_PWD_69784_1,PW-JND-B and R-EA-I-NIT- 24713-62 dt. 24-02-2023,Periodical Maintenance of Chaubin Banander Road (HP0801VR0059) Rural Road under Annual Maintenance Plan 2023-24.,Works,Open Tender,Percentage,Civil Works - Roads,,No,No,"32,69,454",01-Mar-2023 10:00 AM,30,No,Online,,,1,17-Mar-2023 11:30 AM,assessment,Price Bid Opening Date,,"342,600",,PWD,2022-2023
ocds-kjhdrl-2023_PWD_69787_1,tender,tender,1,2024-11-08,2023_PWD_69787_1,NIT No.19395-454 DT.24-02-2023-Bhawarna,Balance work of Construction of motorable bridge over Moul Khad between Bairghatta and Kandera Liora road Km 0/0 to 1/500,Works,Open Tender,Item Rate,Civil Works - Bridges,,No,No,"4,49,10,452",01-Mar-2023 10:00 AM,75,No,Online,,,1,09-Mar-2023 11:30 AM,assessment,Price Bid Opening Date,,"34,042,589",,PWD,2022-2023
ocds-kjhdrl-2023_PWD_69791_1,tender,tender,1,2024-11-08,2023_PWD_69791_1,M.T on link road Saily to Handola via Kamoon Patti,"M.T on link road Saily to Handola via Kamoon Pattian and construction of link road Saily to Mahadev Mandir via GPS Laubowal from Km 0.000 to Km 14.640 under NABARD RIDF XXVII SH. Formation cutting, C/o Retaining Wall, wire crate, CD Work, CC Pavemen",Works,Open Tender,Item Rate,Civil Works - Roads,,No,No,"11,61,35,767",28-Feb-2023 10:00 AM,75,No,Online,,,1,09-Mar-2023 11:00 AM,assessment,Price Bid Opening Date,,"119,059,788",,PWD,2022-2023
ocds-kjhdrl-2023_PWD_69793_1,tender,tender,1,2024-11-08,2023_PWD_69793_1,PW-JND-B and R-EA-I-NIT- 24713-62 dt. 24-02-2023,Periodical Maintenance of Lad Bharol Daled Bhageher Road (HP0801VR0062) Rural Road under Annual Maintenance Plan 2023-24.,Works,Open Tender,Percentage,Civil Works - Roads,,No,No,"22,77,831",01-Mar-2023 10:00 AM,30,No,Online,,,1,17-Mar-2023 11:30 AM,assessment,Price Bid Opening Date,,"2,391,494",,PWD,2022-2023
ocds-kjhdrl-2023_PWD_69799_1,tender,tender,1,2024-11-08,2023_PWD_69799_1,PW-JND-B and R-EA-I-NIT- 24713-62 dt. 24-02-2023,Periodical Maintenance of Utpur to Sandha Makan Road (HP0801VR0094) Rural Road under Annual Maintenance Plan 2023-24.,Works,Open Tender,Percentage,Civil Works - Roads,,No,No,"11,28,492",01-Mar-2023 10:00 AM,30,No,Online,,,1,17-Mar-2023 11:30 AM,assessment,Price Bid Opening Date,,"1,184,804",,PWD,2022-2023
ocds-kjhdrl-2023_PWD_69800_1,tender,tender,1,2024-11-08,2023_PWD_69800_1,SE Nurpur letter No. 8831-40 dt. 24.02.23,Construction of road from Pir Bar Satsang Ghar to Radha Swami Satsang Ghar at Beh Dhounta via Paniali i/c Causway on Dhounta Khad Km 0/0 to 7/160,Works,Open Tender,Item Rate,Civil Works,,No,No,"4,86,79,469",03-Mar-2023 10:00 AM,75,No,Online,,,1,14-Mar-2023 11:00 AM,assessment,Price Bid Opening Date,,"50,517,308",,PWD,2022-2023
ocds-kjhdrl-2023_PWD_69805_1,tender,tender,1,2024-11-08,2023_PWD_69805_1,PW-JND-B and R-EA-I-NIT- 24713-62 dt. 24-02-2023,Periodical Maintenance of Basalan to Jalari Lalha Tanhotu Road (HP0801VR0101) Rural Road under Annual Maintenance Plan 2023-24.,Works,Open Tender,Percentage,Civil Works - Roads,,No,No,"11,15,778",01-Mar-2023 10:00 AM,30,No,Online,,,1,17-Mar-2023 11:30 AM,assessment,Price Bid Opening Date,,"1,171,456",,PWD,2022-2023
ocds-kjhdrl-2023_PWD_69811_1,tender,tender,1,2024-11-08,2023_PWD_69811_1,PW-JND-B and R-EA-I-NIT- 24713-62 dt. 24-02-2023,Periodical Maintenance of Ladruhin Dohag Road (HP0801VR0031) Rural Road under Annual Maintenance Plan 2023-24.,Works,Open Tender,Percentage,Civil Works - Roads,,No,No,"11,10,260",01-Mar-2023 10:00 AM,30,No,Online,,,1,17-Mar-2023 11:30 AM,assessment,Price Bid Opening Date,,"1,165,661",,PWD,2022-2023
ocds-kjhdrl-2023_PWD_69814_1,tender,tender,1,2024-11-08,2023_PWD_69814_1,PW-JND-B and R-EA-I-NIT- 24713-62 dt. 24-02-2023,Periodical Maintenance of Chauntra to Lower Chauntra (HP0804VR0103) Rural Road under Annual Maintenance Plan 2023-24.,Works,Open Tender,Percentage,Civil Works - Roads,,No,No,"11,08,503",01-Mar-2023 10:00 AM,30,No,Online,,,1,17-Mar-2023 11:30 AM,assessment,Price Bid Opening Date,,"1,163,817",,PWD,2022-2023
ocds-kjhdrl-2023_PWD_69815_1,tender,tender,1,2024-11-08,2023_PWD_69815_1,PW-JND-B and R-EA-I-NIT- 24713-62 dt. 24-02-2023,Periodical Maintenance of Majharnoo Shyauri Kufroo Road (HP0801VR0132) and Majharnoo Kunduni Kufroo Road (HP0804VR0155) Rural Road under Annual Maintenance Plan 2023-24.,Works,Open Tender,Percentage,Civil Works - Roads,,No,No,"33,64,117",01-Mar-2023 10:00 AM,30,No,Online,,,1,17-Mar-2023 11:30 AM,assessment,Price Bid Opening Date,,"3,531,985",,PWD,2022-2023
ocds-kjhdrl-2023_PWD_69821_1,tender,tender,1,2024-11-08,2023_PWD_69821_1,PW-JND-B and R-EA-I-NIT- 24713-62 dt. 24-02-2023,Periodical Maintenance of Darkoti to Nichla Bhadyara Road (HP0804VR0156) Rural Road under Annual Maintenance Plan 2023-24.,Works,Open Tender,Percentage,Civil Works - Roads,,No,No,"22,64,494",01-Mar-2023 10:00 AM,30,No,Online,,,1,17-Mar-2023 11:30 AM,assessment,Price Bid Opening Date,,"2,377,492",,PWD,2022-2023
ocds-kjhdrl-2023_PWD_69824_1,tender,tender,1,2024-11-08,2023_PWD_69824_1,PW-JND-B and R-EA-I-NIT- 24713-62 dt. 24-02-2023,Periodical Maintenance of Jhamehar Banoun Road (HP0801VR0175) Rural Road under Annual Maintenance Plan 2023-24.,Works,Open Tender,Percentage,Civil Works - Roads,,No,No,"11,43,333",01-Mar-2023 10:00 AM,30,No,Online,,,1,17-Mar-2023 11:30 AM,assessment,Price Bid Opening Date,,"1,200,386",,PWD,2022-2023
ocds-kjhdrl-2023_PWD_69826_1,tender,tender,1,2024-11-08,2023_PWD_69826_1,PW-JND-B and R-EA-I-NIT- 24713-62 dt. 24-02-2023,Periodical Maintenance of Link road to Village Kothi Road (HP0804VR0235) Rural Road under Annual Maintenance Plan 2023-24.,Works,Open Tender,Percentage,Civil Works - Roads,,No,No,"22,62,506",01-Mar-2023 10:00 AM,30,No,Online,,,1,17-Mar-2023 11:30 AM,assessment,Price Bid Opening Date,,"2,375,404",,PWD,2022-2023
ocds-kjhdrl-2023_PWD_69843_1,tender,tender,1,2024-11-08,2023_PWD_69843_1,Job 1 Balance work for the Construction of link ro,"Job 1 Balance work for the Construction of link road Old Satsang Ghar Lalehri to Bhai Lal Dass Temple via Master Purb Singh House Butt Khurd, Kamrota km. 0-0 to 6-170 Sub Head Formation and Laying GSB, WMM, BC, Cat eye , Sign Board, KM stone KM 5-55",Works,Open Tender,Percentage,Civil Works - Roads,,No,No,"92,27,207",03-Mar-2023 09:00 AM,75,No,Online,,,1,10-Mar-2023 11:00 AM,assessment,Price Bid Opening Date,,"8,949,379",,PWD,2022-2023
ocds-kjhdrl-2023_PWD_69875_1,tender,tender,1,2024-11-08,2023_PWD_69875_1,PW-KMS-AB-NIT/2023-17524-25 dt 24.02.2023,C/O link road from Oddi to Upper Ghareothi Km 0/000 to q/200,Works,Open Tender,Item Rate,Civil Works - Roads,,No,No,"17,18,779",03-Mar-2023 05:00 PM,90,No,Online,,,1,10-Mar-2023 11:00 AM,assessment,Price Bid Opening Date,,"1,203,145",,PWD,2022-2023
ocds-kjhdrl-2023_PWD_69897_1,tender,tender,1,2024-11-08,2023_PWD_69897_1,SD-III-T29364-83,Restoration of rain damages of various roads under divison No. III Shimla. (SH- Laying of bituminous concrete in road from Peterhoff junction ot willys park etc. and road at Rd 0-00 to 0-340 near Peterhoff Shimla).,Works,Open Tender,Percentage,Civil Works - Roads,,No,No,"10,25,749",28-Feb-2023 06:55 PM,75,No,Online,,,1,07-Mar-2023 11:00 AM,assessment,Price Bid Opening Date,,"1,025,749",,PWD,2022-2023
ocds-kjhdrl-2023_PWD_69953_1,tender,tender,1,2024-11-08,2023_PWD_69953_1,Annual maintenance plan for Bhawarna to Jhunga Dev,Annual maintenance plan for Bhawarna to Jhunga Devi road DRRP No. HP0407VR000819101-03,Works,Open Tender,Item Rate,Civil Works - Roads,,No,No,"81,28,454",01-Mar-2023 03:30 PM,75,No,Online,,,1,07-Mar-2023 11:00 AM,assessment,Price Bid Opening Date,,"8,060,900",,PWD,2022-2023
ocds-kjhdrl-2023_PWD_69976_1,tender,tender,1,2024-11-08,2023_PWD_69976_1,27022023.0,"C/O Sandu to Talash via Bago road Km 0/00 to 3/105(SH- Formation cutting 5/7 Mtr wide, R/wall, B/wall, CD work, Road side unlined drain, P/L kharanja stone soling, C/O PCC parapets etc in KM 0/00 to 3/105) under NABARD-XXVIII",Works,Open Tender,Percentage,Civil Works - Roads,,No,No,"2,65,82,591",03-Mar-2023 04:00 PM,75,No,Online,,,1,03-Apr-2023 11:00 AM,assessment,Price Bid Opening Date,,"19,764,156",,PWD,2022-2023
ocds-kjhdrl-2023_PWD_69984_10,tender,tender,1,2024-11-08,2023_PWD_69984_10,SD-III-T-29452-72 dt.28-2-23,S/R to H.P. State Musseum building at Chaura Maidan Shimla-4 (SH-Providing and fixing ornamental/ Heritage Antique Display Table and polishing etc. in Bronze Gallery).,Works,Open Tender,Percentage,Civil Works - Buildings,,No,No,,02-Mar-2023 09:00 AM,75,No,Online,,,1,07-Mar-2023 11:00 AM,assessment,Price Bid Opening Date,,"395,468",,PWD,2022-2023
ocds-kjhdrl-2023_PWD_69984_12,tender,tender,1,2024-11-08,2023_PWD_69984_12,SD-III-T-29452-72 dt.28-2-23,"S/R to Armsdale building at HP secretariat Chotta Shimla SH P/F curtains with lining in room No. 403,407,409,411 etc.",Works,Open Tender,Percentage,Civil Works - Buildings,,No,No,,02-Mar-2023 09:00 AM,75,No,Online,,,1,13-Mar-2023 11:00 AM,assessment,Price Bid Opening Date,,"491,190",,PWD,2022-2023
ocds-kjhdrl-2023_PWD_69984_13,tender,tender,1,2024-11-08,2023_PWD_69984_13,SD-III-T-29452-72 dt.28-2-23,"S/R to Armsdale building at HP Secretariat Chotta Shimla (SH Providing and fixing curtains with lining in room No. 205,206,208 etc.",Works,Open Tender,Percentage,Civil Works - Buildings,,No,No,,02-Mar-2023 09:00 AM,75,No,Online,,,1,13-Mar-2023 11:00 AM,assessment,Price Bid Opening Date,,"491,700",,PWD,2022-2023
ocds-kjhdrl-2023_PWD_69984_16,tender,tender,1,2024-11-08,2023_PWD_69984_16,SD-III-T-29452-72 dt.28-2-23,A/R and M/O various non residential buildibngs under Divison No. III Shimla (SH- Renovation of kitchen in UCO bank ic all necessary fittings and guard room toilet i/c necessary fittings).,Works,Open Tender,Percentage,Civil Works - Buildings,,No,No,,02-Mar-2023 09:00 AM,75,No,Online,,,1,07-Mar-2023 11:00 AM,assessment,Price Bid Opening Date,,"230,794",,PWD,2022-2023
ocds-kjhdrl-2023_PWD_69984_17,tender,tender,1,2024-11-08,2023_PWD_69984_17,SD-III-T-29452-72 dt.28-2-23,"S/R residential building at Boileauganj Shimla. (SH- Repair of flooring, sanitary repair and painting and distempering etc in Castle Groove etc.).",Works,Open Tender,Percentage,Civil Works - Buildings,,No,No,,06-Mar-2023 09:00 AM,75,No,Online,,,1,13-Mar-2023 11:00 AM,assessment,Price Bid Opening Date,,"291,631",,PWD,2022-2023
ocds-kjhdrl-2023_PWD_69984_18,tender,tender,1,2024-11-08,2023_PWD_69984_18,SD-III-T-29452-72 dt.28-2-23,A/R and M/O to Public Service Commission Office building at Nigam Vihar Shimla-2 (SH- Exterior / Interior painting in Block-A and Block-B after Changing colour Scheme).,Works,Open Tender,Percentage,Civil Works - Canal,,No,No,,02-Mar-2023 09:00 AM,75,No,Online,,,1,07-Mar-2023 11:00 AM,assessment,Price Bid Opening Date,,"606,019",,PWD,2022-2023
ocds-kjhdrl-2023_PWD_69984_2,tender,tender,1,2024-11-08,2023_PWD_69984_2,SD-III-T-29452-72 dt.28-2-23,"S/R to HP State Museum building at Chaura Maidan, Shimla-4(SH Providing and fixing HDF AC-4 flooring in Entrance passage gallery and in scuopture gallery etc).",Works,Open Tender,Percentage,Civil Works - Buildings,,No,No,,01-Mar-2023 06:00 PM,75,No,Online,,,1,07-Mar-2023 11:00 AM,assessment,Price Bid Opening Date,,"428,963",,PWD,2022-2023
ocds-kjhdrl-2023_PWD_69984_4,tender,tender,1,2024-11-08,2023_PWD_69984_4,SD-III-T-29452-72 dt.28-2-23,S/R to various non residential buildings under Division No. III Shimla (SH- Renovation of gents and Ladies toilets including other miscellenous repair in UCO bank at Vidhan Sabha).,Works,Open Tender,Percentage,Civil Works - Buildings,,No,No,,01-Mar-2023 06:00 PM,75,No,Online,,,1,07-Mar-2023 11:00 AM,assessment,Price Bid Opening Date,,"417,755",,PWD,2022-2023
ocds-kjhdrl-2023_PWD_69984_5,tender,tender,1,2024-11-08,2023_PWD_69984_5,SD-III-T-29452-72 dt.28-2-23,"A/R and M/O to vouncil Chamber building at Vidhan Sabha Shimla. (SH- Construction of edge wall around flowr bed, P/L cement concerete near main gate of vidhan Sabha)",Works,Open Tender,Percentage,Civil Works - Buildings,,No,No,,01-Mar-2023 06:00 PM,75,No,Online,,,1,07-Mar-2023 11:00 AM,assessment,Price Bid Opening Date,,"296,501",,PWD,2022-2023
ocds-kjhdrl-2023_PWD_69984_7,tender,tender,1,2024-11-08,2023_PWD_69984_7,SD-III-T-29452-72 dt.28-2-23,"S/R to varous residential buildings under Division No. III Shimla. (SH- Repair of steel railing, floor tiles etc in block-D at Old MLA qtrs. near Boileauganj crossing at Shimla).",Works,Open Tender,Percentage,Civil Works - Buildings,,No,No,,01-Mar-2023 06:00 PM,75,No,Online,,,1,07-Mar-2023 11:00 AM,assessment,Price Bid Opening Date,,"316,602",,PWD,2022-2023
ocds-kjhdrl-2023_PWD_69984_8,tender,tender,1,2024-11-08,2023_PWD_69984_8,SD-III-T-29452-72 dt.28-2-23,"Special repair to various residential buildings under Division No. III Shimla (SH- Repair of platform and Construction of retaining wall, and other miscellaneous repair of work in block-D at Old MLA Qtrs. near Boileauganj Crossing at Shimla).",Works,Open Tender,Percentage,Civil Works - Buildings,,No,No,,02-Mar-2023 09:00 AM,75,No,Online,,,1,07-Mar-2023 11:00 AM,assessment,Price Bid Opening Date,,"346,344",,PWD,2022-2023
ocds-kjhdrl-2023_PWD_69984_9,tender,tender,1,2024-11-08,2023_PWD_69984_9,SD-III-T-29452-72 dt.28-2-23,S/R to various residential buildings under Division No.III Shimla (SH- Renovation of kitchen/repair of tile work and other miscellaneous repair work in C-24 at Old MLA Qtrs. near Boileauganj Shimla).,Works,Open Tender,Percentage,Civil Works - Buildings,,No,No,,02-Mar-2023 09:00 AM,75,No,Online,,,1,07-Mar-2023 11:00 AM,assessment,Price Bid Opening Date,,"228,270",,PWD,2022-2023
ocds-kjhdrl-2023_PWD_69995_1,tender,tender,1,2024-11-08,2023_PWD_69995_1,NIT No.19461-520 DT.25-02-2023-Bhawarna,Restoration of rain damages on Panyali to Tapehar road,Works,Open Tender,Item Rate,Civil Works - Roads,,No,No,"7,57,333",02-Mar-2023 11:30 AM,75,No,Online,,,1,10-Mar-2023 11:30 AM,assessment,Price Bid Opening Date,,"530,159",,PWD,2022-2023
ocds-kjhdrl-2023_PWD_70003_1,tender,tender,1,2024-11-08,2023_PWD_70003_1,Balance Work for the Construction of Link Road fro,Balance Work for the Construction of Link Road from Jansooh to Majra,Works,Open Tender,Percentage,Civil Works - Roads,,No,No,"24,32,557",03-Mar-2023 10:30 AM,75,No,Online,,,1,09-Mar-2023 12:00 PM,assessment,Price Bid Opening Date,,"2,371,744",,PWD,2022-2023
ocds-kjhdrl-2023_PWD_70019_1,tender,tender,1,2024-11-08,2023_PWD_70019_1,A/R and M/O ON SALAUNI BIJHARI DEOTSIDH ROAD,A/R M/O ON SALAUNI BIJHARI DEOTSIDH ROAD KM. 0/00 TO 20/500.,Works,Open Tender,Percentage,Civil Works - Roads,,No,No,"5,55,498",03-Mar-2023 10:30 AM,60,No,Online,,,1,09-Mar-2023 12:00 PM,assessment,Price Bid Opening Date,,"555,498",,PWD,2022-2023
ocds-kjhdrl-2023_PWD_70020_2,tender,tender,1,2024-11-08,2023_PWD_70020_2,Nagrota 02/03,"Construction of Balance work of link road from Mundla to Tikka Dhar to link village Lilly and Amtrar Km 2/900 to 5/660 in District Kangra, (H.P.).",Works,Open Tender,Percentage,Civil Works - Roads,,No,No,"5,72,714",02-Mar-2023 05:00 PM,120,No,Online,,,1,09-Mar-2023 11:00 AM,assessment,Price Bid Opening Date,,"400,956",,PWD,2022-2023
ocds-kjhdrl-2023_PWD_70020_3,tender,tender,1,2024-11-08,2023_PWD_70020_3,Nagrota 02/03,"Construction of Mundla Tikka Dhar road Km 4/650 to 4/675 in District Kangra, (H.P.). (SH-Construction of Retaining wall at RD 4/650 to 4/675)",Works,Open Tender,Percentage,Civil Works - Roads,,No,No,"13,40,325",02-Mar-2023 05:00 PM,120,No,Online,,,1,09-Mar-2023 11:00 AM,assessment,Price Bid Opening Date,,"938,227",,PWD,2022-2023
ocds-kjhdrl-2023_PWD_70020_4,tender,tender,1,2024-11-08,2023_PWD_70020_4,Nagrota 02/03,"Construction of Balance work of link road from Mundla to Tikka Dhar to link village Lilly and Amtrar Km 2/900 to 5/660 in District Kangra, (H.P.).",Works,Open Tender,Percentage,Civil Works - Roads,,No,No,"16,57,787",02-Mar-2023 05:00 PM,120,No,Online,,,1,09-Mar-2023 11:00 AM,assessment,Price Bid Opening Date,,"1,160,451",,PWD,2022-2023
ocds-kjhdrl-2023_PWD_70026_1,tender,tender,1,2024-11-08,2023_PWD_70026_1,A/R M/O ON SALAUNI BIJHARI DEOTSIDH ROAD KM. 0/0,A/R M/O ON SALAUNI BIJHARI DEOTSIDH ROAD KM. 0/00 TO 20/500.,Works,Open Tender,Percentage,Civil Works - Roads,,No,No,"5,62,129",03-Mar-2023 10:30 AM,60,No,Online,,,1,09-Mar-2023 12:00 PM,assessment,Price Bid Opening Date,,"408,122",,PWD,2022-2023
ocds-kjhdrl-2023_PWD_70034_6,tender,tender,1,2024-11-08,2023_PWD_70034_6,PW/TLD/AB/Tender/2022- 32935-55 dt. 28.02.2023,Construction of stage and boundary wall GSSS Panjain Tehsil Balichowki Distt Mandi HP SH Construction of Stage and boundary wall.,Works,Open Tender,Percentage,Civil Works,,No,No,"22,93,138",04-Mar-2023 05:00 PM,120,No,Online,,,1,15-Mar-2023 11:30 AM,assessment,Price Bid Opening Date,,"1,811,579",,PWD,2022-2023
ocds-kjhdrl-2023_PWD_70059_1,tender,tender,1,2024-11-08,2023_PWD_70059_1,PW-JND-B and R-EA-I-NIT- 24810-59 dt.25.02.2023,Construction of Govt. High School at Khaddar Tehsil Lad-Bharol District Mandi (H.P.),Works,Open Tender,Item Rate,Civil Works - Roads,,No,No,"5,24,802",03-Mar-2023 10:00 AM,30,No,Online,,,1,17-Mar-2023 11:30 AM,assessment,Price Bid Opening Date,,"511,620",,PWD,2022-2023
ocds-kjhdrl-2023_PWD_70063_1,tender,tender,1,2024-11-08,2023_PWD_70063_1,PW-JND-B and R-EA-I-NIT- 24810-59 dt.25.02.2023,Construction of Govt. ITI Joginder Nagar at Dohag District Mandi (H.P.),Works,Open Tender,Item Rate,Civil Works - Roads,,No,No,"5,29,015",03-Mar-2023 10:00 AM,30,No,Online,,,1,17-Mar-2023 11:30 AM,assessment,Price Bid Opening Date,,"357,265",,PWD,2022-2023
ocds-kjhdrl-2023_PWD_70075_1,tender,tender,1,2024-11-08,2023_PWD_70075_1,dshala 15518-50,"Improvement / Renovation / repair and maintenance of Art Gallery building at Dharamshala, Distt. Kangra (H.P.) (Deposit work)",Works,Open Tender,Item Rate,Civil Works,,No,No,"22,11,920",03-Mar-2023 12:00 PM,75,No,Online,,,1,13-Mar-2023 11:00 AM,assessment,Price Bid Opening Date,,"2,315,526",,PWD,2022-2023
ocds-kjhdrl-2023_PWD_70075_2,tender,tender,1,2024-11-08,2023_PWD_70075_2,dshala 15518-50,"Repair, Renovation and beautification of the H.P. State War Memorial at Dharamshala, Distt. Kangra H.P. (Deposit work)",Works,Open Tender,Item Rate,Civil Works,,No,No,"29,55,255",03-Mar-2023 12:00 PM,75,No,Online,,,1,13-Mar-2023 11:00 AM,assessment,Price Bid Opening Date,,"3,101,070",,PWD,2022-2023
ocds-kjhdrl-2023_PWD_70075_5,tender,tender,1,2024-11-08,2023_PWD_70075_5,dshala 15518-50,"Annual Repair and Maintenance of Dharamshala Yol Dadh Palampur road Km. 0/0 to 15/250 in Tehsil Dharamshala, Distt. Kangra H.P.",Works,Open Tender,Item Rate,Civil Works,,No,No,"5,08,000",03-Mar-2023 12:00 PM,30,No,Online,,,1,13-Mar-2023 11:00 AM,assessment,Price Bid Opening Date,,"520,700",,PWD,2022-2023
ocds-kjhdrl-2023_PWD_70075_6,tender,tender,1,2024-11-08,2023_PWD_70075_6,dshala 15518-50,"Construction of Sarai Hall Dhauladhar Sadan at Depot Bazar Dharamshala, Tehsil Dharamshala in Distt. Kangra HP (Deposit work)",Works,Open Tender,Item Rate,Civil Works,,No,No,"7,56,606",03-Mar-2023 12:00 PM,75,No,Online,,,1,13-Mar-2023 11:00 AM,assessment,Price Bid Opening Date,,"789,860",,PWD,2022-2023
ocds-kjhdrl-2023_PWD_70151_1,tender,tender,1,2024-11-08,2023_PWD_70151_1,SD-III-T-29473-93dt.28-2-23,"Special repair to various residential buildings under division no III Shimla. (SH - Repair of flooring, ceiling and door shutters in Secretary cottage at U.S Club Shimla.",Works,Open Tender,Percentage,Civil Works - Buildings,,No,No,,04-Mar-2023 09:00 AM,75,No,Online,,,1,10-Mar-2023 11:00 AM,assessment,Price Bid Opening Date,,"392,868",,PWD,2022-2023
ocds-kjhdrl-2023_PWD_70151_10,tender,tender,1,2024-11-08,2023_PWD_70151_10,SD-III-T-29473-93dt.28-2-23,"Special repair to various residential buildings under Division No. III Shimla. (SH-repair of Bathroom, Kitchen, repair of cupboard, PVC flooring and misellenous repair wok in block-2 set No. 10 at U.S. Club Shimla).",Works,Open Tender,Percentage,Civil Works - Buildings,,No,No,,04-Mar-2023 09:00 AM,75,No,Online,,,1,10-Mar-2023 11:00 AM,assessment,Price Bid Opening Date,,"383,739",,PWD,2022-2023
ocds-kjhdrl-2023_PWD_70151_11,tender,tender,1,2024-11-08,2023_PWD_70151_11,SD-III-T-29473-93dt.28-2-23,"A/R and M/O various residential buildings under Divison No.III Shimla. (SH- Repair of bath / W.C. , wall lining etc ad sanitary fittings in block -2 at U.S. Club Shimla).",Works,Open Tender,Percentage,Civil Works - Buildings,,No,No,,04-Mar-2023 09:00 AM,75,No,Online,,,1,10-Mar-2023 11:00 AM,assessment,Price Bid Opening Date,,"235,251",,PWD,2022-2023
ocds-kjhdrl-2023_PWD_70151_12,tender,tender,1,2024-11-08,2023_PWD_70151_12,SD-III-T-29473-93dt.28-2-23,"A/R and M/O various residential buildings under Division No. III Shimla. (SH- Painting, distempering and Polishing in New M.H. No. 6 at Yates Place under Benmore Section)",Works,Open Tender,Percentage,Civil Works - Buildings,,No,No,,04-Mar-2023 09:00 AM,75,No,Online,,,1,10-Mar-2023 11:00 AM,assessment,Price Bid Opening Date,,"242,845",,PWD,2022-2023
ocds-kjhdrl-2023_PWD_70151_14,tender,tender,1,2024-11-08,2023_PWD_70151_14,SD-III-T-29473-93dt.28-2-23,C/O 1000 units for Govt. Employees at Nabha Estate Shimla. (SH- Finishing work in block -2 O.H. at Nabha Estate Shimla).,Works,Open Tender,Percentage,Civil Works - Buildings,,No,No,,04-Mar-2023 09:00 AM,75,No,Online,,,1,10-Mar-2023 11:00 AM,assessment,Price Bid Opening Date,,"371,687",,PWD,2022-2023
ocds-kjhdrl-2023_PWD_70151_15,tender,tender,1,2024-11-08,2023_PWD_70151_15,SD-III-T-29473-93dt.28-2-23,"A/R and M/O various residential buildings under Division No. III Shimla. (SH- Construction of drain, edge wall. Laying of cement concrete over verandah near block No. 16 and R.H.S. of block-17 at U.S. Club Shimla).",Works,Open Tender,Percentage,Civil Works - Buildings,,No,No,,04-Mar-2023 09:00 AM,75,No,Online,,,1,10-Mar-2023 10:00 AM,assessment,Price Bid Opening Date,,"277,677",,PWD,2022-2023
ocds-kjhdrl-2023_PWD_70151_16,tender,tender,1,2024-11-08,2023_PWD_70151_16,SD-III-T-29473-93dt.28-2-23,S/R to various residential buildings under Division NO.III Shimla. (SH - Construction of tank stand in set No. C-10 and C-12 at Bemloe Shimla).,Works,Open Tender,Percentage,Civil Works - Buildings,,No,No,,04-Mar-2023 09:00 AM,75,No,Online,,,1,10-Mar-2023 11:00 AM,assessment,Price Bid Opening Date,,"302,464",,PWD,2022-2023
ocds-kjhdrl-2023_PWD_70151_2,tender,tender,1,2024-11-08,2023_PWD_70151_2,SD-III-T-29473-93dt.28-2-23,"A/R and M/O various residential buildings under division no III Shimla. (SH - Repair of flooring, cupboard, painting and distempering in block no.III set no 44 (Type-IV) at U.S Club Shimla)",Works,Open Tender,Percentage,Civil Works - Buildings,,No,No,,04-Mar-2023 09:00 AM,75,No,Online,,,1,10-Mar-2023 11:00 AM,assessment,Price Bid Opening Date,,"299,941",,PWD,2022-2023
ocds-kjhdrl-2023_PWD_70151_3,tender,tender,1,2024-11-08,2023_PWD_70151_3,SD-III-T-29473-93dt.28-2-23,S/R to various residential buildings under division no III Shimla. (SH- Painting and Polishing of set no 14 (Type VI) at Richmound Shimla),Works,Open Tender,Percentage,Civil Works - Buildings,,No,No,,04-Mar-2023 09:00 AM,75,No,Online,,,1,10-Mar-2023 11:00 AM,assessment,Price Bid Opening Date,,"354,016",,PWD,2022-2023
ocds-kjhdrl-2023_PWD_70151_5,tender,tender,1,2024-11-08,2023_PWD_70151_5,SD-III-T-29473-93dt.28-2-23,"A/R and M/O various residential buildings under division no III Shimla.(SH- Painting and distempering and other miscellenous repair work in set no.10 and 11at Richmound and Painting and distempering in block-17 set 5,6 block IV set no. 58 at U.S Club",Works,Open Tender,Percentage,Civil Works - Buildings,,No,No,,04-Mar-2023 09:00 AM,75,No,Online,,,1,10-Mar-2023 11:00 AM,assessment,Price Bid Opening Date,,"143,754",,PWD,2022-2023
ocds-kjhdrl-2023_PWD_70151_6,tender,tender,1,2024-11-08,2023_PWD_70151_6,SD-III-T-29473-93dt.28-2-23,"A/R and M/O Various residential buildings under diviion no III Shimla. (SH-Repair of bath/toilet, and sanitary repair work in Estimating wing set no.1 at U.S Club Shimla)",Works,Open Tender,Percentage,Civil Works - Buildings,,No,No,,04-Mar-2023 09:00 AM,75,No,Online,,,1,10-Mar-2023 11:00 AM,assessment,Price Bid Opening Date,,"147,268.7",,PWD,2022-2023
ocds-kjhdrl-2023_PWD_70151_7,tender,tender,1,2024-11-08,2023_PWD_70151_7,SD-III-T-29473-93dt.28-2-23,"A/R and M/O Various residential buildings under division no III Shimla. (SH- Repair of cupboard, repair of toilet, ceiling etc in C-11 at Bemloe Shimla.)",Works,Open Tender,Percentage,Civil Works - Bridges,,No,No,,04-Mar-2023 09:00 AM,75,No,Online,,,1,10-Mar-2023 11:00 AM,assessment,Price Bid Opening Date,,"149,220",,PWD,2022-2023
ocds-kjhdrl-2023_PWD_70153_1,tender,tender,1,2024-11-08,2023_PWD_70153_1,EE Plp NIT No. 19932-981 dt 1.3.2023,/O Bhagotla Rajnali Dharer road Km 0/00 to 4/500 (SW - Balance work of approaches of 10.00 mtrs Span RCC Slab Culvert at RD 3/960 on Bhagotla side (Upstream side) and earth filling behind approaches),Works,Open Tender,Item Rate,Civil Works - Roads,,No,No,"15,53,989",04-Mar-2023 10:00 AM,75,No,Online,,,1,09-Mar-2023 11:30 AM,assessment,Price Bid Opening Date,,"1,451,346",,PWD,2022-2023
ocds-kjhdrl-2023_PWD_70182_1,tender,tender,1,2024-11-08,2023_PWD_70182_1,No.15519-30 dated 24.02.2023,AMP for the year 2023-24 for Solan meenus road km 2/0 to 9/300 (MDR-02),Works,Open Tender,Item Rate,Civil Works,,No,No,,04-Mar-2023 11:30 AM,90,No,Online,,,1,14-Mar-2023 11:00 AM,assessment,Price Bid Opening Date,,"5,508,080",,PWD,2022-2023
ocds-kjhdrl-2023_PWD_70194_1,tender,tender,1,2024-11-08,2023_PWD_70194_1,Electrical Division-I dated 27.02.2023,Additional alteration to ATTIC floor in the science Block building converted into District Ayurvedic Hospital Building at Nahan Distt. Sirmour SH Providing E.I therein,Works,Open Tender,Item Rate,Electrical Works,,No,No,"2,79,619",06-Mar-2023 09:00 AM,90,No,Both(Online/Offline),,,1,13-Mar-2023 11:30 AM,assessment,Price Bid Opening Date,,"277,020",,PWD,2022-2023
ocds-kjhdrl-2023_PWD_70200_1,tender,tender,1,2024-11-08,2023_PWD_70200_1,Electrical Division-I dated 27.02.2023,CO Emergency response Support System 112 in Level 59.00 M existing parking Complex Tutikandi at Shimla SH Providing LAN cabling therein,Works,Open Tender,Item Rate,Electrical Works,,No,No,"3,50,148",05-Mar-2023 03:30 PM,90,No,Both(Online/Offline),,,1,13-Mar-2023 11:30 AM,assessment,Price Bid Opening Date,,"315,186",,PWD,2022-2023
ocds-kjhdrl-2023_PWD_70205_1,tender,tender,1,2024-11-08,2023_PWD_70205_1,Electrical Division-I dated 27.02.2023,Providing Special Repair Addition Alteration of E.I in set No. 5 8 in Block No. 1 type III Qtr. At U.S Club Shimla-1.,Works,Open Tender,Item Rate,Electrical Works,,No,No,"1,26,632",05-Mar-2023 03:20 PM,90,No,Both(Online/Offline),,,1,13-Mar-2023 11:30 AM,assessment,Price Bid Opening Date,,"132,277",,PWD,2022-2023
ocds-kjhdrl-2023_PWD_70208_1,tender,tender,1,2024-11-08,2023_PWD_70208_1,Electrical Division-I dated 27.02.2023,Providing Balance work of Central Heating System at DDU Hospital Shimla.,Works,Open Tender,Item Rate,Electrical Works,,No,No,"4,98,731",05-Mar-2023 03:20 PM,90,No,Both(Online/Offline),,,1,13-Mar-2023 11:30 AM,assessment,Price Bid Opening Date,,"522,350",,PWD,2022-2023
ocds-kjhdrl-2023_PWD_70210_1,tender,tender,1,2024-11-08,2023_PWD_70210_1,Electrical Division-I dated 27.02.2023,"Providing S R of Blower, Element, MCCB TP 3 pole, MCCB TP 4 Pole Thermostat, connector at Admn. Block HP. High Court Shimla",Works,Open Tender,Item Rate,Electrical Works,,No,No,"2,63,292",05-Mar-2023 03:20 PM,90,No,Both(Online/Offline),,,1,13-Mar-2023 11:30 AM,assessment,Price Bid Opening Date,,"262,870",,PWD,2022-2023
ocds-kjhdrl-2023_PWD_70212_1,tender,tender,1,2024-11-08,2023_PWD_70212_1,Electrical Division-I dated 27.02.2023,"Reconstruction On Old Line of set No. 1,2 at Winter Field Cottage Winter Field Shimla 3 SH Prov. E.I therein",Works,Open Tender,Item Rate,Electrical Works,,No,No,"2,78,538",05-Mar-2023 03:20 PM,90,No,Both(Online/Offline),,,1,13-Mar-2023 11:30 AM,assessment,Price Bid Opening Date,,"228,530",,PWD,2022-2023
ocds-kjhdrl-2023_PWD_70215_1,tender,tender,1,2024-11-08,2023_PWD_70215_1,Electrical Division-I dated 27.02.2023,"Providing Electrical installation to set No. 311 ,313 of block No. 25 at Sector-4 Parwanoo, tehsil Kasauli, Distt. Solan H.P",Works,Open Tender,Item Rate,Electrical Works,,No,No,"2,49,762",05-Mar-2023 03:00 PM,90,No,Both(Online/Offline),,,1,13-Mar-2023 11:30 AM,assessment,Price Bid Opening Date,,"256,900",,PWD,2022-2023
ocds-kjhdrl-2023_PWD_70220_1,tender,tender,1,2024-11-08,2023_PWD_70220_1,Electrical Division-I dated 27.02.2023,Providing Rewiring and Special Repair Additional Alternation to E.I in CJM Residence and Block No.4 set No. 48 at U.S Club Shimla.,Works,Open Tender,Item Rate,Electrical Works,,No,No,"3,59,064",06-Mar-2023 09:00 AM,90,No,Both(Online/Offline),,,1,13-Mar-2023 11:30 AM,assessment,Price Bid Opening Date,,"376,530",,PWD,2022-2023
ocds-kjhdrl-2023_PWD_70225_1,tender,tender,1,2024-11-08,2023_PWD_70225_1,Electrical Division-I dated 27.02.2023,CO Work Station in fourth floor of HP High Court Shimla SH Providing AA to E.I LAN Cabling therein,Works,Open Tender,Item Rate,Electrical Works,,No,No,"3,15,268",06-Mar-2023 09:00 AM,90,No,Both(Online/Offline),,,1,13-Mar-2023 11:30 AM,assessment,Price Bid Opening Date,,"330,375",,PWD,2022-2023
ocds-kjhdrl-2023_PWD_70233_1,tender,tender,1,2024-11-08,2023_PWD_70233_1,NIT No.19862-921 DT.01-03-2023-Bhawarna,Construction of Newely Up-Graded 50 Beded Hospital at Bhawarna Distt. Kangra H.P.,Works,Open Tender,Item Rate,Civil Works - Buildings,,No,No,"66,42,129",06-Mar-2023 10:00 AM,75,No,Online,,,1,14-Mar-2023 11:30 AM,assessment,Price Bid Opening Date,,"6,290,659",,PWD,2022-2023
ocds-kjhdrl-2023_PWD_70236_1,tender,tender,1,2024-11-08,2023_PWD_70236_1,Electrical Division-I dated 27.02.2023,CO Multi Storey Parking Office Accommodation at HP Sectt. Armsdale Phase 3 Shimla SH Prov. Additional Active Components for LAN therein,Works,Open Tender,Item Rate,Electrical Works,,No,No,"5,41,796",06-Mar-2023 09:00 AM,90,No,Both(Online/Offline),,,1,13-Mar-2023 11:30 AM,assessment,Price Bid Opening Date,,"510,500",,PWD,2022-2023
ocds-kjhdrl-2023_PWD_70253_1,tender,tender,1,2024-11-08,2023_PWD_70253_1,Electrical Division-I dated 27.02.2023,CO Sankat Mochan Temple Shimla parking Block-A SH Providing E.I therein,Works,Open Tender,Item Rate,Electrical Works,,No,No,"4,08,757",06-Mar-2023 09:00 AM,90,No,Both(Online/Offline),,,1,13-Mar-2023 11:30 AM,assessment,Price Bid Opening Date,,"428,765",,PWD,2022-2023
ocds-kjhdrl-2023_PWD_70272_1,tender,tender,1,2024-11-08,2023_PWD_70272_1,PWTDD-GA-NIT-22-23-17546-55 DT.27.02.2023,"Restoration of rain damages on Bafrin Panhar Narsin road km. 2/600 to 5/120, Kot to Dhawan road km. 0/0 to 1/650 and NIT to Muthan via Khasgran km. 0/0 to 2/0.",Works,Open Tender,Item Rate,Civil Works,,No,No,"6,67,038",05-Mar-2023 09:00 AM,75,No,Online,,,1,13-Mar-2023 11:30 AM,assessment,Price Bid Opening Date,,"628,244",,PWD,2022-2023
ocds-kjhdrl-2023_PWD_70287_1,tender,tender,1,2024-11-08,2023_PWD_70287_1,SD-T-29522-71dt.2-3-23,Providing staff for maintance of various buildings under Medical college Sub Division No.II IGMC Shimla.,Works,Open Tender,Percentage,Civil Works - Bridges,,No,No,,06-Mar-2023 09:00 AM,75,No,Online,,,1,13-Mar-2023 11:00 AM,assessment,Price Bid Opening Date,,"1,527,974",,PWD,2022-2023
ocds-kjhdrl-2023_PWD_70287_3,tender,tender,1,2024-11-08,2023_PWD_70287_3,SD-T-29522-71dt.2-3-23,A/R and M/O to various residential buildings under division NoIII Shimla. (SH- Repair of old sewerline and manhole chamber from heritage museum to club cottage front side of block No. IV at U.S. Club Shimla).,Works,Open Tender,Percentage,Civil Works - Buildings,,No,No,,06-Mar-2023 09:00 AM,75,No,Online,,,1,13-Mar-2023 11:00 AM,assessment,Price Bid Opening Date,,"412,626",,PWD,2022-2023
ocds-kjhdrl-2023_PWD_70287_4,tender,tender,1,2024-11-08,2023_PWD_70287_4,SD-T-29522-71dt.2-3-23,"Construction of new sewerage line from block C to cart road at IGMC Shimla. (SH - P/L sewerage line 200 mm dia, Manholes etc.).",Works,Open Tender,Percentage,Civil Works - Buildings,,No,No,,06-Mar-2023 09:00 AM,75,No,Online,,,1,13-Mar-2023 11:00 AM,assessment,Price Bid Opening Date,,"535,018",,PWD,2022-2023
ocds-kjhdrl-2023_PWD_70298_1,tender,tender,1,2024-11-08,2023_PWD_70298_1,PW-MDI(P)Tender-NIT-20559-608 dated 27.02.2023,Periodic maintenance of Seghali Baggi Prasher Jawalapur Panarsa road (HP0805MDR068) Major District Roads under Annual maintenance Plan for the year 2023-24.,Works,Open Tender,Percentage,Civil Works - Roads,,No,No,"68,74,749",06-Mar-2023 01:00 PM,90,No,Online,,,1,18-Mar-2023 11:30 AM,assessment,Price Bid Opening Date,,"6,806,001.51",,PWD,2022-2023
ocds-kjhdrl-2023_PWD_70306_1,tender,tender,1,2024-11-08,2023_PWD_70306_1,Nagrota06.03,"Construction of Basket Ball Court near Girls Hostel in Dr. RPGMC Tanda, District Kangra, (H.P.). (SH-Providing and laying PP Interlocking tiles etc.)",Works,Open Tender,Item Rate,Civil Works - Roads,,No,No,"9,08,880",06-Mar-2023 01:00 PM,120,No,Online,,,1,13-Mar-2023 11:00 AM,assessment,Price Bid Opening Date,,"2,363,822",,PWD,2022-2023
ocds-kjhdrl-2023_PWD_70306_2,tender,tender,1,2024-11-08,2023_PWD_70306_2,Nagrota06.03,"Construction of link road from Dhaloon road to Dhaloon Society Km 0/000 to 0/700 in District Kangra, (H.P.). (SH-Construction of 3.00 mtr. Span RCC culvert at RD 0/035 alongwith both side approaches.)",Works,Open Tender,Item Rate,Civil Works - Roads,,No,No,"11,80,680",06-Mar-2023 01:05 PM,120,No,Online,,,1,13-Mar-2023 11:00 AM,assessment,Price Bid Opening Date,,"826,594",,PWD,2022-2023
ocds-kjhdrl-2023_PWD_70306_3,tender,tender,1,2024-11-08,2023_PWD_70306_3,Nagrota06.03,"Construction of Major District Roads under HPPWD Division Tanda at Nagrota Bagwan in District Kangra, (H.P.). (Deposit Work)(",Works,Open Tender,Item Rate,Civil Works,,No,No,"4,96,960",06-Mar-2023 03:25 PM,120,No,Online,,,1,17-Mar-2023 11:00 AM,assessment,Price Bid Opening Date,,"352,991",,PWD,2022-2023
ocds-kjhdrl-2023_PWD_70306_4,tender,tender,1,2024-11-08,2023_PWD_70306_4,Nagrota06.03,Construction of Girls and Boys Hostel 100 Nos. in B-Pharamacy College at Nagrota Bagwan Distt. Kangra (H.P.) DEPOSIT WORK( SH- Balance work of Building portion etc),Works,Open Tender,Item Rate,Civil Works - Buildings,,No,No,"25,83,373",09-Mar-2023 02:00 PM,120,No,Online,,,1,20-Mar-2023 11:00 AM,assessment,Price Bid Opening Date,,"2,656,224",,PWD,2022-2023
ocds-kjhdrl-2023_PWD_70309_1,tender,tender,1,2024-11-08,2023_PWD_70309_1,NIT No.19927-86 DT.02-03-2023-Bhawarna,A/R and M/O Residential Buildings under HPPWD Division Bhawarna,Works,Open Tender,Item Rate,Civil Works - Buildings,,No,No,"7,15,957",07-Mar-2023 10:00 AM,75,No,Online,,,1,15-Mar-2023 11:30 AM,assessment,Price Bid Opening Date,,"414,400",,PWD,2022-2023
ocds-kjhdrl-2023_PWD_70320_1,tender,tender,1,2024-11-08,2023_PWD_70320_1,NIT No.19927-86 DT.02-03-2023-Bhawarna,R/o Maintenance of road from Main road to Jamwal Basti Village Duhak Ward No. 2 Mohal Duhak,Works,Open Tender,Item Rate,Civil Works - Roads,,No,No,"2,43,741",07-Mar-2023 10:00 AM,75,No,Online,,,1,15-Mar-2023 11:30 AM,assessment,Price Bid Opening Date,,"198,315",,PWD,2022-2023
ocds-kjhdrl-2023_PWD_70328_1,tender,tender,1,2024-11-08,2023_PWD_70328_1,NIT No.1443783 DT.02-03-2023-Bhawarna,C/o link road from Arla Gugga Mandir to Hatli Shamshanghat Km 0/00 to 1/00,Works,Open Tender,Item Rate,Civil Works - Bridges,,No,No,"14,43,783",07-Mar-2023 10:00 AM,75,No,Online,,,1,14-Mar-2023 11:30 AM,assessment,Price Bid Opening Date,,"1,010,647",,PWD,2022-2023
ocds-kjhdrl-2023_PWD_70345_1,tender,tender,1,2024-11-08,2023_PWD_70345_1,PW-KMS-AB-NIT/2022-23-17697-98 dt 02.03.2023,A/S on Narkanda Thanedhar Kotgarh Bithal road Km 7/000 to 12/000 and A/S on Kirti Bhanana road Km.0/000 to 1/500,Works,Open Tender,Item Rate,Civil Works - Roads,,No,No,"1,35,93,243",09-Mar-2023 05:00 PM,90,No,Online,,,1,16-Mar-2023 11:00 AM,assessment,Price Bid Opening Date,,"14,232,051",,PWD,2022-2023
ocds-kjhdrl-2023_PWD_70349_1,tender,tender,1,2024-11-08,2023_PWD_70349_1,PW-KMS-AB-NIT/2022-23-17697-98 dt 02.03.2023,Annual Surfacing on link road to village Kupri Km 0/000 to 2/600,Works,Open Tender,Item Rate,Civil Works - Roads,,No,No,"41,11,104",09-Mar-2023 05:00 PM,90,No,Online,,,1,16-Mar-2023 11:00 AM,assessment,Price Bid Opening Date,,"4,234,406",,PWD,2022-2023
ocds-kjhdrl-2023_PWD_70353_1,tender,tender,1,2024-11-08,2023_PWD_70353_1,PW-KMS-AB-NIT/2022-23-17697-98 dt 02.03.2023,A/S on Oddi Kingal road Km 2/000 to 3/000 and A/S on link road to village Katari to Lower Ghetti Km 0/000 to 0/900,Works,Open Tender,Item Rate,Civil Works - Roads,,No,No,"30,41,439",09-Mar-2023 05:00 PM,90,No,Online,,,1,16-Mar-2023 11:00 AM,assessment,Price Bid Opening Date,,"3,132,526",,PWD,2022-2023
ocds-kjhdrl-2023_PWD_70358_1,tender,tender,1,2024-11-08,2023_PWD_70358_1,SD-III-T-29857-76dt.4-3-23,A/R and M/O to Old judges residence at Harvington Estate shimla. (SH- Renovation of banglow No.2 phase-II.,Works,Open Tender,Percentage,Civil Works - Buildings,,No,No,,06-Mar-2023 06:00 PM,75,No,Online,,,1,13-Mar-2023 11:00 AM,assessment,Price Bid Opening Date,,"1,005,876",,PWD,2022-2023
ocds-kjhdrl-2023_PWD_70358_2,tender,tender,1,2024-11-08,2023_PWD_70358_2,SD-III-T-29857-76dt.4-3-23,"A/R and M/O various residential building sunder Division No. III Shimla (SH - Repair of block No. B-II of set no. 15, type-III ) at Nabha Estate Shimla.",Works,Open Tender,Percentage,Civil Works - Buildings,,No,No,,06-Mar-2023 06:00 PM,75,No,Online,,,1,13-Mar-2023 11:00 AM,assessment,Price Bid Opening Date,,"396,169",,PWD,2022-2023
ocds-kjhdrl-2023_PWD_70358_5,tender,tender,1,2024-11-08,2023_PWD_70358_5,SD-III-T-29857-76dt.4-3-23,"A/R and M/O to varous residential building under Shimla Division No. III (SH- painting,polishing and distempering in squash court building and main Raj Bhawan building at Shimla).",Works,Open Tender,Percentage,Civil Works - Bridges,,No,No,,07-Mar-2023 09:00 AM,75,No,Online,,,1,13-Mar-2023 11:00 AM,assessment,Price Bid Opening Date,,"503,134",,PWD,2022-2023
ocds-kjhdrl-2023_PWD_70358_7,tender,tender,1,2024-11-08,2023_PWD_70358_7,SD-III-T-29857-76dt.4-3-23,"Special repair to Ellerslie main building at H.P Sectt Shimla-2 (SH- providing Panelling, flooring and polishing in Room No.E14B)",Works,Open Tender,Percentage,Civil Works - Buildings,,No,No,,14-Mar-2023 09:00 AM,75,No,Online,,,1,20-Mar-2023 11:00 AM,assessment,Price Bid Opening Date,,"836,727",,PWD,2022-2023
ocds-kjhdrl-2023_PWD_70367_1,tender,tender,1,2024-11-08,2023_PWD_70367_1,3032023.0,"C/o of link road from Khatnol to Dandibag km 0/00 to 6/150(SH-Formation cutting 5/7 mtr wide road km 0/00 to 6/150,CD work, Kharanja stone soling PCC parapets,Katacha road side drain, km stone, dumping site)",Works,Open Tender,Percentage,Civil Works - Roads,,No,No,"6,50,23,130",06-Mar-2023 05:55 PM,75,No,Online,,,1,21-Mar-2023 11:00 AM,assessment,Price Bid Opening Date,,"66,908,801",,PWD,2022-2023
ocds-kjhdrl-2023_PWD_70370_1,tender,tender,1,2024-11-08,2023_PWD_70370_1,CONSTRUCTION OF GOVT. DEGREE COLLEGE DHANETA TEHSI,CONSTRUCTION OF GOVT. DEGREE COLLEGE DHANETA TEHSIL NADAUN DISTRCIT HAMIRPUR,Works,Open Tender,Percentage,Civil Works - Buildings,,No,No,"15,66,63,931",07-Mar-2023 10:30 AM,60,No,Online,,,1,15-Mar-2023 10:30 AM,assessment,Price Bid Opening Date,,"126,866,443",,PWD,2022-2023
ocds-kjhdrl-2023_PWD_70392_6,tender,tender,1,2024-11-08,2023_PWD_70392_6,PW/KNR-E-tender-23-13783-92 dt. 27-02-2023,"Improvement of black spot on link road to Village Labrang Km. 0/00 to 2/500 (SH-Providing and fixing W-metal Crash barrier at RD. 0/00 to 0/500, 1/040 to 1/160 and 2/00 to 2/070",Works,Open Tender,Item Rate,Civil Works - Roads,,No,No,"33,82,718",12-Mar-2023 02:00 PM,30,No,Online,,,1,21-Mar-2023 11:30 AM,assessment,Price Bid Opening Date,,"3,390,218.4",,PWD,2022-2023
ocds-kjhdrl-2023_PWD_70406_4,tender,tender,1,2024-11-08,2023_PWD_70406_4,No.PW.RGH.Tender-2022-23-12145 dt.06.03.2023,"Construction of Link road harizan basti shaya Chabron km 0/00 to 0/550 (SHConstruction of PCC R/wall at Rd 0/023 to 0/033, C/o edge wall at Rd 0/00 to 0/023 and parapets).",Works,Open Tender,Item Rate,Civil Works,,No,No,"8,46,991",07-Mar-2023 03:05 PM,75,No,Online,,,1,16-Mar-2023 11:00 AM,assessment,Price Bid Opening Date,,"785,576",,PWD,2022-2023
ocds-kjhdrl-2023_PWD_70436_2,tender,tender,1,2024-11-08,2023_PWD_70436_2,PW-DPD-CB-Tender-33508-10,Periodical maintenance on Baroti Rakhera Dharampur Marhi Kamlah Gallu road,Works,Open Tender,Item Rate,Civil Works - Roads,,No,No,"1,17,49,299",19-Mar-2023 05:00 PM,60,No,Online,,,1,27-Mar-2023 11:00 AM,assessment,Price Bid Opening Date,,"10,465,812",,PWD,2022-2023
ocds-kjhdrl-2023_PWD_70438_2,tender,tender,1,2024-11-08,2023_PWD_70438_2,PW-DPD-CB-Tender-33507,Periodical maintenance on Awahdevi Tihra Gaddidhar Sandhole Road,Works,Open Tender,Item Rate,Civil Works - Roads,,No,No,"38,78,598",19-Mar-2023 05:45 PM,60,No,Online,,,1,27-Mar-2023 11:00 AM,assessment,Price Bid Opening Date,,"3,484,647.43",,PWD,2022-2023
ocds-kjhdrl-2023_PWD_70441_1,tender,tender,1,2024-11-08,2023_PWD_70441_1,NAHAN 13615-644,A/R and M/O to Various Roads under Nahan Sub-Division,Works,Open Tender,Item Rate,Civil Works - Roads,,No,No,"52,82,672",09-Mar-2023 10:00 AM,75,No,Online,,,1,18-Mar-2023 11:00 AM,assessment,Price Bid Opening Date,,"5,042,454",,PWD,2022-2023
ocds-kjhdrl-2023_PWD_70452_1,tender,tender,1,2024-11-08,2023_PWD_70452_1,SD-III-T-29937-56dt.6-3-23,Special repair to Castle Groove building at Boileauganj Shimla. (SH- Construciton of protection wall at back side of shed).,Works,Open Tender,Percentage,Civil Works - Buildings,,No,No,,08-Mar-2023 06:00 PM,75,No,Online,,,1,14-Mar-2023 11:00 AM,assessment,Price Bid Opening Date,,"418,221",,PWD,2022-2023
ocds-kjhdrl-2023_PWD_70452_10,tender,tender,1,2024-11-08,2023_PWD_70452_10,SD-III-T-29937-56dt.6-3-23,"A/R and M/O to Various residential building under Shimla Division No. III (SH- Painting and Distempering, Finishing Wall inner side and Outer side of MH. No.9A at Grant Lodge Shimla )",Works,Open Tender,Percentage,Civil Works - Buildings,,No,No,,09-Mar-2023 09:00 AM,75,No,Online,,,1,15-Mar-2023 11:00 AM,assessment,Price Bid Opening Date,,"218,978",,PWD,2022-2023
ocds-kjhdrl-2023_PWD_70452_13,tender,tender,1,2024-11-08,2023_PWD_70452_13,SD-III-T-29937-56dt.6-3-23,A/R and M/O to Various Non residential building under Shimla Division No. III (SH- Providing and Fixing Polycarbonate sheet in roof of Block-A and B),Works,Open Tender,Percentage,Civil Works - Buildings,,No,No,,09-Mar-2023 09:00 AM,75,No,Online,,,1,15-Mar-2023 11:00 AM,assessment,Price Bid Opening Date,,"488,174",,PWD,2022-2023
ocds-kjhdrl-2023_PWD_70452_15,tender,tender,1,2024-11-08,2023_PWD_70452_15,SD-III-T-29937-56dt.6-3-23,"Upgradation of Sewerage and waste water supply system in Various Blocks at IGMC Shimla.(SH- P/L sewerage line in Duct 1, 2, 3 of Block B, Renal Deptt. Block D and ENT Block etc.)",Works,Open Tender,Percentage,Civil Works - Buildings,,No,No,,09-Mar-2023 09:00 AM,75,No,Online,,,1,15-Mar-2023 11:00 AM,assessment,Price Bid Opening Date,,"400,550",,PWD,2022-2023
ocds-kjhdrl-2023_PWD_70452_19,tender,tender,1,2024-11-08,2023_PWD_70452_19,SD-III-T-29937-56dt.6-3-23,Special repair to Various residential buildings under Shimla Division No. III (SH-Repair of roof and covering of external portion from rain water at Marlin Park T.F.) at Nabha Estate Shimla.Estate Shimla.,Works,Open Tender,Percentage,Civil Works - Buildings,,No,No,,09-Mar-2023 09:00 AM,75,No,Online,,,1,15-Mar-2023 11:00 AM,assessment,Price Bid Opening Date,,"207,907",,PWD,2022-2023
ocds-kjhdrl-2023_PWD_70452_22,tender,tender,1,2024-11-08,2023_PWD_70452_22,SD-III-T-29937-56dt.6-3-23,Special repair to various residential buildings under Division No. III (SH- Repair of roof in block No.1 Royal Hotel etc.) at Nabha Estate Shimla).,Works,Open Tender,Percentage,Civil Works - Buildings,,No,No,,09-Mar-2023 09:00 AM,75,No,Online,,,1,15-Mar-2023 11:00 AM,assessment,Price Bid Opening Date,,"313,161",,PWD,2022-2023
ocds-kjhdrl-2023_PWD_70452_3,tender,tender,1,2024-11-08,2023_PWD_70452_3,SD-III-T-29937-56dt.6-3-23,A/R and M/O various Residential Building and Non residential buildings under Shimla Division No 3 (SH- Supplying of various Materials for day to day Repair and Maintainance under Shimla Sub Division No 5 in Various Section),Works,Open Tender,Percentage,Civil Works - Buildings,,No,No,,08-Mar-2023 06:00 PM,75,No,Online,,,1,14-Mar-2023 11:00 AM,assessment,Price Bid Opening Date,,"495,073",,PWD,2022-2023
ocds-kjhdrl-2023_PWD_70454_1,tender,tender,1,2024-11-08,2023_PWD_70454_1,PW-JND-B and R-EA-I-NIT- 24940-89 dt. 28-02-2023,Construction of Jeepable link road to House of Sh. Shanti Swroop Sharma House Km. 0/0 to 0/200,Works,Open Tender,Item Rate,Civil Works - Roads,,No,No,"3,97,709",09-Mar-2023 11:45 AM,30,No,Online,,,1,23-Mar-2023 11:30 AM,assessment,Price Bid Opening Date,,"394,286",,PWD,2022-2023
ocds-kjhdrl-2023_PWD_70461_11,tender,tender,1,2024-11-08,2023_PWD_70461_11,Sangrah 13297-13326 Dated 06.03.2023-2,A/R and M/O Nahan Dadahu Haripurdhar road km. 36/00 to 87/00(SH C/O Retaining wall in PCC from km. 48/245 to 48/260).,Works,Open Tender,Item Rate,Civil Works,,No,No,"5,01,068",10-Mar-2023 05:00 PM,75,No,Online,,,1,21-Mar-2023 10:30 AM,assessment,Price Bid Opening Date,,"350,747.65",,PWD,2022-2023
ocds-kjhdrl-2023_PWD_70461_12,tender,tender,1,2024-11-08,2023_PWD_70461_12,Sangrah 13297-13326 Dated 06.03.2023-2,A/R and M/O Danoi Khud Drabil Road KM. 0/00 to 18/945 (SH C/O PCC R/Wall from Km. 6/585 to 6/593),Works,Open Tender,Item Rate,Civil Works,,No,No,"2,18,975",10-Mar-2023 05:00 PM,75,No,Online,,,1,21-Mar-2023 10:30 AM,assessment,Price Bid Opening Date,,"153,282.51",,PWD,2022-2023
ocds-kjhdrl-2023_PWD_70461_2,tender,tender,1,2024-11-08,2023_PWD_70461_2,Sangrah 13297-13326 Dated 06.03.2023-2,"C/o R/wall, CD and M/T on link road from Shillahan to Hundyari Bharmash dolna Korag km 0/00 to 4/500 (SH C/O 900 mm dia hume pipe Culvert at RD. 0/165,0/470,0/630,1/075, 1/285 and 1/435 , C/O R/wall in PCC at RD. 0/075 to 0/095 and 0/495 to 0/510)",Works,Open Tender,Item Rate,Civil Works,,No,No,"34,32,458",10-Mar-2023 05:00 PM,75,No,Online,,,1,21-Mar-2023 10:30 AM,assessment,Price Bid Opening Date,,"2,967,848",,PWD,2022-2023
ocds-kjhdrl-2023_PWD_70461_7,tender,tender,1,2024-11-08,2023_PWD_70461_7,Sangrah 13297-13326 Dated 06.03.2023-2,"C/o Kuffer Dadar to Koli ka Bag Road km. 0/00 to 7/365 (Sh P/L G-I, G- II from km. 4/00 to 6/00, P/L Kharanja stone Soling in essential patches from km. 4/00 to 6/00 and C/O HPC at RD. 4/770). Under SCSP",Works,Open Tender,Item Rate,Civil Works,,No,No,"26,72,257",10-Mar-2023 05:00 PM,75,No,Online,,,1,21-Mar-2023 10:30 AM,assessment,Price Bid Opening Date,,"2,400,913.68",,PWD,2022-2023
ocds-kjhdrl-2023_PWD_70461_9,tender,tender,1,2024-11-08,2023_PWD_70461_9,Sangrah 13297-13326 Dated 06.03.2023-2,"A/R and M/O Nahan Dadahu Haripurdhar Road Km.36/00 to 87/00 (SH P/L Patch work from km.40/200 to 40/250,40/300 to 40/350,40/400 to 40/420,40/500 to 40/570,40/600 to 40/690 and Providing Painting and distempering Giri bridge on NDH Road )",Works,Open Tender,Item Rate,Civil Works,,No,No,"9,29,184",10-Mar-2023 05:00 PM,75,No,Online,,,1,21-Mar-2023 10:30 AM,assessment,Price Bid Opening Date,,"730,783.96",,PWD,2022-2023
ocds-kjhdrl-2023_PWD_70465_1,tender,tender,1,2024-11-08,2023_PWD_70465_1,13989-13999,GSSSJejwinoneroomwithveranda,Works,Open Tender,Item Rate,Civil Works - Buildings,,No,No,"10,48,247",09-Mar-2023 03:15 PM,30,No,Online,,,1,20-Mar-2023 11:00 AM,assessment,Price Bid Opening Date,,"1,071,308",,PWD,2022-2023
ocds-kjhdrl-2023_PWD_70465_2,tender,tender,1,2024-11-08,2023_PWD_70465_2,13989-13999,GSSSBharoliKallanArtcraft,Works,Open Tender,Item Rate,Civil Works - Buildings,,No,No,"21,36,707",09-Mar-2023 03:00 PM,30,No,Online,,,1,20-Mar-2023 11:00 AM,assessment,Price Bid Opening Date,,"1,794,832",,PWD,2022-2023
ocds-kjhdrl-2023_PWD_70484_1,tender,tender,1,2024-11-08,2023_PWD_70484_1,NIT No.20199-258 DT.06-03-2023-Bhawarna,C/o Link road from Main road to Moksh Dham in Village Dhanyara Km 0/0 to 1/0,Works,Open Tender,Item Rate,Civil Works - Roads,,No,No,"4,16,357",10-Mar-2023 10:00 AM,75,No,Online,,,1,17-Mar-2023 11:30 AM,assessment,Price Bid Opening Date,,"396,598",,PWD,2022-2023
ocds-kjhdrl-2023_PWD_70489_1,tender,tender,1,2024-11-08,2023_PWD_70489_1,NIT No.20199-258 DT.06-03-2023-Bhawarna,C/o Link road from Main road to Ramesh Chand house and Danga near house of Baldev and others Vill. Drid Ward No. 4 GP Sanhoon,Works,Open Tender,Item Rate,Civil Works - Roads,,No,No,"2,92,307",10-Mar-2023 10:00 AM,75,No,Online,,,1,17-Mar-2023 11:30 AM,assessment,Price Bid Opening Date,,"205,915",,PWD,2022-2023
ocds-kjhdrl-2023_PWD_70491_1,tender,tender,1,2024-11-08,2023_PWD_70491_1,NIT No.20199-258 DT.06-03-2023-Bhawarna,C/o Tin Shed at Bhilla Sargooni chowk in ward No. 3 GP Damman Lahar,Works,Open Tender,Item Rate,Civil Works - Roads,,No,No,"2,86,377",10-Mar-2023 10:00 AM,75,No,Online,,,1,17-Mar-2023 11:30 AM,assessment,Price Bid Opening Date,,"199,760",,PWD,2022-2023
ocds-kjhdrl-2023_PWD_70498_1,tender,tender,1,2024-11-08,2023_PWD_70498_1,NIT No.20199-258 DT.06-03-2023-Bhawarna,C/o link road Bhoda to Panchvati Park,Works,Open Tender,Item Rate,Civil Works - Roads,,No,No,"2,57,141",10-Mar-2023 10:00 AM,75,No,Online,,,1,17-Mar-2023 11:30 AM,assessment,Price Bid Opening Date,,"199,389",,PWD,2022-2023
ocds-kjhdrl-2023_PWD_70539_1,tender,tender,1,2024-11-08,2023_PWD_70539_1,C/o link road H/Basti Kanagora Patta,C/o link road H/Basti Kanagora Patta,Works,Open Tender,Item Rate,Civil Works,,No,No,"5,83,096",10-Mar-2023 03:00 PM,60,No,Online,,,1,18-Mar-2023 11:00 AM,assessment,Price Bid Opening Date,,"452,107",,PWD,2022-2023
ocds-kjhdrl-2023_PWD_70544_1,tender,tender,1,2024-11-08,2023_PWD_70544_1,7417-20,Special repair of 86.40 Rmt span foot bridge at Nine mile Jaggar near Pandoh over River Beas in Tehsil Sadar Dist Mandi HP SH Steel work for protection of RCC towers,Works,Open Tender,Percentage,Civil Works - Buildings,,No,No,"5,94,744",10-Mar-2023 01:10 PM,90,No,Offline,,,1,23-Mar-2023 11:00 AM,assessment,Price Bid Opening Date,,"547,164",,PWD,2022-2023
ocds-kjhdrl-2023_PWD_70581_1,tender,tender,1,2024-11-08,2023_PWD_70581_1,SD-T-29517-36dt.6-3-23,Special repair to Various residential buildings under Shimla Division No. III (SH-Repair of roof in block No. P-II and covering of balcony with welded mesh) at Nabha Estate Shimla.,Works,Open Tender,Percentage,Civil Works - Buildings,,No,No,,10-Mar-2023 05:00 PM,75,No,Online,,,1,17-Mar-2023 11:00 AM,assessment,Price Bid Opening Date,,"363,772",,PWD,2022-2023
ocds-kjhdrl-2023_PWD_70586_1,tender,tender,1,2024-11-08,2023_PWD_70586_1,SD-III-T-29917-36 dt. 6-3-23,"Special repair to Various residential buildings under Shimla Division No. III (SH-Providing and fixing cupboards, marble, ceiling, tiles, painting and sanitary fittings etc in block No. 31-1 G.F.) at Nabha Estate Shimla.",Works,Open Tender,Percentage,Civil Works - Buildings,,No,No,,10-Mar-2023 06:00 PM,75,No,Online,,,1,16-Mar-2023 11:00 AM,assessment,Price Bid Opening Date,,"228,270",,PWD,2022-2023
ocds-kjhdrl-2023_PWD_70586_10,tender,tender,1,2024-11-08,2023_PWD_70586_10,SD-III-T-29917-36 dt. 6-3-23,"A/R and M/O to various residential Building under Shimla Division No.III (SH-Repair of wall and flooring in WC, Bath , P/F Sanitary fixtures in Malin Park Cottage top Floor at Nabha Estate Shimla)",Works,Open Tender,Percentage,Civil Works - Buildings,,No,No,,11-Mar-2023 09:00 AM,75,No,Online,,,1,17-Mar-2023 11:00 AM,assessment,Price Bid Opening Date,,"449,348",,PWD,2022-2023
ocds-kjhdrl-2023_PWD_70586_11,tender,tender,1,2024-11-08,2023_PWD_70586_11,SD-III-T-29917-36 dt. 6-3-23,A/R and M/O to Various Residential Building at IGMC Shimla (SH - Supplying of various Items for Repair and Maintainance day to day under Medical College Sub Divison No 2 at Various Sections),Works,Open Tender,Percentage,Civil Works - Buildings,,No,No,,11-Mar-2023 09:00 AM,75,No,Online,,,1,17-Mar-2023 11:00 AM,assessment,Price Bid Opening Date,,"450,570",,PWD,2022-2023
ocds-kjhdrl-2023_PWD_70586_12,tender,tender,1,2024-11-08,2023_PWD_70586_12,SD-III-T-29917-36 dt. 6-3-23,"Special Repair to Dental College at IGMC. Shimla(SH- Providing and Aluminium Partition and Providing and Fixing Aluminium Door Shutters, 19mm thick Commercial Cup Board , Sunmica etc. in Attick floor ,Sixth Floor and Ground floor in Block-A)",Works,Open Tender,Percentage,Civil Works - Buildings,,No,No,,11-Mar-2023 09:00 AM,75,No,Online,,,1,17-Mar-2023 11:00 AM,assessment,Price Bid Opening Date,,"350,417",,PWD,2022-2023
ocds-kjhdrl-2023_PWD_70586_14,tender,tender,1,2024-11-08,2023_PWD_70586_14,SD-III-T-29917-36 dt. 6-3-23,Special Repair to Block B in SNGNC at IGMC Shimla (SH - Providing and Fixing Steel Platform and PVC. Water Tanks),Works,Open Tender,Percentage,Civil Works - Buildings,,No,No,,11-Mar-2023 09:00 AM,75,No,Online,,,1,17-Mar-2023 11:00 AM,assessment,Price Bid Opening Date,,"517,363",,PWD,2022-2023
ocds-kjhdrl-2023_PWD_70586_17,tender,tender,1,2024-11-08,2023_PWD_70586_17,SD-III-T-29917-36 dt. 6-3-23,"S/R to various residential buildings under division no III Shimla.(SH-Repair of tile, repair of wood work and other miscellenous repair work in block 19 set 3 and 8 and block-20 set no.3 at U.S Club Shimla)",Works,Open Tender,Percentage,Civil Works - Buildings,,No,No,"3,07,157",11-Mar-2023 06:00 PM,75,No,Online,,,1,17-Mar-2023 11:00 AM,assessment,Price Bid Opening Date,,"311,764",,PWD,2022-2023
ocds-kjhdrl-2023_PWD_70586_18,tender,tender,1,2024-11-08,2023_PWD_70586_18,SD-III-T-29917-36 dt. 6-3-23,Special repair to Sarvodya Leper Colony Downdale Phagli Shimla (SH-Providing and laying soling and cement concrete for leveling of ground etc),Works,Open Tender,Percentage,Civil Works - Buildings,,No,No,,14-Mar-2023 09:00 AM,75,No,Online,,,1,20-Mar-2023 11:00 AM,assessment,Price Bid Opening Date,,"228,270",,PWD,2022-2023
ocds-kjhdrl-2023_PWD_70586_2,tender,tender,1,2024-11-08,2023_PWD_70586_2,SD-III-T-29917-36 dt. 6-3-23,"Special repair to Various residential buildings under Shimla Division No. III (SH-Providing and fixing cupboards, shutters, ceiling, lining, painting and sanitary fittings etc in block No. J-III-100,101, 105, G-II-44, I III-96,97, H-III-86,86,90, D-I",Works,Open Tender,Percentage,Civil Works - Buildings,,No,No,"3,02,259",10-Mar-2023 06:00 PM,75,No,Online,,,1,16-Mar-2023 11:00 AM,assessment,Price Bid Opening Date,,"306,793",,PWD,2022-2023
ocds-kjhdrl-2023_PWD_70586_3,tender,tender,1,2024-11-08,2023_PWD_70586_3,SD-III-T-29917-36 dt. 6-3-23,Special repair to Various residential buildings under Shimla Division No. III (SH-Repair of roof in block No. 20 of set No. 3 and 4 etc) at Nabha Estate Shimla.,Works,Open Tender,Percentage,Civil Works - Buildings,,No,No,,10-Mar-2023 06:00 PM,75,No,Online,,,1,16-Mar-2023 11:00 AM,assessment,Price Bid Opening Date,,"343,912",,PWD,2022-2023
ocds-kjhdrl-2023_PWD_70586_4,tender,tender,1,2024-11-08,2023_PWD_70586_4,SD-III-T-29917-36 dt. 6-3-23,Special repair to Various residential buildings under Shimla Division No. III (SH-Repair of roof in block No. 20 of set No. 5 and 6 etc) at Nabha Estate Shimla.,Works,Open Tender,Percentage,Civil Works - Buildings,,No,No,"3,69,384",10-Mar-2023 06:00 PM,75,No,Online,,,1,16-Mar-2023 11:00 AM,assessment,Price Bid Opening Date,,"369,384",,PWD,2022-2023
ocds-kjhdrl-2023_PWD_70586_5,tender,tender,1,2024-11-08,2023_PWD_70586_5,SD-III-T-29917-36 dt. 6-3-23,"S-R to various residential buildings under division no III Shimla. (SH Repair of block No. HII-56, 20-1 T.F,37-1 G.F, FII-33, GII-45,BII-13, 18-2 G.F at Nabha Estate Shimla)",Works,Open Tender,Percentage,Civil Works - Buildings,,No,No,,10-Mar-2023 06:00 PM,75,No,Online,,,1,16-Mar-2023 11:00 AM,assessment,Price Bid Opening Date,,"287,709",,PWD,2022-2023
ocds-kjhdrl-2023_PWD_70586_6,tender,tender,1,2024-11-08,2023_PWD_70586_6,SD-III-T-29917-36 dt. 6-3-23,"A/R and M/O to Residential Building under Shimla Division No.III (SH- Construction of Partition wall , Cup Board, floor tiles in WC. And Painting and Polishing etc in Transit Accommodation Set No.1 Jakhoo and Block-A type-III Qtrs set No.2 and Set No",Works,Open Tender,Percentage,Civil Works - Buildings,,No,No,,10-Mar-2023 06:00 PM,75,No,Online,,,1,16-Mar-2023 11:00 AM,assessment,Price Bid Opening Date,,"192,149",,PWD,2022-2023
ocds-kjhdrl-2023_PWD_70586_8,tender,tender,1,2024-11-08,2023_PWD_70586_8,SD-III-T-29917-36 dt. 6-3-23,Special Repair to HP. Public Service Commission office at Nigam Vihar Shimla (SH-Providing and Fixing HDF. Flooring and Pine wood ceiling in Confrence Hall of HP. Public Service commission building at Nigam Vihar Shimla ),Works,Open Tender,Percentage,Civil Works - Buildings,,No,No,,11-Mar-2023 09:00 AM,75,No,Online,,,1,17-Mar-2023 11:00 AM,assessment,Price Bid Opening Date,,"499,114",,PWD,2022-2023
ocds-kjhdrl-2023_PWD_70586_9,tender,tender,1,2024-11-08,2023_PWD_70586_9,SD-III-T-29917-36 dt. 6-3-23,A/R and M/O to Various Non residential building under Shimla Division No. III(SH- Renovation of Damaged store room back side Block No.3 set No.4 Ground floor at Barnes Court Shimla-2),Works,Open Tender,Percentage,Civil Works - Buildings,,No,No,,11-Mar-2023 09:00 AM,75,No,Online,,,1,17-Mar-2023 11:00 AM,assessment,Price Bid Opening Date,,"106,720",,PWD,2022-2023
ocds-kjhdrl-2023_PWD_70658_1,tender,tender,1,2024-11-08,2023_PWD_70658_1,10719-10768 dated 09-03-2023,"Construction of Ambulance road from Nirath NH-05 to village Matena (Upper Nirath) Km 0/00 to 0/405 (SH- Formation cutting, C/o R/wall, B/wall and wire crate wall, Hume Pipe culvert, M/T works and Construction of PCC V-Shape drain Km 0/00 to 0/405)",Works,Open Tender,Item Rate,Civil Works - Roads,,No,No,"76,52,216",13-Mar-2023 03:00 PM,90,No,Online,,,1,22-Mar-2023 11:30 AM,assessment,Price Bid Opening Date,,"5,286,602",,PWD,2022-2023
ocds-kjhdrl-2023_PWD_70659_1,tender,tender,1,2024-11-08,2023_PWD_70659_1,10719-10768 dated 09-03-2023,A/R and M/O on NH-05 Km 236/00 to 368/00 (SH. Construction of PCC R/wall at RD 281/320 to 281/340),Works,Open Tender,Item Rate,Civil Works - Highways,,No,No,"39,11,429",13-Mar-2023 03:00 PM,90,No,Online,,,1,22-Mar-2023 11:30 AM,assessment,Price Bid Opening Date,,"2,671,057",,PWD,2022-2023
ocds-kjhdrl-2023_PWD_70663_1,tender,tender,1,2024-11-08,2023_PWD_70663_1,10719-10768 dated 09-03-2023,A/R and M/O on NH-305 Sainj Luhri Aut road Km 0/00 to 97/00 (SH- C/O B/wall in RR masonry at RD 22/279 to 22/334 and V-shape drain at RD 22/279 to 22/450),Works,Open Tender,Item Rate,Civil Works - Highways,,No,No,"28,65,983",13-Mar-2023 03:00 PM,90,No,Online,,,1,22-Mar-2023 11:30 AM,assessment,Price Bid Opening Date,,"1,894,855",,PWD,2022-2023
ocds-kjhdrl-2023_PWD_70666_1,tender,tender,1,2024-11-08,2023_PWD_70666_1,10719-10768 dated 09-03-2023,A/R and M/O on NH-305 Sainj Luhri Aut road Km 0/00 to 97/00 (SH- Widening/ improvement of curve at RD 21/840 to 21/960),Works,Open Tender,Item Rate,Civil Works - Highways,,No,No,"8,19,770",13-Mar-2023 03:30 PM,90,No,Online,,,1,22-Mar-2023 11:30 AM,assessment,Price Bid Opening Date,,"565,649",,PWD,2022-2023
ocds-kjhdrl-2023_PWD_70670_1,tender,tender,1,2024-11-08,2023_PWD_70670_1,10719-10768 dated 09-03-2023,A/R and M/O on NH-505A Km 0/00 to 17/00 (SH- Construction of PCC R/wall at RD 0/243.90 to 0/288.90).,Works,Open Tender,Item Rate,Civil Works - Highways,,No,No,"87,37,071",13-Mar-2023 03:45 PM,90,No,Online,,,1,22-Mar-2023 11:30 AM,assessment,Price Bid Opening Date,,"6,189,311",,PWD,2022-2023
ocds-kjhdrl-2023_PWD_70673_1,tender,tender,1,2024-11-08,2023_PWD_70673_1,10719-10768 dated 09.03.2023,A/R and M/O on NH-05 Km 236/00 to 368/00 (SH- Construction of Boundary wall around the Memorial Park at Jeori).,Works,Open Tender,Item Rate,Civil Works - Highways,,No,No,"9,04,499",13-Mar-2023 04:00 PM,90,No,Online,,,1,22-Mar-2023 11:30 AM,assessment,Price Bid Opening Date,,"614,069",,PWD,2022-2023
ocds-kjhdrl-2023_PWD_70697_1,tender,tender,1,2024-11-08,2023_PWD_70697_1,10966.0,C/O B/Wall in Housing Board Colony near Madhu Sudan Bhardwaj House No.02 Tehsil and Distt. Kangra (H.P),Works,Open Tender,Item Rate,Civil Works - Roads,,No,No,,16-Mar-2023 09:00 AM,120,No,Online,,,1,25-Mar-2023 11:00 AM,assessment,Price Bid Opening Date,,"402,732",,PWD,2022-2023
ocds-kjhdrl-2023_PWD_70698_1,tender,tender,1,2024-11-08,2023_PWD_70698_1,PW/NBT/CB/Tender/22/15606-09 dated 13.03.2023,"C/o link road from NH-205 to village Mehrog in GP Kothipura Distt Bilaspur Km 0/0 to 1/180 (SH-F/C i/c R/ wall, CD, GSB, M/T Tarring,Road side drain,parapets and Km stone etc in Km 0/0 to 1/180 including five year maintenance plan)under NABARD-XXVIII",Works,Open Tender,Item Rate,Civil Works,,No,No,"1,30,79,123",15-Mar-2023 10:00 AM,75,No,Online,,,1,22-Mar-2023 11:30 AM,assessment,Price Bid Opening Date,,"8,589,525",,PWD,2022-2023
ocds-kjhdrl-2023_PWD_70720_1,tender,tender,1,2024-11-08,2023_PWD_70720_1,PWD-BD-TA-2022-23-20743-93,Periodic Maintenance of Baijnath to Dhar Bagi Road DRRP No. HP0403 VR015212101 (AMP 2023-24),Works,Open Tender,Percentage,Civil Works - Roads,,No,No,"17,91,401",15-Mar-2023 10:00 AM,60,No,Online,,,1,22-Mar-2023 11:30 AM,assessment,Price Bid Opening Date,,"1,880,076",,PWD,2022-2023
ocds-kjhdrl-2023_PWD_70724_1,tender,tender,1,2024-11-08,2023_PWD_70724_1,PWD-BD-TA-2022-23-20743-93,Periodic Maintenance of Saliana to Chathami Road DRRP No. HP0403 VR015212303 (AMP 2023-24),Works,Open Tender,Percentage,Civil Works - Roads,,No,No,"9,99,598",15-Mar-2023 10:00 AM,60,No,Online,,,1,22-Mar-2023 11:30 AM,assessment,Price Bid Opening Date,,"1,034,584",,PWD,2022-2023
ocds-kjhdrl-2023_PWD_70727_1,tender,tender,1,2024-11-08,2023_PWD_70727_1,PWD-BD-TA-2022-23-20743-93,Periodic Maintenance of Mahankal Narghore Road DRRP No. HP0403 VR 016012102 (Village Road). (AMP 2023-24),Works,Open Tender,Percentage,Civil Works - Roads,,No,No,"22,50,074",15-Mar-2023 10:00 AM,60,No,Online,,,1,22-Mar-2023 11:30 AM,assessment,Price Bid Opening Date,,"2,361,452",,PWD,2022-2023
ocds-kjhdrl-2023_PWD_70732_1,tender,tender,1,2024-11-08,2023_PWD_70732_1,PWD-BD-TA-2022-23-20743-93,Periodic Maintenance of Rakkar to Khudli Road (Village Road) DRRP No. HP0411 VR04212301 . (AMP 2023-24) (VR),Works,Open Tender,Percentage,Civil Works - Roads,,No,No,"10,62,075",15-Mar-2023 10:00 AM,60,No,Online,,,1,22-Mar-2023 11:30 AM,assessment,Price Bid Opening Date,,"1,114,648",,PWD,2022-2023
ocds-kjhdrl-2023_PWD_70739_1,tender,tender,1,2024-11-08,2023_PWD_70739_1,PWD-BD-TA-2022-23-20743-93,Periodic Maintenance of Rakkar Upper to Kaliyana Road DRRP No. HP0403 VR015212301 Village Road (AMP 2023-24),Works,Open Tender,Percentage,Civil Works - Roads,,No,No,"11,75,024",15-Mar-2023 10:00 AM,60,No,Online,,,1,22-Mar-2023 11:30 AM,assessment,Price Bid Opening Date,,"1,233,189",,PWD,2022-2023
ocds-kjhdrl-2023_PWD_70746_1,tender,tender,1,2024-11-08,2023_PWD_70746_1,PWD-BD-TA-2022-23-20743-93,Periodic Maintenance Link road from Chot to Umrali DRRP No HP04011 VR00501302 (AMP 2023-24) Village Road,Works,Open Tender,Percentage,Civil Works - Roads,,No,No,"14,93,668",15-Mar-2023 10:00 AM,60,No,Online,,,1,22-Mar-2023 11:30 AM,assessment,Price Bid Opening Date,,"1,567,603",,PWD,2022-2023
ocds-kjhdrl-2023_PWD_70754_1,tender,tender,1,2024-11-08,2023_PWD_70754_1,PWD-BD-TA-2022-23-20743-93,Periodic Maintenance of Chadhiar to Changan Road (Village Roads ) (AMP 2023-24) DRRP No. HP0411 VR009412301.,Works,Open Tender,Percentage,Civil Works - Roads,,No,No,"5,93,892",15-Mar-2023 10:00 AM,60,No,Online,,,1,22-Mar-2023 11:30 AM,assessment,Price Bid Opening Date,,"623,290",,PWD,2022-2023
ocds-kjhdrl-2023_PWD_70762_1,tender,tender,1,2024-11-08,2023_PWD_70762_1,PWD-BD-TA-2022-23-20743-93,Periodic Maintenance of Approach to Rest House at Chadhiar (Village Roads ) DRRP No. HP0411VR10012301 . (AMP 2023-24),Works,Open Tender,Percentage,Civil Works - Roads,,No,No,"5,93,892",15-Mar-2023 10:00 AM,60,No,Online,,,1,22-Mar-2023 11:30 AM,assessment,Price Bid Opening Date,,"623,290",,PWD,2022-2023
ocds-kjhdrl-2023_PWD_70766_1,tender,tender,1,2024-11-08,2023_PWD_70766_1,PWD-BD-TA-2022-23-20743-93,Periodic Maintenance of Pantehar to Manghlota Road DRRP No. HP0403 VR007012104 (AMP 2023-24) Village Road,Works,Open Tender,Percentage,Civil Works - Roads,,No,No,"11,71,115",15-Mar-2023 10:00 AM,60,No,Online,,,1,22-Mar-2023 11:30 AM,assessment,Price Bid Opening Date,,"1,229,086",,PWD,2022-2023
ocds-kjhdrl-2023_PWD_70770_1,tender,tender,1,2024-11-08,2023_PWD_70770_1,PWD-BD-TA-2022-23-20743-93,Periodic Maintenance of link Road Uttrala to Gram Panchayat Uttrala (Village Roads ). (AMP 2023-24) DRRP No. HP0403 VR 01031210,Works,Open Tender,Percentage,Civil Works - Roads,,No,No,"11,45,867",15-Mar-2023 10:00 AM,60,No,Online,,,1,22-Mar-2023 11:30 AM,assessment,Price Bid Opening Date,,"1,202,587",,PWD,2022-2023
ocds-kjhdrl-2023_PWD_70779_1,tender,tender,1,2024-11-08,2023_PWD_70779_1,Electrical Division-I dated 09.03.2023,Providing AA to existing wiring in Old industries Building at Bamloe Now occupied by H.P High Court at Shimla1 SH Providing 2 No. 20 KVA UPS thereof,Works,Open Tender,Item Rate,Electrical Works,,No,No,"15,49,500",15-Mar-2023 05:00 PM,90,No,Both(Online/Offline),,,1,22-Mar-2023 11:30 AM,assessment,Price Bid Opening Date,,"1,536,000",,PWD,2022-2023
ocds-kjhdrl-2023_PWD_70789_1,tender,tender,1,2024-11-08,2023_PWD_70789_1,PW-MDI(P)Tender-NIT-20905-39 dated 07.03.2023,Construction of Residential accommodation for District Treasury Officer at Khaliyar Distt. Mandi (H.P.),Works,Open Tender,Percentage,Civil Works - Buildings,,No,No,"8,54,365",15-Mar-2023 11:00 AM,90,No,Online,,,1,24-Mar-2023 11:30 AM,assessment,Price Bid Opening Date,,"723,646.82",,PWD,2022-2023
ocds-kjhdrl-2023_PWD_70790_1,tender,tender,1,2024-11-08,2023_PWD_70790_1,PW-MDI(P)Tender-NIT-20905-39 dated 07.03.2023,"SDP/2013/494, Construction of Link road Kataula, Bajir Ka Baag to Chhipnu Mohal",Works,Open Tender,Percentage,Civil Works - Roads,,No,No,"1,95,866",15-Mar-2023 11:00 AM,90,No,Online,,,1,24-Mar-2023 11:30 AM,assessment,Price Bid Opening Date,,"203,700.5",,PWD,2022-2023
ocds-kjhdrl-2023_PWD_70794_1,tender,tender,1,2024-11-08,2023_PWD_70794_1,Electrical Division-I dated 09.03.2023,"CO State Information Commission HP, Private Education Institutions Regulatory Commission, State Food Commission in 3rd Floor in Level 66.60M of Multistory Parking Complex, Tutikandi Shimla-5 SH providing LAN Cabling system",Works,Open Tender,Item Rate,Electrical Works,,No,No,"7,24,071",15-Mar-2023 05:00 PM,90,No,Both(Online/Offline),,,1,22-Mar-2023 11:30 AM,assessment,Price Bid Opening Date,,"684,543",,PWD,2022-2023
ocds-kjhdrl-2023_PWD_70798_1,tender,tender,1,2024-11-08,2023_PWD_70798_1,PWD-BD-TA-2022-23-20743-93,Periodic Maintenance Link road from Dharer to Sansal Via Panjala Road (Village Road) DRRP No HP0403 VR010812103 (AMP 2023-24),Works,Open Tender,Percentage,Civil Works - Roads,,No,No,"5,38,039",15-Mar-2023 12:00 PM,60,No,Online,,,1,22-Mar-2023 11:30 AM,assessment,Price Bid Opening Date,,"564,672",,PWD,2022-2023
ocds-kjhdrl-2023_PWD_70802_1,tender,tender,1,2024-11-08,2023_PWD_70802_1,PWD-BD-TA-2022-23-20743-93,Periodic Maintenance Link road to Village Maglota DRRP No HP0403 VR012112101 Village Road (AMP 2023-24),Works,Open Tender,Percentage,Civil Works - Roads,,No,No,"4,89,860",15-Mar-2023 12:00 PM,60,No,Online,,,1,22-Mar-2023 11:30 AM,assessment,Price Bid Opening Date,,"514,108",,PWD,2022-2023
ocds-kjhdrl-2023_PWD_70806_1,tender,tender,1,2024-11-08,2023_PWD_70806_1,PWD-BD-TA-2022-23-20743-93,Periodic Maintenance of Rakkar Sagoor to Tikkeri road (PMGSY Road ) DRRP No HP0403 VR005212301 (AMP 2023-24),Works,Open Tender,Percentage,Civil Works - Roads,,No,No,"24,69,864",15-Mar-2023 12:00 PM,60,No,Online,,,1,22-Mar-2023 11:30 AM,assessment,Price Bid Opening Date,,"2,592,122",,PWD,2022-2023
ocds-kjhdrl-2023_PWD_70809_1,tender,tender,1,2024-11-08,2023_PWD_70809_1,PWD-BD-TA-2022-23-20743-93,Periodic Maintenance of Kangoo da Paroh Salehra road (PMGSY Road ) DRRP No HP0403VR006412303 . (AMP 2023-24),Works,Open Tender,Percentage,Civil Works - Roads,,No,No,"11,90,059",15-Mar-2023 12:00 PM,60,No,Online,,,1,22-Mar-2023 11:30 AM,assessment,Price Bid Opening Date,,"1,248,968",,PWD,2022-2023
ocds-kjhdrl-2023_PWD_70813_1,tender,tender,1,2024-11-08,2023_PWD_70813_1,Electrical Division-I dated 09.03.2023,CO Multi Storey Parking Office Accommodation at HP Sectt. Armsdale Phase-3 Shimla SH Prov. Additional Passive Components for LAN therein,Works,Open Tender,Item Rate,Electrical Works,,No,No,"7,24,141",15-Mar-2023 05:00 PM,90,No,Both(Online/Offline),,,1,22-Mar-2023 11:30 AM,assessment,Price Bid Opening Date,,"712,210",,PWD,2022-2023
ocds-kjhdrl-2023_PWD_70820_1,tender,tender,1,2024-11-08,2023_PWD_70820_1,PWD-BD-TA-2022-23-20743-93,Periodic Maintenance of Baijnath to Bhatoo road (PMGSY Road ) (AMP 2023-24) DRRP No HP0403VR002712101,Works,Open Tender,Percentage,Civil Works - Roads,,No,No,"11,90,059",15-Mar-2023 01:00 PM,60,No,Online,,,1,22-Mar-2023 11:30 AM,assessment,Price Bid Opening Date,,"1,248,968",,PWD,2022-2023
ocds-kjhdrl-2023_PWD_70821_1,tender,tender,1,2024-11-08,2023_PWD_70821_1,Electrical Division-I dated 09.03.2023,"Providing Lift cabin false ceiling Floor mat, Control panel drive and ARD System in the lifts in Dr. YSPGMC Hospital Nahan Distt. Sirmour H.P",Works,Open Tender,Item Rate,Electrical Works,,No,No,"5,16,473",15-Mar-2023 05:00 PM,90,No,Both(Online/Offline),,,1,22-Mar-2023 11:30 AM,assessment,Price Bid Opening Date,,"522,274",,PWD,2022-2023
ocds-kjhdrl-2023_PWD_70823_1,tender,tender,1,2024-11-08,2023_PWD_70823_1,NIT No.20355-414 DT.09-03-2023-Bhawarna,C/o link road from Uscher to Kotha,Works,Open Tender,Item Rate,Civil Works - Roads,,No,No,"6,05,455",15-Mar-2023 02:00 PM,75,No,Online,,,1,23-Mar-2023 11:30 AM,assessment,Price Bid Opening Date,,"406,426",,PWD,2022-2023
ocds-kjhdrl-2023_PWD_70826_1,tender,tender,1,2024-11-08,2023_PWD_70826_1,Electrical Division-I dated 09.03.2023,AMC for 7 No.DG sets of various capacities installed in the complex of Dr. YSPGMCs Hospital Nahan Dsitt. Sirmour H.P w.e.f.01.04.2023 to 31.03.2024,Works,Open Tender,Item Rate,Electrical Works,,No,No,"4,31,998",15-Mar-2023 05:00 PM,90,No,Both(Online/Offline),,,1,22-Mar-2023 11:30 AM,assessment,Price Bid Opening Date,,"451,491",,PWD,2022-2023
ocds-kjhdrl-2023_PWD_70830_1,tender,tender,1,2024-11-08,2023_PWD_70830_1,NIT No.20355-414 DT.09-03-2023-Bhawarna,"C/o link road for the House of Sh. Santosh, Ravinder, Vinod and other Houses in GP kahanpatt.",Works,Open Tender,Item Rate,Civil Works - Roads,,No,No,"1,98,685",15-Mar-2023 02:00 PM,75,No,Online,,,1,23-Mar-2023 11:30 AM,assessment,Price Bid Opening Date,,"163,575",,PWD,2022-2023
ocds-kjhdrl-2023_PWD_70833_1,tender,tender,1,2024-11-08,2023_PWD_70833_1,PWD-BD-TA-2022-23-20743-93,Periodic Maintenance of Sehal to Bir Khass Road (PMGSY Road ) (AMP 2023-24) DRRP No HP0403 VR002512112,Works,Open Tender,Percentage,Civil Works - Roads,,No,No,"12,09,514",15-Mar-2023 02:00 PM,60,No,Online,,,1,22-Mar-2023 11:30 AM,assessment,Price Bid Opening Date,,"1,269,385",,PWD,2022-2023
ocds-kjhdrl-2023_PWD_70835_1,tender,tender,1,2024-11-08,2023_PWD_70835_1,NIT No.20355-414 DT.09-03-2023-Bhawarna,C/o link road from Main road to Parol in Village Alsehad in GP kahanpatt.,Works,Open Tender,Item Rate,Civil Works - Roads,,No,No,"5,29,826",15-Mar-2023 02:00 PM,75,No,Online,,,1,23-Mar-2023 11:30 AM,assessment,Price Bid Opening Date,,"415,200",,PWD,2022-2023
ocds-kjhdrl-2023_PWD_70840_1,tender,tender,1,2024-11-08,2023_PWD_70840_1,PWD-BD-TA-2022-23-20743-93,Periodic Maintenance of Dharmshala Dadh Palampur Holta Chadhiar Road (MDR Road ) (AMP 2023-24),Works,Open Tender,Percentage,Civil Works - Roads,,No,No,"60,94,389",15-Mar-2023 02:00 PM,60,No,Online,,,1,22-Mar-2023 11:30 AM,assessment,Price Bid Opening Date,,"6,396,062",,PWD,2022-2023
ocds-kjhdrl-2023_PWD_70841_1,tender,tender,1,2024-11-08,2023_PWD_70841_1,PWD-BD-TA-2022-23-20743-93,Periodic Maintenance of Dharmshala Dadh Palampur Holta Chadhiar Road (MDR Road ) (AMP 2023-24),Works,Open Tender,Percentage,Civil Works - Roads,,No,No,"36,55,907",15-Mar-2023 02:00 PM,60,No,Online,,,1,22-Mar-2023 11:30 AM,assessment,Price Bid Opening Date,,"3,836,875",,PWD,2022-2023
ocds-kjhdrl-2023_PWD_70884_1,tender,tender,1,2024-11-08,2023_PWD_70884_1,Electrical Division-I dated 09.03.2023,CO Civil Hospital at Baddi Distt. Solan HP SH SITC of Oxygen gas pipeline system,Works,Open Tender,Item Rate,Electrical Works,,No,No,"42,34,318",15-Mar-2023 06:10 PM,90,No,Both(Online/Offline),,,1,22-Mar-2023 11:30 AM,assessment,Price Bid Opening Date,,"3,105,840",,PWD,2022-2023
ocds-kjhdrl-2023_PWD_70889_1,tender,tender,1,2024-11-08,2023_PWD_70889_1,PW-MDI(P)Tender-NIT-20993-028 dated 09.03.2023,Construction of Combined Office building at Padhar Distt. Mandi (H.P.),Works,Open Tender,Percentage,Civil Works - Buildings,,No,No,"2,93,414",16-Mar-2023 11:00 AM,90,No,Online,,,1,25-Mar-2023 11:30 AM,assessment,Price Bid Opening Date,,"307,937.57",,PWD,2022-2023
ocds-kjhdrl-2023_PWD_70891_1,tender,tender,1,2024-11-08,2023_PWD_70891_1,PW-MDI(P)Tender-NIT-20993- 028 dated 09.03.2023,"Repair and maintenance of Residential building of President District Consumer Disputes Redressal Commission Mandi, Kullu, Lahul Spiti Distt. at Mandi (H.P.)",Works,Open Tender,Percentage,Civil Works - Buildings,,No,No,"3,87,468",16-Mar-2023 11:00 AM,90,No,Online,,,1,25-Mar-2023 11:30 AM,assessment,Price Bid Opening Date,,"406,646.14",,PWD,2022-2023
ocds-kjhdrl-2023_PWD_70897_6,tender,tender,1,2024-11-08,2023_PWD_70897_6,SD-I-CB-Tender-24954-84 dt 09-03-2023,"A/R and M/O to various residence qtr at Kasumpti Shimla (SH providing and fixing sanitary fixers in toilet type-V set no.21 and painting/Distempering work in type-III set No.122,127 at Kasumpti Shimla-9",Works,Open Tender,Percentage,Civil Works,,No,No,,16-Mar-2023 06:00 PM,75,No,Online,,,1,24-Mar-2023 11:00 AM,assessment,Price Bid Opening Date,,"405,591",,PWD,2022-2023
ocds-kjhdrl-2023_PWD_70923_1,tender,tender,1,2024-11-08,2023_PWD_70923_1,Nagrota 14880,"Construction of Badminton Court and Volleyball Court alongwith Retaining wall in village Dharamgiri in District Kangra, (H.P.). (SH-Construction of Badminton Court and Volleyball Court alongwith Retaining wall) Deposit Work",Works,Open Tender,Percentage,Civil Works,,No,No,"26,51,995",16-Mar-2023 01:00 PM,120,No,Online,,,1,24-Mar-2023 11:00 AM,assessment,Price Bid Opening Date,,"2,079,430",,PWD,2022-2023
ocds-kjhdrl-2023_PWD_70923_2,tender,tender,1,2024-11-08,2023_PWD_70923_2,Nagrota 14880,"Restoration of Nagrota Bhadrehar Bhatti road Km 0/000 to 2/030 in District Kangra, (H.P.). (SH-Providing and laying Cement Concrete Pavement. (Under Telecom Deposit)",Works,Open Tender,Percentage,Civil Works,,No,No,"26,08,071",16-Mar-2023 01:00 PM,120,No,Online,,,1,24-Mar-2023 11:00 AM,assessment,Price Bid Opening Date,,"1,823,041",,PWD,2022-2023
ocds-kjhdrl-2023_PWD_70923_3,tender,tender,1,2024-11-08,2023_PWD_70923_3,Nagrota 14880,"Metalling and Tarring on Saroot to Chaprehar road in District Kangra, (H.P.). (SH-Providing and laying 30mm thick bituminous concrete pavement in Km 0/000 to 1/700)",Works,Open Tender,Percentage,Civil Works - Roads,,No,No,"19,93,590",16-Mar-2023 01:00 PM,120,No,Online,,,1,24-Mar-2023 11:00 AM,assessment,Price Bid Opening Date,,"2,093,270",,PWD,2022-2023
ocds-kjhdrl-2023_PWD_70940_1,tender,tender,1,2024-11-08,2023_PWD_70940_1,Nagrota-16,"Construction of link road to village Naura including bridge over Baner Khad to joint Thanpuri Km 0/000 to 1/870 in District Kangra, (H.P.). (SH-Balance work of Retaining wall at various Rds between Km 0/000 to 1/000.)",Works,Open Tender,Item Rate,Civil Works,,No,No,"45,11,577",16-Mar-2023 03:00 PM,120,No,Online,,,1,24-Mar-2023 11:00 AM,assessment,Price Bid Opening Date,,"4,646,924",,PWD,2022-2023
ocds-kjhdrl-2023_PWD_70968_1,tender,tender,1,2024-11-08,2023_PWD_70968_1,NIT No.20631-90 DT.15-03-2023-Bhawarna,C/o link road from Sarwa Kanalpatt Ramerh Bhawarna Bhatti Samlena road KM 0/0 to 6/150.,Works,Open Tender,Item Rate,Civil Works - Roads,,No,No,"11,62,025",17-Mar-2023 10:00 AM,75,No,Online,,,1,24-Mar-2023 11:30 AM,assessment,Price Bid Opening Date,,"1,104,846",,PWD,2022-2023
ocds-kjhdrl-2023_PWD_71020_1,tender,tender,1,2024-11-08,2023_PWD_71020_1,SD-I-CTR_ Tender-2023- 21927 dt 16-02-2023,Construction of road from Bhatta Kuffer to IGMC Phase-II Km. 0/700 to 2/400 in District Shimla,Works,Open Tender,Percentage,Civil Works,,No,No,,18-Mar-2023 11:00 AM,75,No,Online,,,1,25-Mar-2023 11:00 AM,assessment,Price Bid Opening Date,,"38,929,081",,PWD,2022-2023
ocds-kjhdrl-2023_PWD_71057_1,tender,tender,1,2024-11-08,2023_PWD_71057_1,No.18353-61 dated 17.03.2023,A/R and M/O General Pool Accommodation,Works,Open Tender,Item Rate,Civil Works,,No,No,"4,02,684",18-Mar-2023 03:00 PM,90,No,Offline,,,1,26-Mar-2023 10:15 AM,assessment,Price Bid Opening Date,,"856,275",,PWD,2022-2023
ocds-kjhdrl-2023_PWD_71061_1,tender,tender,1,2024-11-08,2023_PWD_71061_1,No.18353-62 dated 17.03.2023,A/R and M/O to Circuit House Kullu,Works,Open Tender,Item Rate,Civil Works,,No,No,"4,59,726",18-Mar-2023 03:00 PM,90,No,Offline,,,1,26-Mar-2023 10:20 AM,assessment,Price Bid Opening Date,,"706,521",,PWD,2022-2023
ocds-kjhdrl-2023_PWD_71062_1,tender,tender,1,2024-11-08,2023_PWD_71062_1,PW-MDI(P)Tender-NIT-21227-62 dated 13.03.2023,Construction of Mini Secretariat building at Padhar Distt. Mandi (H.P.),Works,Open Tender,Percentage,Civil Works - Buildings,,No,No,"4,98,387",18-Mar-2023 11:00 AM,90,No,Online,,,1,27-Mar-2023 11:30 AM,assessment,Price Bid Opening Date,,"523,057.69",,PWD,2022-2023
ocds-kjhdrl-2023_PWD_71063_1,tender,tender,1,2024-11-08,2023_PWD_71063_1,No.18353-62 dated 17.03.2023,A/R and M/O residential building under Kullu Division,Works,Open Tender,Item Rate,Civil Works,,No,No,"3,78,178",18-Mar-2023 03:00 PM,90,No,Offline,,,1,26-Mar-2023 10:20 AM,assessment,Price Bid Opening Date,,"439,292",,PWD,2022-2023
ocds-kjhdrl-2023_PWD_71064_1,tender,tender,1,2024-11-08,2023_PWD_71064_1,PW-MDI(P)Tender-NIT-21227-62 dated 13.03.2023,Construction of Mini Secretariat building at Padhar Distt. Mandi (H.P.),Works,Open Tender,Percentage,Civil Works - Buildings,,No,No,"4,96,210",18-Mar-2023 11:00 AM,90,No,Online,,,1,27-Mar-2023 11:30 AM,assessment,Price Bid Opening Date,,"520,772.95",,PWD,2022-2023
ocds-kjhdrl-2023_PWD_71067_1,tender,tender,1,2024-11-08,2023_PWD_71067_1,PW-MDI(P)Tender-NIT-21227-62 dated 13.03.2023,Construction of Mini Secretariat building at Padhar Distt. Mandi (H.P.),Works,Open Tender,Percentage,Civil Works - Buildings,,No,No,"4,39,304",18-Mar-2023 11:00 AM,90,No,Online,,,1,27-Mar-2023 11:30 AM,assessment,Price Bid Opening Date,,"461,049.84",,PWD,2022-2023
ocds-kjhdrl-2023_PWD_71069_1,tender,tender,1,2024-11-08,2023_PWD_71069_1,PW-MDI(P)Tender-NIT-21266-96 dated 13.03.2023,Construction of Mini Secretariat building at Padhar Distt. Mandi (H.P.),Works,Open Tender,Percentage,Civil Works - Buildings,,No,No,"4,98,387",18-Mar-2023 11:00 AM,90,No,Online,,,1,28-Mar-2023 11:30 AM,assessment,Price Bid Opening Date,,"523,057.69",,PWD,2022-2023
ocds-kjhdrl-2023_PWD_71073_1,tender,tender,1,2024-11-08,2023_PWD_71073_1,PW-MDI(P)Tender-NIT-21266-96 dated 13.03.2023,Construction of Mini Secretariat building at Padhar Distt. Mandi (H.P.),Works,Open Tender,Percentage,Civil Works - Buildings,,No,No,"3,83,151",18-Mar-2023 11:00 AM,90,No,Online,,,1,28-Mar-2023 11:30 AM,assessment,Price Bid Opening Date,,"402,115.86",,PWD,2022-2023
ocds-kjhdrl-2023_PWD_71076_1,tender,tender,1,2024-11-08,2023_PWD_71076_1,No.18353-62 dated 17.03.2023,Balance work of Circuit House Kullu,Works,Open Tender,Item Rate,Civil Works,,No,No,"3,13,330",18-Mar-2023 03:00 PM,90,No,Offline,,,1,26-Mar-2023 10:20 AM,assessment,Price Bid Opening Date,,"436,041",,PWD,2022-2023
ocds-kjhdrl-2023_PWD_71077_1,tender,tender,1,2024-11-08,2023_PWD_71077_1,No.18353-62 dated 17.03.2023,Balance work of Circuit House Kullu,Works,Open Tender,Item Rate,Civil Works,,No,No,"4,68,790",18-Mar-2023 03:00 PM,90,No,Offline,,,1,26-Mar-2023 10:20 AM,assessment,Price Bid Opening Date,,"477,523",,PWD,2022-2023
ocds-kjhdrl-2023_PWD_71085_1,tender,tender,1,2024-11-08,2023_PWD_71085_1,No.18353-62 dated 17.03.2023,A/R and M/O General Pool Accommodation,Works,Open Tender,Item Rate,Civil Works,,No,No,"4,22,108",18-Mar-2023 03:00 PM,90,No,Offline,,,1,26-Mar-2023 10:20 AM,assessment,Price Bid Opening Date,,"440,460",,PWD,2022-2023
ocds-kjhdrl-2023_PWD_71090_1,tender,tender,1,2024-11-08,2023_PWD_71090_1,No.18353-62 dated 17.03.2023,A/R and M/O General Pool Accommodation,Works,Open Tender,Item Rate,Civil Works,,No,No,"5,82,263",18-Mar-2023 03:00 PM,90,No,Offline,,,1,26-Mar-2023 10:20 AM,assessment,Price Bid Opening Date,,"495,597",,PWD,2022-2023
ocds-kjhdrl-2023_PWD_71096_1,tender,tender,1,2024-11-08,2023_PWD_71096_1,No.18353-62 dated 17.03.2023,/R and M/O Residential building under Kullu Sub Division,Works,Open Tender,Item Rate,Civil Works,,No,No,"6,29,182",18-Mar-2023 03:00 PM,90,No,Offline,,,1,26-Mar-2023 10:20 AM,assessment,Price Bid Opening Date,,"1,009,701",,PWD,2022-2023
ocds-kjhdrl-2023_PWD_71110_1,tender,tender,1,2024-11-08,2023_PWD_71110_1,No.18353-62 dated 17.03.2023,Repair and maintenance of Bailey bridge at Bhunter,Works,Open Tender,Item Rate,Civil Works,,No,No,"1,64,609",18-Mar-2023 03:00 PM,90,No,Offline,,,1,26-Mar-2023 10:20 AM,assessment,Price Bid Opening Date,,"175,507",,PWD,2022-2023
ocds-kjhdrl-2023_PWD_71115_1,tender,tender,1,2024-11-08,2023_PWD_71115_1,No.18353-62 dated 17.03.2023,A/R and M/O SP Residence in LIG Colony Dhalpur Kullu.,Works,Open Tender,Item Rate,Civil Works,,No,No,"10,55,683",18-Mar-2023 03:00 PM,90,No,Offline,,,1,26-Mar-2023 10:20 AM,assessment,Price Bid Opening Date,,"1,452,050",,PWD,2022-2023
ocds-kjhdrl-2023_PWD_71175_1,tender,tender,1,2024-11-08,2023_PWD_71175_1,SD-III-T-31959-79dt.18-3-23,A/R and M/O to Residential Building under Shimla Division No.III(SH- Repair/ Providing Misc. item in MH. No.11 at Grant Lodge Shimla).,Works,Open Tender,Percentage,Civil Works - Buildings,,No,No,"5,06,245",19-Mar-2023 06:00 PM,75,No,Online,,,1,26-Mar-2023 11:00 AM,assessment,Price Bid Opening Date,,"506,245",,PWD,2022-2023
ocds-kjhdrl-2023_PWD_71175_10,tender,tender,1,2024-11-08,2023_PWD_71175_10,SD-III-T-31959-79dt.18-3-23,"A/R and M/O to Various Building at IGMC Shimla(SH- Painting and Distempring inside Block- B , Casuality and Other rooms)",Works,Open Tender,Percentage,Civil Works - Buildings,,No,No,,20-Mar-2023 09:00 AM,75,No,Online,,,1,25-Mar-2023 04:00 PM,assessment,Price Bid Opening Date,,"505,178",,PWD,2022-2023
ocds-kjhdrl-2023_PWD_71175_16,tender,tender,1,2024-11-08,2023_PWD_71175_16,SD-III-T-31959-79dt.18-3-23,Annual repair and maintenance to Residential Building under Shimla Division No.III(SH- Repair Providing Misc. items in MH. No.4 at Grant Lodge Shimla).,Works,Open Tender,Percentage,Civil Works - Buildings,,No,No,"4,26,580",20-Mar-2023 10:00 AM,75,No,Online,,,1,25-Mar-2023 04:00 PM,assessment,Price Bid Opening Date,,"443,643",,PWD,2022-2023
ocds-kjhdrl-2023_PWD_71175_18,tender,tender,1,2024-11-08,2023_PWD_71175_18,SD-III-T-31959-79dt.18-3-23,Special repair to Various residential buildings at New Metropole Shimla. ( Providing and Laying interlocking Paver in courtyard in front of old Metropole Shimla),Works,Open Tender,Percentage,Civil Works - Buildings,,No,No,"4,47,410",20-Mar-2023 11:00 AM,75,No,Online,,,1,25-Mar-2023 04:00 PM,assessment,Price Bid Opening Date,,"447,410",,PWD,2022-2023
ocds-kjhdrl-2023_PWD_71175_2,tender,tender,1,2024-11-08,2023_PWD_71175_2,SD-III-T-31959-79dt.18-3-23,A/R and M/O to Residential Building under Shimla Division No.III (SH - Repair/ Providing Misc. item in MH. No.12 at Grant Lodge Shimla).,Works,Open Tender,Percentage,Civil Works - Buildings,,No,No,"4,59,248",19-Mar-2023 06:55 PM,75,No,Online,,,1,25-Mar-2023 11:00 AM,assessment,Price Bid Opening Date,,"459,248",,PWD,2022-2023
ocds-kjhdrl-2023_PWD_71175_3,tender,tender,1,2024-11-08,2023_PWD_71175_3,SD-III-T-31959-79dt.18-3-23,Annual repair and Maintenance of Armsdale Building at HP. Sectt. Chotta Shimla-2(SH-Replacing damaged sensor pillar taps and urinal sensors etc.of Armsdale building.),Works,Open Tender,Percentage,Civil Works - Buildings,,No,No,"3,15,910",19-Mar-2023 06:55 PM,75,No,Online,,,1,25-Mar-2023 11:00 AM,assessment,Price Bid Opening Date,,"315,910",,PWD,2022-2023
ocds-kjhdrl-2023_PWD_71175_5,tender,tender,1,2024-11-08,2023_PWD_71175_5,SD-III-T-31959-79dt.18-3-23,Block B C D at IGMC Shimla (SH Renovation of Toilet in Female Surgical Unit 1 and 2 at Block-C painting Distempering in CCU Female ward Male Surgical ward Casuality Ward and Doctor Rooms at Second and Third Floor),Works,Open Tender,Percentage,Civil Works - Buildings,,No,No,"8,74,120",19-Mar-2023 06:55 PM,75,No,Online,,,1,25-Mar-2023 11:00 AM,assessment,Price Bid Opening Date,,"874,120",,PWD,2022-2023
ocds-kjhdrl-2023_PWD_71175_6,tender,tender,1,2024-11-08,2023_PWD_71175_6,SD-III-T-31959-79dt.18-3-23,Annual reapair and maintenace to Residential Building under Shimla Division No.III(SH- Repair Providing Misc. Head in MH. No.9 at Yates Place Shimla).,Works,Open Tender,Percentage,Civil Works - Buildings,,No,No,"4,97,304",19-Mar-2023 06:55 PM,75,No,Online,,,1,25-Mar-2023 11:00 AM,assessment,Price Bid Opening Date,,"497,304",,PWD,2022-2023
ocds-kjhdrl-2023_PWD_71175_8,tender,tender,1,2024-11-08,2023_PWD_71175_8,SD-III-T-31959-79dt.18-3-23,"Construction of new sewerage line from Block B to Cart Road at IGMC Shimla.( SH- PL sewerage line 200mm dia, Manholes etc.)",Works,Open Tender,Percentage,Civil Works - Buildings,,No,No,"5,35,018",19-Mar-2023 06:55 PM,75,No,Online,,,1,25-Mar-2023 11:00 AM,assessment,Price Bid Opening Date,,"400,550",,PWD,2022-2023
ocds-kjhdrl-2023_PWD_71197_1,tender,tender,1,2024-11-08,2023_PWD_71197_1,NIT No.21117-76 DT.20-03-2023-Bhawarna,"Balance work for Construction of C.H.C. Building at Dheera in Tehsil Dheera District Kangra, (HP)",Works,Open Tender,Item Rate,Civil Works - Buildings,,No,No,"49,97,072",22-Mar-2023 11:30 AM,75,No,Online,,,1,29-Mar-2023 11:30 AM,assessment,Price Bid Opening Date,,"4,981,049",,PWD,2022-2023
ocds-kjhdrl-2023_PWD_71214_1,tender,tender,1,2024-11-08,2023_PWD_71214_1,PW-MDI(P)Tender-NIT-21455-90 dated 14.03.2023,Restoration of rain damages on Drang to Katindhi road Km 0/0 to 11/600.,Works,Open Tender,Percentage,Civil Works - Roads,,No,No,"3,89,829",20-Mar-2023 04:00 PM,90,No,Online,,,1,29-Mar-2023 11:30 AM,assessment,Price Bid Opening Date,,"272,880.19",,PWD,2022-2023
ocds-kjhdrl-2023_PWD_71221_1,tender,tender,1,2024-11-08,2023_PWD_71221_1,AMP Baru Tapre road km 0/0 to 4/0,Annual Maintenance Plan for the year 2023-24 on PMGSY road under Lambloo Sub-Division,Works,Open Tender,Percentage,Civil Works - Roads,,No,No,"64,76,510",20-Mar-2023 06:00 PM,60,No,Online,,,1,29-Mar-2023 11:30 AM,assessment,Price Bid Opening Date,,"5,496,613.6",,PWD,2022-2023
ocds-kjhdrl-2023_PWD_71225_1,tender,tender,1,2024-11-08,2023_PWD_71225_1,Elect. Division HPPWD Palampur,Annual Repair and comprehensive Maintenance contract of 250 KVA D.G. Set installed in the Circuit House at Dharamshala in District Kangra (H.P) for three year 2023-26,Works,Open Tender,Percentage,Electrical Works,,No,No,"5,53,625",20-Mar-2023 05:00 PM,120,No,Online,,,1,27-Mar-2023 11:30 AM,assessment,Price Bid Opening Date,,"553,625",,PWD,2022-2023
ocds-kjhdrl-2023_PWD_71231_1,tender,tender,1,2024-11-08,2023_PWD_71231_1,R/M Main Entrance Gate at Govt. Sr Sec. School Boh,Repair and maintenance of Rooms Ceiling Minor Repair White Wash of Building and Beautification of Main Entrance Gate at Govt. Sr.,Works,Open Tender,Percentage,Civil Works - Buildings,,No,No,"12,39,227",20-Mar-2023 06:00 PM,60,No,Online,,,1,29-Mar-2023 11:30 AM,assessment,Price Bid Opening Date,,"978,740.7",,PWD,2022-2023
ocds-kjhdrl-2023_PWD_71242_1,tender,tender,1,2024-11-08,2023_PWD_71242_1,R/M of Govt. Senior Secondary,Repair and maintenance of Govt. Senior Secondary School Boys at Nadaun,Works,Open Tender,Percentage,Civil Works - Roads,,No,No,"4,49,108",20-Mar-2023 06:00 PM,60,No,Online,,,1,29-Mar-2023 11:30 AM,assessment,Price Bid Opening Date,,"417,670.4",,PWD,2022-2023
ocds-kjhdrl-2023_PWD_71257_1,tender,tender,1,2024-11-08,2023_PWD_71257_1,Ex-Serviceman Building at Hamirpur,Special repair Ex-Serviceman Building at Hamirpur,Works,Open Tender,Percentage,Civil Works - Bridges,,No,No,"1,38,792",21-Mar-2023 09:00 AM,60,No,Online,,,1,29-Mar-2023 11:30 AM,assessment,Price Bid Opening Date,,"115,197.69",,PWD,2022-2023
ocds-kjhdrl-2023_PWD_71263_1,tender,tender,1,2024-11-08,2023_PWD_71263_1,S/R of Dr. RKGMC Hamirpur,Special repair of Dr. RKGMC Hamirpur (HP). Special repair of Dr. RKGMC Hamirpur HP,Works,Open Tender,Percentage,Civil Works - Bridges,,No,No,"17,86,195",21-Mar-2023 09:00 AM,60,No,Online,,,1,29-Mar-2023 11:30 AM,assessment,Price Bid Opening Date,,"1,482,541.64",,PWD,2022-2023
ocds-kjhdrl-2023_PWD_71267_1,tender,tender,1,2024-11-08,2023_PWD_71267_1,C/o Junior Engineer Office-cum-Residence Kehdru,C/o Junior Engineer Office-cum-Residence in Section Kehdru at Bhira,Works,Open Tender,Percentage,Civil Works - Buildings,,No,No,"33,43,100",21-Mar-2023 09:00 AM,60,No,Online,,,1,29-Mar-2023 11:30 AM,assessment,Price Bid Opening Date,,"3,075,652.19",,PWD,2022-2023
ocds-kjhdrl-2023_PWD_71280_1,tender,tender,1,2024-11-08,2023_PWD_71280_1,SD-T-23-31980-3200dt.18-3-2023,"Special repair to Himachal Hospital of Mental Health and Rehabitation Boileauganj Shimla-5 (SH - brick work, tile work, roofing work, water supply and sanitary installation etc in laundry).",Works,Open Tender,Percentage,Civil Works - Bridges,,No,No,"1,66,884",22-Mar-2023 09:00 AM,75,No,Online,,,1,27-Mar-2023 11:00 AM,assessment,Price Bid Opening Date,,"166,884",,PWD,2022-2023
ocds-kjhdrl-2023_PWD_71280_12,tender,tender,1,2024-11-08,2023_PWD_71280_12,SD-T-23-31980-3200dt.18-3-2023,"Special repair to Ellerslie Building at HP. Sectt. Chotta Shimla-2(SH-Painting polishing etc. in room No.E-202, E-214, E-215, E 221 and E-229)",Works,Open Tender,Percentage,Civil Works - Buildings,,No,No,"2,53,335",23-Mar-2023 09:00 AM,75,No,Online,,,1,01-Apr-2023 11:00 AM,assessment,Price Bid Opening Date,,"253,335",,PWD,2022-2023
ocds-kjhdrl-2023_PWD_71280_15,tender,tender,1,2024-11-08,2023_PWD_71280_15,SD-T-23-31980-3200dt.18-3-2023,"-R to various Blocks at IGMC Shimla.(SH- P-F Cupboard in room No. 236, HOD Blood Bank repair work in Casuality , Emergency Lab. , Principal Office and P-L 25mm dia GI. Pipe for main feeding to Block-C and other misc. repairs.)",Works,Open Tender,Percentage,Civil Works - Buildings,,No,No,"9,50,422",23-Mar-2023 09:00 AM,75,No,Online,,,1,01-Apr-2023 11:00 AM,assessment,Price Bid Opening Date,,"950,422",,PWD,2022-2023
ocds-kjhdrl-2023_PWD_71280_3,tender,tender,1,2024-11-08,2023_PWD_71280_3,SD-T-23-31980-3200dt.18-3-2023,"Annual and maintenance to Various Non residential building under Shimla Division No. III (SH - Repair of Cup Board, office Table , Partition wall in the office building of Sub Division , Repair of Table of Engineer-in-Chief (Project) ACR Cell and Foo",Works,Open Tender,Percentage,Civil Works - Buildings,,No,No,"2,00,311",22-Mar-2023 09:00 AM,75,No,Online,,,1,27-Mar-2023 11:00 AM,assessment,Price Bid Opening Date,,"200,311",,PWD,2022-2023
ocds-kjhdrl-2023_PWD_71280_4,tender,tender,1,2024-11-08,2023_PWD_71280_4,SD-T-23-31980-3200dt.18-3-2023,Annual repair and maintenance to various residential blocks at Nabha Estate (SH- Providing and supplying of various items for day to day repair and maintenance in Nabha residential colony for type-I to VI quarters,Works,Open Tender,Percentage,Civil Works - Buildings,,No,No,"4,98,991",22-Mar-2023 09:00 AM,75,No,Online,,,1,01-Apr-2023 09:00 AM,assessment,Price Bid Opening Date,,"498,991",,PWD,2022-2023
ocds-kjhdrl-2023_PWD_71280_5,tender,tender,1,2024-11-08,2023_PWD_71280_5,SD-T-23-31980-3200dt.18-3-2023,Annual repair and maintenance to HP. Public Service Commission office at Nigam Vihar Shimla (SH-Providing and Fixing Steel Platform for PVC Water Storage Tanks Back side of Canteen at HP. Public Service Commission office. ),Works,Open Tender,Percentage,Civil Works - Buildings,,No,No,"4,42,329",22-Mar-2023 09:00 AM,75,No,Online,,,1,01-Apr-2023 09:00 AM,assessment,Price Bid Opening Date,,"442,329",,PWD,2022-2023
ocds-kjhdrl-2023_PWD_71335_1,tender,tender,1,2024-11-08,2023_PWD_71335_1,NO.PW.TLD.Tender/2022-33452-72 dt. 18.03.2023,"Construction of Additional accommodation Govt. Senior Secondary School building at Kholanal Tehsil Balichowki Distt. Mandi HP SH-Construction of building portion WS and SI rain water harvesting system septic tank, site development and approach road.",Works,Open Tender,Percentage,Civil Works,,No,No,"2,92,57,052",22-Mar-2023 05:00 PM,120,No,Online,,,1,31-Mar-2023 11:30 AM,assessment,Price Bid Opening Date,,"28,818,189.89",,PWD,2022-2023
ocds-kjhdrl-2023_PWD_71364_1,tender,tender,1,2024-11-08,2023_PWD_71364_1,27197-27247dt. 18.03.2023,Construction of National Law University at Ghandal,Works,Open Tender,Percentage,Civil Works - Buildings,,No,No,"18,96,477",21-Mar-2023 06:30 PM,75,No,Online,,,1,03-Apr-2023 11:00 AM,assessment,Price Bid Opening Date,,"1,981,818",,PWD,2022-2023
ocds-kjhdrl-2023_PWD_71370_1,tender,tender,1,2024-11-08,2023_PWD_71370_1,21791-21891,ARMO H.P.P.W.D. REST HOUSE,Works,Open Tender,Percentage,Civil Works - Buildings,,No,No,,23-Mar-2023 10:30 AM,60,No,Online,,,1,28-Mar-2023 11:30 AM,assessment,Price Bid Opening Date,,"2,719,500",,PWD,2022-2023
ocds-kjhdrl-2023_PWD_71379_1,tender,tender,1,2024-11-08,2023_PWD_71379_1,Electrical Division-I dated 18.03.2023,Providing Special repair to E.I in residence Oakover Shimla-2,Works,Open Tender,Item Rate,Electrical Works,,No,No,,22-Mar-2023 02:00 PM,30,No,Offline,,,1,01-Apr-2023 11:30 AM,assessment,Price Bid Opening Date,,"952,705",,PWD,2022-2023
ocds-kjhdrl-2023_PWD_71382_1,tender,tender,1,2024-11-08,2023_PWD_71382_1,PWD-BD-TA-2022-23-21310-61,Balance work for C/O Lakhna Devi Temple at Harer in Tehsil Baijnath,Works,Open Tender,Percentage,Civil Works - Buildings,,No,No,"1,68,000",22-Mar-2023 12:00 PM,60,No,Offline,,,1,28-Mar-2023 11:30 AM,assessment,Price Bid Opening Date,,"168,001",,PWD,2022-2023
ocds-kjhdrl-2023_PWD_71387_1,tender,tender,1,2024-11-08,2023_PWD_71387_1,PWD-BD-TA-2022-23-21310-61,"A/R and M/O Various Road under Bir sub Division, HPPWD Bir",Works,Open Tender,Percentage,Civil Works - Others,,No,No,"1,26,000",22-Mar-2023 01:00 PM,60,No,Offline,,,1,28-Mar-2023 11:30 AM,assessment,Price Bid Opening Date,,"120,330",,PWD,2022-2023
ocds-kjhdrl-2023_PWD_71388_1,tender,tender,1,2024-11-08,2023_PWD_71388_1,SEIX/WS/E-TENDER/22-23-9385-94 DT 13.3.23,"Construction of road from Plakh to Charuri and Malhari to Duhag km. 0/0 to 3/555 including bridge over Duhag khad SH Formation cutting, Retaining walls, Cross Drainage Works, GSB, WBM II, WBM III, Tarring, Drain, Parapet and Const. of 43.20 mtr. spa",Works,Open Tender,Item Rate,Civil Works,,No,No,"5,47,67,992",23-Mar-2023 10:00 AM,75,No,Online,,,1,06-Apr-2023 11:00 AM,assessment,Price Bid Opening Date,,"34,563,007",,PWD,2022-2023
ocds-kjhdrl-2023_PWD_71394_1,tender,tender,1,2024-11-08,2023_PWD_71394_1,SEIX/WS/E-TENDER/22-23-9385-94 DT 13.3.23,"Construction of Kodu Bela to Paral via Jatt Beli road km 0/0 to 7/515 SH Formation cutting, Retaining walls, Cross Drainage Works, GSB, WBM II, WBM III, Tarring, Cement Concrete Pavement, Drain and Parapet including five years routine maintenance U",Works,Open Tender,Item Rate,Civil Works,,No,No,"5,05,97,180",23-Mar-2023 10:00 AM,75,No,Online,,,1,06-Apr-2023 11:00 AM,assessment,Price Bid Opening Date,,"30,872,334",,PWD,2022-2023
ocds-kjhdrl-2023_PWD_71399_1,tender,tender,1,2024-11-08,2023_PWD_71399_1,PWD-BD-TA-2022-23-21310-61,"A/R and M/O Various Road under Baijnath sub Division, HPPWD Baijnath",Works,Open Tender,Percentage,Civil Works - Others,,No,No,"1,26,000",22-Mar-2023 02:00 PM,60,No,Offline,,,1,28-Mar-2023 11:30 AM,assessment,Price Bid Opening Date,,"89,498",,PWD,2022-2023
ocds-kjhdrl-2023_PWD_71405_1,tender,tender,1,2024-11-08,2023_PWD_71405_1,PWD-BD-TA-2022-23-21310-61,Repair and maintenance of approach road from NH 20 to Jawahar Navodya Vidlaya Paprola,Works,Open Tender,Percentage,Civil Works - Roads,,No,No,"2,98,903",22-Mar-2023 02:00 PM,60,No,Offline,,,1,28-Mar-2023 11:30 AM,assessment,Price Bid Opening Date,,"272,300",,PWD,2022-2023
ocds-kjhdrl-2023_PWD_71406_1,tender,tender,1,2024-11-08,2023_PWD_71406_1,PWD-BD-TA-2022-23-21310-61,Repair of Court Complex Building Tehsil Baijnath Distt. Kangra (HP),Works,Open Tender,Percentage,Civil Works - Buildings,,No,No,"3,82,725",22-Mar-2023 02:00 PM,60,No,Offline,,,1,28-Mar-2023 11:30 AM,assessment,Price Bid Opening Date,,"399,947",,PWD,2022-2023
ocds-kjhdrl-2023_PWD_71444_1,tender,tender,1,2024-11-08,2023_PWD_71444_1,PW/BGN/2022-23-11917-47 dated 16.03.2023,Construction of Newly upgraded CHC Building at Thanakalan in District Una HP SH Addition of OPD Block,Works,Open Tender,Percentage,Civil Works - Buildings,,No,No,"5,88,36,633",23-Mar-2023 11:00 AM,90,No,Online,,,1,03-Apr-2023 11:00 AM,assessment,Price Bid Opening Date,,"47,816,532",,PWD,2022-2023
ocds-kjhdrl-2023_PWD_71536_1,tender,tender,1,2024-11-08,2023_PWD_71536_1,NIT No.21181-240 DT.20-03-2023-Bhawarna,C/o Raipur Tea- estate to Bhadal Devi road.,Works,Open Tender,Item Rate,Civil Works - Roads,,No,No,"5,44,575",25-Mar-2023 10:00 AM,75,No,Online,,,1,03-Apr-2023 11:30 AM,assessment,Price Bid Opening Date,,"375,306",,PWD,2022-2023
ocds-kjhdrl-2023_PWD_71542_1,tender,tender,1,2024-11-08,2023_PWD_71542_1,PW.NH.EE.Thg.Tender-22-6583-92 dt.16.3.2023,Maintenance of NH 22 New NH 05 on Kalka Shimla Wangtoo road in km 153.180 to 236.0,Works,Open Tender,Percentage,Civil Works - Roads,,No,No,"3,39,19,753",24-Mar-2023 06:00 PM,120,No,Online,,,1,11-Apr-2023 11:00 AM,assessment,Price Bid Opening Date,,"31,857,433",,PWD,2022-2023
ocds-kjhdrl-2023_PWD_71585_1,tender,tender,1,2024-11-08,2023_PWD_71585_1,PW-SE-I-RIDF-XXVIII-MDII/ 2023-26036-85 Dt.24-3-23,M/T on Kenchimore to Khaprehra road Km. 0/0 to 6/010 under NABARD RIDF-XXVIII.,Works,Open Tender,Percentage,Civil Works - Roads,,No,No,"3,73,89,035",27-Mar-2023 10:00 AM,75,No,Both(Online/Offline),,,1,05-Apr-2023 11:30 AM,assessment,Price Bid Opening Date,,"32,925,228.26",,PWD,2022-2023
ocds-kjhdrl-2023_PWD_71594_1,tender,tender,1,2024-11-08,2023_PWD_71594_1,PW-SE-I-RIDF-XXVIII-MDII/ 2023-26036-85 Dt.24-3-23,M/T and Balance work on Khad Kalyana Dolra Balh to Harizan Basti Ropa road Km. 0/0 to 6/200 under NABARD RIDF-XXVIII.,Works,Open Tender,Percentage,Civil Works - Roads,,No,No,"3,62,38,277",27-Mar-2023 10:00 AM,75,No,Both(Online/Offline),,,1,05-Apr-2023 11:00 AM,assessment,Price Bid Opening Date,,"31,776,681.49",,PWD,2022-2023
ocds-kjhdrl-2023_PWD_71602_3,tender,tender,1,2024-11-08,2023_PWD_71602_3,SD-I-CTR-Tender-2023- 26169 dated 25-03-2023,"C/O Ghollo to Nihari road km. 0/00 to 1/270 (SH C/O B/wall at Rd.0/225 to 0/240,0/330 to 0/345, R/wall at RD. 0/225 to 0/240 and V-shpe drain",Works,Open Tender,Percentage,Civil Works,,No,No,,28-Mar-2023 05:00 PM,75,No,Online,,,1,04-Apr-2023 11:00 AM,assessment,Price Bid Opening Date,,"3,288,845",,PWD,2022-2023
ocds-kjhdrl-2023_PWD_71610_1,tender,tender,1,2024-11-08,2023_PWD_71610_1,PWD-BD-TA-2022-23-21714-64,Construction of Combined Office building at Multhan Tehsil Baijnath Distt. Kangra H.P,Works,Open Tender,Percentage,Civil Works - Buildings,,No,No,"4,26,87,698",27-Mar-2023 10:00 AM,90,No,Online,,,1,06-Apr-2023 11:00 AM,assessment,Price Bid Opening Date,,"44,736,697",,PWD,2022-2023
ocds-kjhdrl-2023_PWD_71628_1,tender,tender,1,2024-11-08,2023_PWD_71628_1,NIT No. 15237-41 dated 23-03-2023,R/R and R/D on various roads under Baddi Sub Division ( Baddi Section) (SH Repair to pot holes on Barotiwala Baddi sai ramshehar road in km 0/0 to 3/00 and on link road to Village Haripur Dandoli in km 0/0 to 1/00 and Lehi Ghared road in km 3/00 to,Works,Open Tender,Percentage,Civil Works,,No,No,"14,85,190",27-Mar-2023 10:00 AM,75,No,Online,,,1,06-Apr-2023 11:30 AM,assessment,Price Bid Opening Date,,"1,090,575",,PWD,2022-2023
ocds-kjhdrl-2023_PWD_71635_1,tender,tender,1,2024-11-08,2023_PWD_71635_1,14490-14500,AMPChatyalBalhtoDabar,Works,Open Tender,Item Rate,Civil Works - Roads,,No,No,"36,50,760",27-Mar-2023 03:00 PM,30,No,Online,,,1,02-Apr-2023 11:00 AM,assessment,Price Bid Opening Date,,"2,993,621",,PWD,2022-2023
ocds-kjhdrl-2023_PWD_71635_2,tender,tender,1,2024-11-08,2023_PWD_71635_2,14490-14500,AMPKathuineGujrehra,Works,Open Tender,Item Rate,Civil Works - Roads,,No,No,"49,16,662",27-Mar-2023 03:00 PM,30,No,Online,,,1,02-Apr-2023 11:00 AM,assessment,Price Bid Opening Date,,"3,952,996",,PWD,2022-2023
ocds-kjhdrl-2023_PWD_71635_3,tender,tender,1,2024-11-08,2023_PWD_71635_3,14490-14500,AMPTalaiDeotSidh,Works,Open Tender,Item Rate,Civil Works - Roads,,No,No,"15,87,023",27-Mar-2023 03:20 PM,30,No,Online,,,1,02-Apr-2023 11:00 AM,assessment,Price Bid Opening Date,,"1,284,695",,PWD,2022-2023
ocds-kjhdrl-2023_PWD_71635_4,tender,tender,1,2024-11-08,2023_PWD_71635_4,14490-14500,AMPJhanduttaBehnaBrahmna,Works,Open Tender,Item Rate,Civil Works - Roads,,No,No,"27,95,451",27-Mar-2023 03:00 PM,30,No,Online,,,1,02-Apr-2023 11:00 AM,assessment,Price Bid Opening Date,,"2,292,270",,PWD,2022-2023
ocds-kjhdrl-2023_PWD_71636_1,tender,tender,1,2024-11-08,2023_PWD_71636_1,NIT No.21319-78 DT.23-03-2023-Bhawarna,Restoration of damages of laying of OFC on Arla Gugga Mandir upto Bhawarna road Km 0/0 to 6/0,Works,Open Tender,Item Rate,Civil Works - Roads,,No,No,"16,65,316",27-Mar-2023 12:30 PM,75,No,Online,,,1,04-Apr-2023 11:30 AM,assessment,Price Bid Opening Date,,"1,620,320",,PWD,2022-2023
ocds-kjhdrl-2023_PWD_71730_1,tender,tender,1,2024-11-08,2023_PWD_71730_1,PW-DPD-CB-Tender--35326-28-dt 24-03-2023,R/R Damages on Kamlah Haloun Chandgalla Dhalara road km. 0/0 to 4/0,Works,Open Tender,Item Rate,Civil Works - Roads,,No,No,"49,98,542",05-Apr-2023 04:00 PM,60,No,Online,,,1,13-Apr-2023 11:30 AM,assessment,Price Bid Opening Date,,"4,998,542",,PWD,2022-2023
ocds-kjhdrl-2023_PWD_71767_2,tender,tender,1,2024-11-08,2023_PWD_71767_2,SD-III-T-32628-47dt.23-03-2023,"Repair-renovation to various residential buildings under division no III Shimla. (SH- Miscellaneous repair work in Toilets and wood work, polishing etc in MH Yates Place-02 at Benmore Shimla)",Works,Open Tender,Percentage,Civil Works - Buildings,,No,No,"9,95,091",31-Mar-2023 01:20 PM,75,No,Online,,,1,07-May-2023 11:00 AM,assessment,Price Bid Opening Date,,"995,091",,PWD,2023-2024
ocds-kjhdrl-2023_PWD_71796_1,tender,tender,1,2024-11-08,2023_PWD_71796_1,10363-68 DATED 29.03.2023,C/o Eklavya Model Residential School at Nichar Distt. Kinnaur H.P.(SH- C/o Girls Hostel-II including building portion WS and SI septic tank and rain water harvesting system),Works,Open Tender,Item Rate,Civil Works,,No,No,"2,19,81,186",03-Apr-2023 09:00 AM,120,No,Online,,,1,11-Apr-2023 11:00 AM,assessment,Price Bid Opening Date,,"22,454,597.72",,PWD,2022-2023
ocds-kjhdrl-2023_PWD_71803_1,tender,tender,1,2024-11-08,2023_PWD_71803_1,21572 - 631 Dated-25.03.2023,Annual Maintenance Plan for the Year 2023 -24 on Bajaura Kandi road Km.3/700 to 12/540(PMGSY road).,Works,Open Tender,Item Rate,Civil Works - Roads,,No,No,"45,58,536",01-Apr-2023 01:00 PM,75,No,Offline,,,1,11-Apr-2023 11:30 AM,assessment,Price Bid Opening Date,,"4,786,558",,PWD,2022-2023
ocds-kjhdrl-2023_PWD_71803_2,tender,tender,1,2024-11-08,2023_PWD_71803_2,21572 - 631 Dated-25.03.2023,Annual Maintenance Plan for the Year 2023 -24 on Kakroonalla to Shogi road kilometre 0-0 to 10-860.,Works,Open Tender,Item Rate,Civil Works - Roads,,No,No,"61,21,877",01-Apr-2023 01:00 PM,75,No,Offline,,,1,11-Apr-2023 11:30 AM,assessment,Price Bid Opening Date,,"6,427,242",,PWD,2022-2023
ocds-kjhdrl-2023_PWD_71803_3,tender,tender,1,2024-11-08,2023_PWD_71803_3,21572 - 631 Dated-25.03.2023,Annual Maintenance plan for the year 2023-24 on Hurla Tharas Sachani road kilometre 0-0 to 10-00 PMGSY road,Works,Open Tender,Item Rate,Civil Works - Roads,,No,No,"29,42,244",01-Apr-2023 01:00 PM,75,No,Offline,,,1,11-Apr-2023 11:30 AM,assessment,Price Bid Opening Date,,"3,098,382",,PWD,2022-2023
ocds-kjhdrl-2023_PWD_71803_4,tender,tender,1,2024-11-08,2023_PWD_71803_4,21572 - 631 Dated-25.03.2023,Annual Maintenance plan for the year 2023-24 on Khora age to Bhallan II road kilometre 0-0 to 10-865,Works,Open Tender,Item Rate,Civil Works - Roads,,No,No,"45,57,740",01-Apr-2023 01:30 PM,75,No,Offline,,,1,11-Apr-2023 11:30 AM,assessment,Price Bid Opening Date,,"4,785,433",,PWD,2022-2023
ocds-kjhdrl-2023_PWD_71840_1,tender,tender,1,2024-11-08,2023_PWD_71840_1,PW-SKT-CB-Tender/2022-23 17393-95 dt - 21.03.2023,A/R and M/O JNSG Road Km. 62/0 to 68/0,Works,Open Tender,Percentage,Civil Works - Roads,,No,No,"4,55,080",01-Apr-2023 06:00 PM,90,No,Online,,,1,10-Apr-2023 11:30 AM,assessment,Price Bid Opening Date,,"477,651",,PWD,2022-2023
ocds-kjhdrl-2023_PWD_71842_5,tender,tender,1,2024-11-08,2023_PWD_71842_5,PW-NCD-TA-NIQ-2023- 19906-55 dt. 29-03-2023,"Routine day to Day repair and Maintenance of SLBS Govt. Medical College and Hospital at Nerchowk, Distt. Mandi.",Works,Open Tender,Percentage,Civil Works,,No,No,"2,75,790",01-Apr-2023 06:55 PM,90,No,Both(Online/Offline),,,1,10-Apr-2023 11:30 AM,assessment,Price Bid Opening Date,,"220,273",,PWD,2022-2023
ocds-kjhdrl-2023_PWD_71844_1,tender,tender,1,2024-11-08,2023_PWD_71844_1,PWD-BD-TA-2022-23-23056-98,Special Repair HPPWD Rest House at Baijnath HPPWD Baijnath,Works,Open Tender,Percentage,Civil Works,,No,No,"5,61,680",03-Apr-2023 11:30 AM,60,No,Offline,,,1,12-Apr-2023 11:30 AM,assessment,Price Bid Opening Date,,"585,833",,PWD,2022-2023
ocds-kjhdrl-2023_PWD_71845_1,tender,tender,1,2024-11-08,2023_PWD_71845_1,13581-85 dt.31.03.2023,ROFD on link road to connect PHQ Dachhain Km. 0/000 to 8/435,Works,Open Tender,Percentage,Civil Works - Roads,,No,No,"8,18,545",03-Apr-2023 02:00 PM,60,No,Offline,,,1,19-Apr-2023 11:00 AM,assessment,Price Bid Opening Date,,"851,287",,PWD,2022-2023
ocds-kjhdrl-2023_PWD_71859_1,tender,tender,1,2024-11-08,2023_PWD_71859_1,PW/TLD/AB/Tender/2022- 33888-908 dt. 28.03.2023,Periodical Maintenance on Bounchari to Sudhrani road km 0.0 to 14.500 SH Providing and laying 30 mm thick bituminous concrete single layer and hot applied thermoplastic in km 0.0 to 1.0 and 2.0 to 3.0 AMP for the year 2023 24 PMGSY,Works,Open Tender,Percentage,Civil Works,,No,No,"30,73,658",04-Apr-2023 05:00 PM,120,No,Online,,,1,13-Apr-2023 11:30 AM,assessment,Price Bid Opening Date,,"1,612,134",,PWD,2022-2023
ocds-kjhdrl-2023_PWD_71859_2,tender,tender,1,2024-11-08,2023_PWD_71859_2,PW/TLD/AB/Tender/2022- 33888-908 dt. 28.03.2023,Periodical Maintenance on Chamarjani to Sansoi road km 0.0 to 2.0 SH- Providing and laying 30 mm thick bituminous concrete single layer and hot applied thermoplastic in km 1.0 to 2.0 AMP for the year 2023 24 Village Roads.,Works,Open Tender,Percentage,Civil Works,,No,No,"15,39,643",04-Apr-2023 05:00 PM,120,No,Online,,,1,13-Apr-2023 11:30 AM,assessment,Price Bid Opening Date,,"1,615,086",,PWD,2022-2023
ocds-kjhdrl-2023_PWD_71859_3,tender,tender,1,2024-11-08,2023_PWD_71859_3,PW/TLD/AB/Tender/2022- 33888-908 dt. 28.03.2023,Periodical Maintenance on Chubhalu to Farsh road km 0.0 to 4.0 SH- Providing and laying 30 mm thick bituminous concrete single layer and hot applied thermoplastic in km 3.0 to 4.0) AMP for the year 2023 24 Village Roads.,Works,Open Tender,Percentage,Civil Works,,No,No,"16,76,223",04-Apr-2023 05:00 PM,120,No,Online,,,1,13-Apr-2023 11:30 AM,assessment,Price Bid Opening Date,,"1,758,357",,PWD,2022-2023
ocds-kjhdrl-2023_PWD_71859_4,tender,tender,1,2024-11-08,2023_PWD_71859_4,PW/TLD/AB/Tender/2022- 33888-908 dt. 28.03.2023,Periodical Maintenance on Takoli Bhamsoi Bhalther road km 0.0 to 4.0 SH- Providing and laying 30 mm thick bituminous concrete single layer and hot applied thermoplastic in km 0.0 to 1.0 and 3.0 to 4.0 AMP for the year 2023 24 Village roads.,Works,Open Tender,Percentage,Civil Works,,No,No,"27,80,096",04-Apr-2023 05:00 PM,120,No,Online,,,1,13-Apr-2023 11:30 AM,assessment,Price Bid Opening Date,,"2,916,321",,PWD,2022-2023
ocds-kjhdrl-2023_PWD_71859_5,tender,tender,1,2024-11-08,2023_PWD_71859_5,PW/TLD/AB/Tender/2022- 33888-908 dt. 28.03.2023,Periodical maintenance on Shegali Baggi Prasher Jawalapur Panarsa road km 0.0 to 62.035 SH-Providing and laying 30 mm thick bituminous concrete single layer and hot applied thermoplastic in km 51.0 to 55.0 AMP for the year 2023 24 MDR 068.,Works,Open Tender,Percentage,Civil Works,,No,No,"68,52,197",04-Apr-2023 05:00 PM,120,No,Online,,,1,13-Apr-2023 11:30 AM,assessment,Price Bid Opening Date,,"7,187,955",,PWD,2022-2023
ocds-kjhdrl-2023_PWD_71859_6,tender,tender,1,2024-11-08,2023_PWD_71859_6,PW/TLD/AB/Tender/2022- 33888-908 dt. 28.03.2023,Balance work of Construction of G.S.S.S. Building at Bandal Tehsil Balichowki Distt. Mandi HP SH-Construction of Four rooms with stair in ground floor.,Works,Open Tender,Percentage,Civil Works,,No,No,"54,30,579",04-Apr-2023 05:00 PM,120,No,Online,,,1,13-Apr-2023 11:30 AM,assessment,Price Bid Opening Date,,"4,888,063",,PWD,2022-2023
ocds-kjhdrl-2023_PWD_71907_1,tender,tender,1,2024-11-08,2023_PWD_71907_1,Nagrota 04-04,Construction of PG Hostel for Boys in Dr RPGMC Tanda District Kangra (HP) (SH-Construction of boundary wall and Gate).,Works,Open Tender,Percentage,Civil Works - Buildings,,No,No,"31,60,189",04-Apr-2023 05:00 PM,120,No,Online,,,1,12-Apr-2023 11:30 AM,assessment,Price Bid Opening Date,,"2,579,663",,PWD,2022-2023
ocds-kjhdrl-2023_PWD_71907_2,tender,tender,1,2024-11-08,2023_PWD_71907_2,Nagrota 04-04,Construction of PG Hostel for Girls in Dr RPGMC Tanda District Kangra (HP) (SH-Construction of boundary wall and Gate).,Works,Open Tender,Percentage,Civil Works,,No,No,"31,60,189",04-Apr-2023 05:00 PM,120,No,Online,,,1,12-Apr-2023 11:00 AM,assessment,Price Bid Opening Date,,"2,363,822",,PWD,2022-2023
ocds-kjhdrl-2023_PWD_71942_1,tender,tender,1,2024-11-08,2023_PWD_71942_1,No. PW-NHC-Tender- 6872-6900 dated 24.3.23,Construction of P.C.C R/wall for parking at RD 134/400 to 134/415,Works,Open Tender,Item Rate,Civil Works - Roads,,No,No,"47,48,159",10-Apr-2023 11:00 AM,75,No,Online,,,1,20-Apr-2023 11:30 AM,assessment,Price Bid Opening Date,,"3,323,712.45",,PWD,2022-2023
ocds-kjhdrl-2023_PWD_71948_1,tender,tender,1,2024-11-08,2023_PWD_71948_1,PW-JND-B and R-EA-I-NIT- 26601-50 dt.27.03.2023,Construction of Veterinary Dispensary at Pandol in Tehsil Lad-Bharol District Mandi (H.P.),Works,Open Tender,Percentage,Civil Works - Buildings,,No,No,"14,37,518",05-Apr-2023 05:00 PM,30,No,Online,,,1,24-Apr-2023 11:30 AM,assessment,Price Bid Opening Date,,"1,247,911",,PWD,2022-2023
ocds-kjhdrl-2023_PWD_71952_1,tender,tender,1,2024-11-08,2023_PWD_71952_1,PW-JND-B and R-EA-I-NIT- 26601-50 dt.27.03.2023,Construction of Veterinary Dispensary at Balh Chalharg in Tehsil Joginder Nagar District Mandi (H.P.),Works,Open Tender,Percentage,Civil Works - Bridges,,No,No,"14,60,372",05-Apr-2023 05:00 PM,30,No,Online,,,1,24-Apr-2023 11:30 AM,assessment,Price Bid Opening Date,,"1,219,406",,PWD,2022-2023
ocds-kjhdrl-2023_PWD_71954_1,tender,tender,1,2024-11-08,2023_PWD_71954_1,PW-JND-B and R-EA-I-NIT- 26601-50 dt.27.03.2023,Construction of ICT Lab at Govt. Sen. Sec. School at Nauhli Tehsil Joginder Nagar District Mandi (H.P.),Works,Open Tender,Percentage,Civil Works - Buildings,,No,No,"22,89,836",05-Apr-2023 05:00 PM,30,No,Online,,,1,24-Apr-2023 11:30 AM,assessment,Price Bid Opening Date,,"2,080,776",,PWD,2022-2023
ocds-kjhdrl-2023_PWD_71983_2,tender,tender,1,2024-11-08,2023_PWD_71983_2,PW-NCD-TA-NIQ-2023- 20141-190 dt. 31-03-2023,Restoration of Damages caused by laying of optical fiber cable on Nagchala Chakradi road km 0/00 to 3/750,Works,Open Tender,Percentage,Civil Works,,No,No,"9,09,493",06-Apr-2023 11:30 AM,90,No,Both(Online/Offline),,,1,17-Apr-2023 11:30 AM,assessment,Price Bid Opening Date,,"827,638",,PWD,2022-2023
ocds-kjhdrl-2023_PWD_72015_1,tender,tender,1,2024-11-08,2023_PWD_72015_1,PW-DPD-CB-Tender-16-18,Periodical maintenance on Sandhole Dharampur Kotli Mandi Road km. 0/0 to 35/0,Works,Open Tender,Item Rate,Civil Works - Roads,,No,No,"12,81,429",10-Apr-2023 05:00 PM,60,No,Online,,,1,18-Apr-2023 11:00 AM,assessment,Price Bid Opening Date,,"1,345,050",,PWD,2022-2023
ocds-kjhdrl-2023_PWD_72022_1,tender,tender,1,2024-11-08,2023_PWD_72022_1,PW-DPD-CB-16-18,Periodical maintenance on Sandhole to Cholangarh (Portion of Awahdevi Tihra Gaddidhar Sandhole) road km 93/0 to 101/0,Works,Open Tender,Item Rate,Civil Works - Roads,,No,No,"27,92,193",10-Apr-2023 05:00 PM,60,No,Online,,,1,18-Apr-2023 11:45 AM,assessment,Price Bid Opening Date,,"2,629,750",,PWD,2022-2023
ocds-kjhdrl-2023_PWD_72040_1,tender,tender,1,2024-11-08,2023_PWD_72040_1,PW-MDI(P)Tender-NIT-22292-327 dated 27.03.2023,Periodic maintenance of Darlog Arang road (Village Road HP0804VR0030) under Annual maintenance Plan for the year 2023-24.,Works,Open Tender,Item Rate,Civil Works - Roads,,No,No,"44,83,034",10-Apr-2023 02:00 PM,75,No,Online,,,1,21-Apr-2023 11:30 AM,assessment,Price Bid Opening Date,,"4,605,906.5",,PWD,2022-2023
ocds-kjhdrl-2023_PWD_72049_1,tender,tender,1,2024-11-08,2023_PWD_72049_1,PW-MDI(P)Tender-NIT-22292-327 dated 27.03.2023,Periodic maintenance of Kahara to Navlay road (Village Road HP0805VR0147) under Annual maintenance Plan for the year 2023-24,Works,Open Tender,Item Rate,Civil Works - Roads,,No,No,"14,85,090",10-Apr-2023 02:00 PM,75,No,Online,,,1,21-Apr-2023 11:30 AM,assessment,Price Bid Opening Date,,"1,535,349.5",,PWD,2022-2023
ocds-kjhdrl-2023_PWD_72060_1,tender,tender,1,2024-11-08,2023_PWD_72060_1,PW-MDI(P)Tender-NIT-22292-327 dated 27.03.2023,Periodic maintenance of Kunnu Babli Nashdarah road (PMGSY rural road) (HP0804MRL038) under Annual maintenance Plan for the year 2023-24,Works,Open Tender,Item Rate,Civil Works - Roads,,No,No,"48,32,571",10-Apr-2023 04:00 PM,75,No,Online,,,1,21-Apr-2023 11:30 AM,assessment,Price Bid Opening Date,,"5,251,541",,PWD,2022-2023
ocds-kjhdrl-2023_PWD_72063_1,tender,tender,1,2024-11-08,2023_PWD_72063_1,Banoli to Bhatti Dhuglu Bassa Kotha Harnera,Banoli to Bhatti Duglu Bassa Kotha Harnera road km. 0/0 to9/765 under RIDF-XXVIII,Works,Open Tender,Item Rate,Civil Works - Roads,,No,No,"7,75,83,747",10-Apr-2023 05:00 PM,75,No,Online,,,1,26-Apr-2023 12:00 PM,assessment,Price Bid Opening Date,,"51,563,060",,PWD,2022-2023
ocds-kjhdrl-2023_PWD_72066_1,tender,tender,1,2024-11-08,2023_PWD_72066_1,PW-MDI(P)Tender-NIT-22292-327 dated 27.03.2023,Periodic maintenance of Kufri Kheel Lohara road (Village road) (HP0804VR0092) under Annual maintenance Plan for the year 2023-24.,Works,Open Tender,Item Rate,Civil Works - Roads,,No,No,"19,83,944",10-Apr-2023 04:00 PM,75,No,Online,,,1,21-Apr-2023 11:30 AM,assessment,Price Bid Opening Date,,"2,076,808",,PWD,2022-2023
ocds-kjhdrl-2023_PWD_72080_1,tender,tender,1,2024-11-08,2023_PWD_72080_1,PW-MDI(P)Tender-NIT-22292-327 dated 27.03.2023,Periodic maintenance of Padhar Hardgaloo Banwar road (portion Choura to Kufri) (Village road) (HP0804VR0090 under Annual maintenance Plan for the year 2023-24,Works,Open Tender,Item Rate,Civil Works - Roads,,No,No,"15,12,425",10-Apr-2023 05:00 PM,75,No,Online,,,1,21-Apr-2023 11:30 AM,assessment,Price Bid Opening Date,,"1,587,553",,PWD,2022-2023
ocds-kjhdrl-2023_PWD_72157_1,tender,tender,1,2024-11-08,2023_PWD_72157_1,Repair and renovation of Chemistry Lab of Baru,Repair and renovation of Chemistry Lab of Govt. Polytechnic College Hamirpur Baru,Works,Open Tender,Percentage,Civil Works - Buildings,,No,No,"19,33,835",12-Apr-2023 09:00 AM,60,No,Online,,,1,18-Apr-2023 11:30 AM,assessment,Price Bid Opening Date,,"1,634,092.64",,PWD,2022-2023
ocds-kjhdrl-2023_PWD_72180_1,tender,tender,1,2024-11-08,2023_PWD_72180_1,Nagrota 12/04,Construction of 2 Blocks (16 Nos. Quarters) Type-V at Dr. RPGMC and H Tanda in District Kangra (HP) DEPOSIT WORK,Works,Open Tender,Percentage,Civil Works - Buildings,,No,No,"10,74,35,786",13-Apr-2023 04:00 PM,120,No,Online,,,1,25-Apr-2023 11:30 AM,assessment,Price Bid Opening Date,,"91,212,982",,PWD,2022-2023
ocds-kjhdrl-2023_PWD_72209_1,tender,tender,1,2024-11-08,2023_PWD_72209_1,PW-SKT-CB-Tender/2023-24 17765-77 dt - 31.03.2023,Construction of Wrestling Stadium Baira (Pingla) Tehsil Sarkaghat Distt. - mandi (HP),Works,Open Tender,Percentage,Civil Works - Others,,No,No,,13-Apr-2023 04:00 PM,90,No,Online,,,1,20-Apr-2023 11:30 AM,assessment,Price Bid Opening Date,,"3,842,102",,PWD,2022-2023
ocds-kjhdrl-2023_PWD_72228_1,tender,tender,1,2024-11-08,2023_PWD_72228_1,PW-JND-B and R-EA-I-NIT- 25619-68 dt.14.03.2023,Restoration of rain damages due to laying of OFC on Joginder Nagar Sarkaghat Ghumarwin road Km. 21/500 to 34/300,Works,Open Tender,Item Rate,Civil Works - Roads,,No,No,"5,28,775",13-Apr-2023 02:00 PM,30,No,Online,,,1,27-Apr-2023 11:30 AM,assessment,Price Bid Opening Date,,"360,675",,PWD,2022-2023
ocds-kjhdrl-2023_PWD_72231_1,tender,tender,1,2024-11-08,2023_PWD_72231_1,PW-JND-B and R-EA-I-NIT- 25619-68 dt.14.03.2023,Restoration of rain damages due to laying of OFC on Joginder Nagar Sarkaghat Ghumarwin road Km. 21/500 to 34/300,Works,Open Tender,Item Rate,Civil Works - Roads,,No,No,"11,06,724",13-Apr-2023 02:00 PM,30,No,Online,,,1,27-Apr-2023 11:30 AM,assessment,Price Bid Opening Date,,"732,605",,PWD,2022-2023
ocds-kjhdrl-2023_PWD_72234_1,tender,tender,1,2024-11-08,2023_PWD_72234_1,66-115 Dated- 03.04.2023,Annual Maintenance Plan Incentive for the year 2023-24 on Khora Age to Bhallan-II road kilometre 0-0 to 10-862,Works,Open Tender,Item Rate,Civil Works - Roads,,No,No,"57,94,256",13-Apr-2023 03:00 PM,75,No,Offline,,,1,24-Apr-2023 11:30 AM,assessment,Price Bid Opening Date,,"6,089,374",,PWD,2022-2023
ocds-kjhdrl-2023_PWD_72240_1,tender,tender,1,2024-11-08,2023_PWD_72240_1,132-35 dt 13.04.2023,"extra strengthening of 130 feet span DSR Bailey Bridge by dismantling of various bridge components and fixing of BB panel, top chord, chord bolt bracing frame base plate bearing end post female panel pin split pin and long chord bolt to make",Works,Open Tender,Percentage,Civil Works - Bridges,,No,No,"11,97,022",13-Apr-2023 04:55 PM,90,No,Offline,,,1,25-Apr-2023 09:00 AM,assessment,Price Bid Opening Date,,"1,256,754",,PWD,2022-2023
ocds-kjhdrl-2023_PWD_72255_1,tender,tender,1,2024-11-08,2023_PWD_72255_1,PW-BLP1-CB-eproc/23-21718-68 dt 25.3.23,Construction of ground floor in Luxmi Narayan Temple Bilaspur,Works,Open Tender,Percentage,Civil Works - Buildings,,No,No,"21,22,832",17-Apr-2023 10:00 AM,75,No,Online,,,1,26-Apr-2023 11:00 AM,assessment,Price Bid Opening Date,,"1,401,069",,PWD,2022-2023
ocds-kjhdrl-2023_PWD_72255_3,tender,tender,1,2024-11-08,2023_PWD_72255_3,PW-BLP1-CB-eproc/23-21718-68 dt 25.3.23,Construction of HPPWD residential accommodation Type-II Quarter at Nihal.,Works,Open Tender,Percentage,Civil Works - Buildings,,No,No,"36,32,934",17-Apr-2023 10:00 AM,75,No,Online,,,1,26-Apr-2023 11:00 AM,assessment,Price Bid Opening Date,,"2,851,853",,PWD,2022-2023
ocds-kjhdrl-2023_PWD_72285_1,tender,tender,1,2024-11-08,2023_PWD_72285_1,NIT No.331-90 DT.12-04-2023-Bhawarna,Construction of 1st Floor at Veterinary Dispensary Naura Tehsil Dheera Distt. Kangra (HP),Works,Open Tender,Item Rate,Civil Works - Buildings,,No,No,"8,02,918",18-Apr-2023 12:00 PM,75,No,Online,,,1,25-Apr-2023 11:30 AM,assessment,Price Bid Opening Date,,"761,593",,PWD,2022-2023
ocds-kjhdrl-2023_PWD_72292_1,tender,tender,1,2024-11-08,2023_PWD_72292_1,PW/TLD/AB/Tender/2022- 243-63 dated 11.04.2023,Periodical Maintenance on Kuklah Bandal to Baggi road km 0.0 to 8.0 SH- Providing and laying 30 mm thick bituminous concrete single layer and hot applied thermoplastic in km 0.0 to 8.0 PMGSY AMP for the year 2023-24.,Works,Open Tender,Percentage,Civil Works,,No,No,"1,24,42,962",18-Apr-2023 05:00 PM,120,No,Online,,,1,26-Apr-2023 11:30 AM,assessment,Price Bid Opening Date,,"8,087,925",,PWD,2022-2023
ocds-kjhdrl-2023_PWD_72292_2,tender,tender,1,2024-11-08,2023_PWD_72292_2,PW/TLD/AB/Tender/2022- 243-63 dated 11.04.2023,Periodical maintenance on Deod to Hataun road km 0.0 to 2.985 SH- Providing and laying 30 mm thick bituminous concrete single layer and hot applied thermoplastic in km 0.0 to 2.985 AMP for the year 2023-24 INCENTIVE PMGSY 2019-20.,Works,Open Tender,Percentage,Civil Works,,No,No,"59,20,398",18-Apr-2023 05:00 PM,120,No,Online,,,1,26-Apr-2023 11:30 AM,assessment,Price Bid Opening Date,,"6,198,656",,PWD,2022-2023
ocds-kjhdrl-2023_PWD_72295_1,tender,tender,1,2024-11-08,2023_PWD_72295_1,206-255 Dated-05.04.2023,Construction of link road from Khundan Shatyaugi Km 0-0 to 7-600,Works,Open Tender,Item Rate,Civil Works - Roads,,No,No,"20,22,439",19-Apr-2023 10:00 AM,75,No,Offline,,,1,29-Apr-2023 11:30 AM,assessment,Price Bid Opening Date,,"2,113,539",,PWD,2022-2023
ocds-kjhdrl-2023_PWD_72295_2,tender,tender,1,2024-11-08,2023_PWD_72295_2,206-255 Dated-05.04.2023,Construction of Hurla Tharas tp Sachani road kilometre 0-0 to 10-0,Works,Open Tender,Item Rate,Civil Works - Roads,,No,No,"14,55,637",19-Apr-2023 10:00 AM,75,No,Offline,,,1,29-Apr-2023 11:30 AM,assessment,Price Bid Opening Date,,"1,491,208",,PWD,2022-2023
ocds-kjhdrl-2023_PWD_72299_1,tender,tender,1,2024-11-08,2023_PWD_72299_1,PW-SEI-RIDF-XXVIII-NCD/23- 556-602 Dt.17-4-2023,Construction of Balance work C.D. and Metalling and Tarring Ghour Nallah to Dusra Khabu road Km. 0/0 to 6/00 and Raped to Barswan road Km. 0/0 to 2/230. Under NABARD RIFD-XXVIII Distt. Mandi H.P.,Works,Open Tender,Percentage,Civil Works - Roads,,No,No,"1,74,91,096",19-Apr-2023 11:00 AM,75,No,Both(Online/Offline),,,1,28-Apr-2023 11:30 AM,assessment,Price Bid Opening Date,,"11,313,826.19",,PWD,2022-2023
ocds-kjhdrl-2023_PWD_72313_1,tender,tender,1,2024-11-08,2023_PWD_72313_1,130- 179 dated-05.04.2023,Construction of Helipad with approach road to Dhameuli Banjar District Kullu HP kilometre 0-0 to 2-300,Works,Open Tender,Item Rate,Civil Works - Roads,,No,No,"31,79,018",19-Apr-2023 10:30 AM,75,No,Offline,,,1,29-Apr-2023 11:30 AM,assessment,Price Bid Opening Date,,"3,293,723",,PWD,2022-2023
ocds-kjhdrl-2023_PWD_72346_1,tender,tender,1,2024-11-08,2023_PWD_72346_1,No.SEVII/NABARD/ 737-56 Dated 17/04/2023,"Metalling/Tarring of KanduPanjoh road ( LowerPanjoh ) Km. 0/0 to 3/460 (SH Retaining walls , Cross drainage GSB, WBM Gr.II, WBM Gr-II, tarring work, Drain Parapets and road furniture etc. including five year routine maintenance ) under NABARD",Works,Open Tender,Percentage,Civil Works - Roads,,No,No,"2,04,79,210",21-Apr-2023 11:00 AM,90,No,Online,,,1,01-May-2023 11:30 AM,assessment,Price Bid Opening Date,,"15,332,446",,PWD,2023-2024
ocds-kjhdrl-2023_PWD_72346_2,tender,tender,1,2024-11-08,2023_PWD_72346_2,No.SEVII/NABARD/ 737-56 Dated 17/04/2023,"Metalling/Tarring of Kandu Panjoh road ( Upper Panjoh ) Km. 0/0 to 3/560 (SH Retaining walls , Cross drainage GSB, WBM Gr.II, WBM Gr-II, tarring work, Drain Parapets and road furniture etc. including five year routine maintenance ) under NABARD RIDF-",Works,Open Tender,Percentage,Civil Works - Roads,,No,No,"2,20,07,571",21-Apr-2023 11:00 AM,75,No,Online,,,1,01-May-2023 11:30 AM,assessment,Price Bid Opening Date,,"16,184,435",,PWD,2023-2024
ocds-kjhdrl-2023_PWD_72348_1,tender,tender,1,2024-11-08,2023_PWD_72348_1,PW-SKT-CB-Tender/2022-23 384-86 dt - 10.04.2023,Periodic maintenance on Joginder Nagar Sarkaghat Ghumarwin Road km 62/0 to 91/500,Works,Open Tender,Percentage,Civil Works - Roads,,No,No,"3,15,79,674",20-Apr-2023 02:00 PM,90,No,Online,,,1,29-Apr-2023 11:30 AM,assessment,Price Bid Opening Date,,"26,807,859",,PWD,2022-2023
ocds-kjhdrl-2023_PWD_72382_1,tender,tender,1,2024-11-08,2023_PWD_72382_1,NIT No.534-93 DT.17-04-2023-Bhawarna,Special Repair on Bhawarna Khera Jhunga Devi road Km 0/0 to 26/200,Works,Open Tender,Item Rate,Civil Works - Roads,,No,No,"25,42,333",21-Apr-2023 11:30 AM,75,No,Online,,,1,28-Apr-2023 11:30 AM,assessment,Price Bid Opening Date,,"2,496,380",,PWD,2022-2023
ocds-kjhdrl-2023_PWD_72385_1,tender,tender,1,2024-11-08,2023_PWD_72385_1,Barota Domehar Unda Mihara road Km.0/0 to 2/100,Barota Domehar Unda Mihara,Works,Open Tender,Item Rate,Civil Works - Roads,,No,No,"2,43,22,824",23-Apr-2023 10:00 AM,75,No,Online,,,1,04-May-2023 11:30 AM,assessment,Price Bid Opening Date,,0,,PWD,2023-2024
ocds-kjhdrl-2023_PWD_72387_1,tender,tender,1,2024-11-08,2023_PWD_72387_1,Kaphara to Karloti via Seenhehal raod,Kaphara to Karloti via Seenbehal road km 0/0 to 2/190,Works,Open Tender,Item Rate,Civil Works - Roads,,No,No,"1,70,17,418",23-Apr-2023 10:00 AM,75,No,Online,,,1,04-May-2023 11:30 AM,assessment,Price Bid Opening Date,,0,,PWD,2023-2024
ocds-kjhdrl-2023_PWD_72467_1,tender,tender,1,2024-11-08,2023_PWD_72467_1,NIT No.798-857 DT.18-04-2023-Bhawarna,Construction of Chelian Dholta Gadiara Dharot road.,Works,Open Tender,Item Rate,Civil Works - Bridges,,No,No,"8,29,821",26-Apr-2023 01:00 PM,75,No,Online,,,1,03-May-2023 11:30 AM,assessment,Price Bid Opening Date,,"656,918",,PWD,2023-2024
ocds-kjhdrl-2023_PWD_72543_1,tender,tender,1,2024-11-08,2023_PWD_72543_1,GA/E-27/Tender/22-23-7451 dt.24/4/23,Periodical renewal on Sukhar Thather to Sarnooh road for the year 2023-24,Works,Open Tender,Item Rate,Civil Works - Roads,,No,No,"15,10,597",29-Apr-2023 10:00 AM,90,No,Online,,,1,10-May-2023 11:00 AM,assessment,Price Bid Opening Date,,"941,040",,PWD,2023-2024
ocds-kjhdrl-2023_PWD_72543_2,tender,tender,1,2024-11-08,2023_PWD_72543_2,GA/E-27/Tender/22-23-7451 dt.24/4/23,Periodical renewal on Nurpur to Sanera road for the year 2023-24,Works,Open Tender,Item Rate,Civil Works - Roads,,No,No,"14,69,511",29-Apr-2023 10:00 AM,90,No,Online,,,1,10-May-2023 11:00 AM,assessment,Price Bid Opening Date,,"983,094",,PWD,2023-2024
ocds-kjhdrl-2023_PWD_72543_3,tender,tender,1,2024-11-08,2023_PWD_72543_3,GA/E-27/Tender/22-23-7451 dt.24/4/23,Periodical renewal on Panjhara to Barswalan road for the year 2023-24,Works,Open Tender,Item Rate,Civil Works - Roads,,No,No,"13,29,699",29-Apr-2023 10:00 AM,90,No,Online,,,1,10-May-2023 11:00 AM,assessment,Price Bid Opening Date,,"902,732",,PWD,2023-2024
ocds-kjhdrl-2023_PWD_72543_5,tender,tender,1,2024-11-08,2023_PWD_72543_5,GA/E-27/Tender/22-23-7451 dt.24/4/23,special repair for existing Excise Office building at Nurpur Distt. Kangra HP,Works,Open Tender,Item Rate,Civil Works - Buildings,,No,No,"14,43,642",29-Apr-2023 10:00 AM,90,No,Online,,,1,10-May-2023 11:00 AM,assessment,Price Bid Opening Date,,"1,046,988",,PWD,2023-2024
ocds-kjhdrl-2023_PWD_72543_6,tender,tender,1,2024-11-08,2023_PWD_72543_6,GA/E-27/Tender/22-23-7451 dt.24/4/23,special repair for existing Excise Office building at Nurpur Distt. Kangra HP,Works,Open Tender,Item Rate,Civil Works - Buildings,,No,No,"3,71,053",29-Apr-2023 10:00 AM,90,No,Online,,,1,10-May-2023 11:00 AM,assessment,Price Bid Opening Date,,"485,967",,PWD,2023-2024
ocds-kjhdrl-2023_PWD_72543_7,tender,tender,1,2024-11-08,2023_PWD_72543_7,GA/E-27/Tender/22-23-7451 dt.24/4/23,Const. of Chowkidar room and Dormitory in HP PWD Rest House Suliali Tehsil Nurpur Distt. Kangra HP,Works,Open Tender,Item Rate,Civil Works - Buildings,,No,No,"21,64,343",29-Apr-2023 10:00 AM,90,No,Online,,,1,10-May-2023 11:00 AM,assessment,Price Bid Opening Date,,"1,582,063",,PWD,2023-2024
ocds-kjhdrl-2023_PWD_72574_1,tender,tender,1,2024-11-08,2023_PWD_72574_1,NIT No.1234-93 DT.25-04-2023-Bhawarna,"Restoration of road damages due to laying of underground optical fiber cable on Bhawarna Henja road, Arla Gugga Mandir road.",Works,Open Tender,Item Rate,Civil Works - Roads,,No,No,"11,46,485",29-Apr-2023 10:00 AM,75,No,Online,,,1,06-May-2023 11:30 AM,assessment,Price Bid Opening Date,,"1,091,400",,PWD,2023-2024
ocds-kjhdrl-2023_PWD_72580_1,tender,tender,1,2024-11-08,2023_PWD_72580_1,NIT No.1234-93 DT.25-04-2023-Bhawarna,"Restoration of damages on Hamirpur Sujanpur Thural Maranda road in Km 44/900 to 44/990, Km 54/0 to 54/380 and Km 57/800 to 57/830",Works,Open Tender,Item Rate,Civil Works - Roads,,No,No,"14,83,233",29-Apr-2023 10:00 AM,75,No,Online,,,1,06-May-2023 11:30 AM,assessment,Price Bid Opening Date,,"1,508,721",,PWD,2023-2024
ocds-kjhdrl-2023_PWD_72652_6,tender,tender,1,2024-11-08,2023_PWD_72652_6,Elect. Division HPPWD Palampur,Replacement of E.I and providing switchgear system into new one type-III qtr. set.No. 5 in general pool accommodation at Hardaspura in Tehsil and Distt. Chamba (H.P.),Works,Open Tender,Percentage,Electrical Works,,No,No,"2,10,160",01-May-2023 06:00 PM,120,No,Online,,,1,09-May-2023 11:30 AM,assessment,Price Bid Opening Date,,"205,894",,PWD,2023-2024
ocds-kjhdrl-2023_PWD_72785_1,tender,tender,1,2024-11-08,2023_PWD_72785_1,PW/BHORANJ(D)TENDER2022-701-08 DT. 29.04.2023,C/O Bassi Badhani Chamboh road km. 0/0 to 9/500,Works,Open Tender,Percentage,Civil Works,,No,No,"9,63,366",03-May-2023 03:30 PM,60,No,Online,,,1,10-May-2023 11:30 AM,assessment,Price Bid Opening Date,,"826,027",,PWD,2023-2024
ocds-kjhdrl-2023_PWD_72817_2,tender,tender,1,2024-11-08,2023_PWD_72817_2,Nagrota-1175-1204,"Annual Maintenance Plan for the year 2023- 24 on various roads under HPPWD Division, Tanda at Nagrota Bagwan in Distt Kangra (HP). (SH-Providing and laying of hot applied thermoplastic paint strips.)",Works,Open Tender,Percentage,Civil Works - Roads,,No,No,"18,95,300",06-May-2023 10:35 AM,120,No,Online,,,1,12-May-2023 11:00 AM,assessment,Price Bid Opening Date,,"1,137,180",,PWD,2023-2024
ocds-kjhdrl-2023_PWD_72860_1,tender,tender,1,2024-11-08,2023_PWD_72860_1,Regarding massive Complex at Dr RKGMC at Hamirpur,Regarding the massive land slide behind the Autopsy Complex at Dr RKGMC at Hamirpur,Works,Open Tender,Percentage,Civil Works - Buildings,,No,No,"7,70,816",04-May-2023 06:00 PM,60,No,Online,,,1,11-May-2023 11:30 AM,assessment,Price Bid Opening Date,,"662,901.33",,PWD,2023-2024
ocds-kjhdrl-2023_PWD_72894_3,tender,tender,1,2024-11-08,2023_PWD_72894_3,SD-I-CTR-Tender-23- 1228 dt 6-5-2023,"Restoration of damages to KSC road km. 145/100 to 149/00 (SH Protection wall , Breast wall on cart road towards hill side near Ganj junction opposite to Apsra Grest House between Rd. 148/702 to 148/717).",Works,Open Tender,Percentage,Civil Works,,No,No,,08-May-2023 05:00 PM,75,No,Online,,,1,18-May-2023 11:00 AM,assessment,Price Bid Opening Date,,"3,070,067",,PWD,2023-2024
ocds-kjhdrl-2023_PWD_72957_1,tender,tender,1,2024-11-08,2023_PWD_72957_1,. PWD.DPD.Tender-608-10 dt. 18.04.2023,"C.o Centre School Building at Kalswai Dharampur, Tehsil Dharampur, Distt. Mandi. HP",Works,Open Tender,Item Rate,Civil Works - Buildings,,No,No,"34,64,184",08-May-2023 05:00 PM,270,No,Online,,,1,17-May-2023 11:00 AM,assessment,Price Bid Opening Date,,"4,060,842.6",,PWD,2023-2024
ocds-kjhdrl-2023_PWD_72991_10,tender,tender,1,2024-11-08,2023_PWD_72991_10,SSD-III-T-1300-15dt.6-5-2023,Special repair to Office Building of SSA at Directorate of Education Shimla (SH- Renovation of General toilet.),Works,Open Tender,Percentage,Civil Works - Bridges,,No,No,"23,04,703",10-May-2023 09:00 AM,75,No,Online,,,1,18-May-2023 11:00 AM,assessment,Price Bid Opening Date,,"1,984,349",,PWD,2023-2024
ocds-kjhdrl-2023_PWD_72991_11,tender,tender,1,2024-11-08,2023_PWD_72991_11,SSD-III-T-1300-15dt.6-5-2023,Special repair to Sarvodya Leper Colony Downdale Phagli Shimla. (SH Providng and Laying inter locking paver blocks etc.).,Works,Open Tender,Percentage,Civil Works - Bridges,,No,No,"7,29,498",10-May-2023 09:00 AM,75,No,Online,,,1,18-May-2023 11:00 AM,assessment,Price Bid Opening Date,,"729,498",,PWD,2023-2024
ocds-kjhdrl-2023_PWD_72991_2,tender,tender,1,2024-11-08,2023_PWD_72991_2,SSD-III-T-1300-15dt.6-5-2023,Special repair to SP residence at South Wood near Rai Bhawan Shinsla-2 (SH- Construction of cup board. P C flooring. PvC panelling lantination tlooring. painting and distempering. P L non Woven carpet and re staffing of sota set etc),Works,Open Tender,Percentage,Civil Works - Buildings,,No,No,"7,14,985",09-May-2023 11:30 AM,75,No,Online,,,1,18-May-2023 11:00 AM,assessment,Price Bid Opening Date,,"714,985",,PWD,2023-2024
ocds-kjhdrl-2023_PWD_72991_3,tender,tender,1,2024-11-08,2023_PWD_72991_3,SSD-III-T-1300-15dt.6-5-2023,"Renovation of office of CPS Edu. (Room No.318) in Ellerslie Building at HP Secretariat Shimla-2. (SH - Penelling, ceiling and polishing etc.).Renovation of office of CPS Edu. (Room No.318) in Ellerslie Building at HP Secretariat Shimla-2. (SH - Penel",Works,Open Tender,Percentage,Civil Works - Bridges,,No,No,"6,23,521",09-May-2023 12:00 PM,75,No,Online,,,1,18-May-2023 11:00 AM,assessment,Price Bid Opening Date,,"623,521",,PWD,2023-2024
ocds-kjhdrl-2023_PWD_72991_5,tender,tender,1,2024-11-08,2023_PWD_72991_5,SSD-III-T-1300-15dt.6-5-2023,Repair and renovation of various residential buildings under division No. III Shimla. (SH - Repair of Club Lodge. block 20 set No. 8 and block 12 etc. at U.S. Club Shimla).,Works,Open Tender,Percentage,Civil Works - Bridges,,No,No,"9,55,645",09-May-2023 12:10 PM,75,No,Online,,,1,18-May-2023 11:00 AM,assessment,Price Bid Opening Date,,"955,644",,PWD,2023-2024
ocds-kjhdrl-2023_PWD_72991_7,tender,tender,1,2024-11-08,2023_PWD_72991_7,SSD-III-T-1300-15dt.6-5-2023,"Special repair to Armsdale building at HP Secretariat Chotta Shimla-2. (SH Painting, polishing and minor repair work in 3th to 5th floor of Yojna Bhawan building at HP Secretariat)",Works,Open Tender,Percentage,Civil Works - Bridges,,No,No,"8,50,605",09-May-2023 01:00 PM,75,No,Online,,,1,18-May-2023 11:00 AM,assessment,Price Bid Opening Date,,"850,605",,PWD,2023-2024
ocds-kjhdrl-2023_PWD_72991_8,tender,tender,1,2024-11-08,2023_PWD_72991_8,SSD-III-T-1300-15dt.6-5-2023,Special repair to Ellerslie main and Armsdale building at H.P Secretariat Shimla-2 (SH Renovation of office of Honble Dy. Chicf Minister of Himlachal Pradesh at Ellerslie main building),Works,Open Tender,Percentage,Civil Works - Bridges,,No,No,"9,91,000",09-May-2023 01:00 PM,75,No,Online,,,1,18-May-2023 11:00 AM,assessment,Price Bid Opening Date,,"991,000",,PWD,2023-2024
ocds-kjhdrl-2023_PWD_72991_9,tender,tender,1,2024-11-08,2023_PWD_72991_9,SSD-III-T-1300-15dt.6-5-2023,"Special repair to Medical College at IGMC Shimla. (SH providing and fixing preprinted sheet, steel work in covered path from existing path near Auditorium to Community Medicine Department)",Works,Open Tender,Percentage,Civil Works - Buildings,,No,No,"11,19,821",10-May-2023 09:00 AM,75,No,Online,,,1,18-May-2023 11:00 AM,assessment,Price Bid Opening Date,,"1,119,821",,PWD,2023-2024
ocds-kjhdrl-2023_PWD_73024_1,tender,tender,1,2024-11-08,2023_PWD_73024_1,NIT No. 1607-1656dated 04-05-2023,Construction of road from Jalog Gadheri road to village Tharu km 0/00 to 1/080,Works,Open Tender,Percentage,Civil Works - Roads,,No,No,"71,00,224",09-May-2023 03:00 PM,75,No,Online,,,1,19-May-2023 11:00 AM,assessment,Price Bid Opening Date,,"4,466,041",,PWD,2023-2024
ocds-kjhdrl-2023_PWD_73028_1,tender,tender,1,2024-11-08,2023_PWD_73028_1,Nagrota 08/05,"Restoration of rain damages on various roads under HPPWD Sub-Division Baroh in District Kangra, (H.P.). Under Telecom Deposit(SH-Providing and laying Patch work.)",Works,Open Tender,Percentage,Civil Works - Roads,,No,No,"30,62,830",09-May-2023 05:00 PM,120,No,Online,,,1,19-May-2023 11:30 AM,assessment,Price Bid Opening Date,,"5,334,492",,PWD,2023-2024
ocds-kjhdrl-2023_PWD_73028_2,tender,tender,1,2024-11-08,2023_PWD_73028_2,Nagrota 08/05,"Restoration of rain damages on various roads under HPPWD Sub-Division Nagrota Bagwan in District Kangra, (H.P.). Under Telecom Deposit(SH-Providing and laying Patch work.)",Works,Open Tender,Percentage,Civil Works - Roads,,No,No,"25,57,630",09-May-2023 05:00 PM,120,No,Online,,,1,19-May-2023 11:30 AM,assessment,Price Bid Opening Date,,"2,212,350",,PWD,2023-2024
ocds-kjhdrl-2023_PWD_73043_1,tender,tender,1,2024-11-08,2023_PWD_73043_1,NIT No.1748-1807 DT.06-05-2023-Bhawarna,Construction of Veterinary Hospital Building at Sullah Distt. Kangra (HP),Works,Open Tender,Item Rate,Civil Works - Buildings,,No,No,"66,54,914",09-May-2023 04:30 PM,75,No,Online,,,1,16-May-2023 11:30 AM,assessment,Price Bid Opening Date,,"5,035,131",,PWD,2023-2024
ocds-kjhdrl-2023_PWD_73054_2,tender,tender,1,2024-11-08,2023_PWD_73054_2,C/o Link road from Sainua-Di Thati,Construction of link road from Sainua -Di-Thathi to Nichla and Manjila Bhereda road km 0/00 to 4/152,Works,Open Tender,Percentage,Civil Works - Roads,,No,No,"3,39,19,453",10-May-2023 10:30 AM,75,No,Online,,,1,16-May-2023 11:30 AM,assessment,Price Bid Opening Date,,"27,084,684",,PWD,2023-2024
ocds-kjhdrl-2023_PWD_73055_4,tender,tender,1,2024-11-08,2023_PWD_73055_4,SD-III-T-1300- 1315 dt.6-5-23,"Special repair to Directorate of Higher Education at Glen Hogan Shimla-3 (SH - Repair of ceiling in Conference hall, gutter, painting and distempering etc.).",Works,Open Tender,Percentage,Civil Works - Bridges,,No,No,"11,84,579",10-May-2023 09:00 AM,75,No,Online,,,1,18-May-2023 11:00 AM,assessment,Price Bid Opening Date,,"1,143,119",,PWD,2023-2024
ocds-kjhdrl-2023_PWD_73057_1,tender,tender,1,2024-11-08,2023_PWD_73057_1,PW-SKT-CB-Tender/2022-23 17746-48 dt - 29.03.2023,Construction of Govt. Degree College,Works,Open Tender,Percentage,Civil Works - Others,,No,No,,10-May-2023 10:00 AM,90,No,Online,,,1,15-May-2023 11:30 AM,assessment,Price Bid Opening Date,,"1,572,547",,PWD,2023-2024
ocds-kjhdrl-2023_PWD_73061_2,tender,tender,1,2024-11-08,2023_PWD_73061_2,SD-III-T-1300-1315dated6-5-23,"Annual Repair and maintenance of Armsdale building and Ellerslie main building at Hp Sectt. Shimla (SH- covering of work shop, covering of pipe and other minor repair work etc.",Works,Open Tender,Percentage,Civil Works - Bridges,,No,No,"6,16,109",10-May-2023 11:00 AM,75,No,Online,,,1,20-May-2023 11:00 AM,assessment,Price Bid Opening Date,,"616,109",,PWD,2023-2024
ocds-kjhdrl-2023_PWD_73123_1,tender,tender,1,2024-11-08,2023_PWD_73123_1,PWD-BD-TA-2022-23-1208-58,"Periodic Maintenance of Bhullana to Simble road (PMGSY) DRRP No. 0411VR00611301,302,303",Works,Open Tender,Percentage,Civil Works - Roads,,No,No,"36,51,590",11-May-2023 01:00 PM,90,No,Online,,,1,24-May-2023 11:30 AM,assessment,Price Bid Opening Date,,"3,815,911",,PWD,2023-2024
ocds-kjhdrl-2023_PWD_73199_1,tender,tender,1,2024-11-08,2023_PWD_73199_1,1092-95 dated 06.05.2023,"C. O. link road from Thans to Kashaini via Dasholi Dandidhar Jaterh Shanu in Km 0.000 to 11.090 SH Formation cutting 5by7 mtr width road, essential R. Wall and B. Wall CD work essential soling unlined drain under NABARD XXVIII",Works,Open Tender,Percentage,Civil Works - Roads,,No,No,"5,99,07,215",11-May-2023 06:00 PM,90,No,Online,,,1,19-May-2023 11:00 AM,assessment,Price Bid Opening Date,,"40,137,834",,PWD,2023-2024
ocds-kjhdrl-2023_PWD_73295_1,tender,tender,1,2024-11-08,2023_PWD_73295_1,1179-1228 dated 10-05-2023,A/R and M/O on NH-305 Sainj Luhri Aut Road Km 0/00 to 97/00 (SH. Patch work with 30 mm BC in pot holes between Km. 0/00 to 23/00),Works,Open Tender,Item Rate,Civil Works - Highways,,No,No,"46,94,053",15-May-2023 05:00 PM,90,No,Online,,,1,23-May-2023 11:30 AM,assessment,Price Bid Opening Date,,"4,322,932",,PWD,2023-2024
ocds-kjhdrl-2023_PWD_73315_2,tender,tender,1,2024-11-08,2023_PWD_73315_2,Nagrota 15.05,A/R and M/O to 500 Bedded Hospital at Dr R.P. Govt. Medical College Tanda in Tehsil Nagrota Bagwan Distt Kangra (HP) (SH-Repair of various works for the year 2023-24 w.e.f. 01.06.2023 to 30.11.2023.),Works,Open Tender,Percentage,Civil Works - Buildings,,No,No,"30,69,040",25-May-2023 02:00 PM,120,No,Online,,,1,31-May-2023 11:00 AM,assessment,Price Bid Opening Date,,"2,977,890",,PWD,2023-2024
ocds-kjhdrl-2023_PWD_73418_6,tender,tender,1,2024-11-08,2023_PWD_73418_6,PW-NCD-TA-NIQ-2023- 1138-87 dt. 12-05-2023,Construction of link road from Chandyal to Chhatru via Sihal Trambi Sihan road km 0/0 to 6/600 Under SCSP.,Works,Open Tender,Percentage,Civil Works,,No,No,"16,80,705",16-May-2023 06:55 PM,90,No,Both(Online/Offline),,,1,25-May-2023 11:30 AM,assessment,Price Bid Opening Date,,"1,663,057",,PWD,2023-2024
ocds-kjhdrl-2023_PWD_73461_1,tender,tender,1,2024-11-08,2023_PWD_73461_1,2997-3027 dated 08.05.2023,Construction of Amni Dhar Behi Pathiar road km. 0/0 to 10/0,Works,Open Tender,Item Rate,Civil Works - Bridges,,No,No,"10,89,192",17-May-2023 05:00 PM,90,No,Online,,,1,25-May-2023 11:30 AM,assessment,Price Bid Opening Date,,"897,427",,PWD,2023-2024
ocds-kjhdrl-2023_PWD_73801_2,tender,tender,1,2024-11-08,2023_PWD_73801_2,sd-iii-T-2501-21dt.19-5-2023,"Special repair to residential building under Shimla division No.III (SH- Repair of M.S. Jafri, M.S. tank stand, MS railing in stairs main entrance RR Masonary and dry rubble masonary edge wall repair of siffits, painting and distempering etc. in park",Works,Open Tender,Percentage,Civil Works - Buildings,,No,No,"6,05,319",24-May-2023 04:00 PM,75,No,Online,,,1,03-Jun-2023 11:00 AM,assessment,Price Bid Opening Date,,"240,139",,PWD,2023-2024
ocds-kjhdrl-2023_PWD_73902_1,tender,tender,1,2024-11-08,2023_PWD_73902_1,PW-DPD-CB-Tender-1460-62-dt- 03.05.2023,C.o primary School at Saklana,Works,Open Tender,Item Rate,Civil Works - Buildings,,No,No,"23,81,338",25-May-2023 05:00 PM,270,No,Online,,,1,01-Jun-2023 11:00 AM,assessment,Price Bid Opening Date,,"2,540,401.12",,PWD,2023-2024
ocds-kjhdrl-2023_PWD_73960_1,tender,tender,1,2024-11-08,2023_PWD_73960_1,No.PW.OSDN.2023 1681-83 dt 19.05.2023,Construction of link road from Bhojupani to Lambidhungri road km 0/000 to 6/060 under SCSP SH- Formation cutting 5/7 mtr width in km 0/000 to 0/930,Works,Open Tender,Item Rate,Civil Works,,No,No,"56,83,856",26-May-2023 02:00 PM,90,No,Online,,,1,07-Jun-2023 11:00 AM,assessment,Price Bid Opening Date,,"2,773,555",,PWD,2023-2024
ocds-kjhdrl-2023_PWD_73960_2,tender,tender,1,2024-11-08,2023_PWD_73960_2,No.PW.OSDN.2023 1681-83 dt 19.05.2023,Construction of link road from Bohta to Palkani road km 0/000 to 5/200 under SCSP SH Formation cutting 5/7 mtr width in km 0/000 to 1/000,Works,Open Tender,Item Rate,Civil Works,,No,No,"52,92,966",26-May-2023 02:00 PM,90,No,Online,,,1,07-Jun-2023 11:00 AM,assessment,Price Bid Opening Date,,"2,564,873",,PWD,2023-2024
ocds-kjhdrl-2023_PWD_74519_1,tender,tender,1,2024-11-08,2023_PWD_74519_1,ED.II.GA.Tender/23-24-1088-89 dated 02.06.2023,Constuction of Govt Sr Secy School building at Sarot Tehsil Jubbal Distt Shimla Prov EI therein,Works,Open Tender,Percentage,Electrical Works,,No,No,"5,56,952",05-Jun-2023 05:00 PM,120,No,Online,,,1,16-Jun-2023 11:30 AM,assessment,Price Bid Opening Date,,"574,858",,PWD,2023-2024
ocds-kjhdrl-2023_PWD_74683_1,tender,tender,1,2024-11-08,2023_PWD_74683_1,1265-68 dated 03.06.2023,Up gradation and strengthening of STD 120 feet span TSR to 120 feet span DDR bailey bridge at Manali Distt Kullu HP SH De launching of 120 ft TSR Bailey bridge and launching of 120 feet DDR Bailey bridge,Works,Open Tender,Percentage,Civil Works - Bridges,,No,No,"15,38,744",07-Jun-2023 04:45 PM,90,No,Offline,,,1,15-Jun-2023 11:00 AM,assessment,Price Bid Opening Date,,"1,615,527",,PWD,2023-2024
ocds-kjhdrl-2023_SIDC_67028_1,tender,tender,1,2024-11-08,2023_SIDC_67028_1,Job No. 1,Renovation and upgradation of composite testing laboratory as per NABL/ FSSAI requirement at Kandaghat Distt. Solan (HP). (SH- Renovation of 3 Nos. rooms at second floor).,Works,Open Tender,Item Rate,Civil Works,,No,No,"19,90,600",05-Jan-2023 11:00 AM,120,No,Online,,,1,20-Jan-2023 11:00 AM,assessment,Price Bid Opening Date,,"2,007,777",,HP SIDC Limited,2022-2023
ocds-kjhdrl-2023_SIDC_67032_1,tender,tender,1,2024-11-08,2023_SIDC_67032_1,Job No. 4,SRMO replacement of roof with ceiling and truss in office building of Assistant Director Semen Bank Jeori at Sheep Breeding Farm Jeori Distt. Shimla (HP).,Works,Open Tender,Item Rate,Civil Works,,No,No,"21,34,147",05-Jan-2023 11:00 AM,120,No,Online,,,1,20-Jan-2023 11:00 AM,assessment,Price Bid Opening Date,,"2,168,733",,HP SIDC Limited,2022-2023
ocds-kjhdrl-2023_SIDC_67048_1,tender,tender,1,2024-11-08,2023_SIDC_67048_1,Job No. 9,Construction of Indoor Sports Hall at Pragpur Distt. Kangra (HP). (SH- Civil and Sanitary installation work),Works,Open Tender,Item Rate,Civil Works,,No,No,"5,07,68,994",05-Jan-2023 11:00 AM,120,No,Online,,,1,28-Jan-2023 11:00 AM,assessment,Price Bid Opening Date,,"53,222,000",,HP SIDC Limited,2022-2023
ocds-kjhdrl-2023_SIDC_68840_1,tender,tender,1,2024-11-08,2023_SIDC_68840_1,Job No. 2,Providing and fixing link chain fencing and c/o paver road for wool federation department at Sheep Breeding Farm Jeori Distt. Shimla (HP).,Works,Open Tender,Item Rate,Civil Works,,No,No,"9,66,361",16-Feb-2023 11:00 AM,120,No,Online,,,1,24-Feb-2023 11:00 AM,assessment,Price Bid Opening Date,,"1,093,337",,HP SIDC Limited,2022-2023
ocds-kjhdrl-2023_SIDC_68944_1,tender,tender,1,2024-11-08,2023_SIDC_68944_1,Job No. 8,Providing and laying interlocking paver in front side of court yard of CLBP at Ind. Area Mehatpur Distt. Una (HP) (Balance work),Works,Open Tender,Item Rate,Civil Works,,No,No,"9,63,933",16-Feb-2023 11:00 AM,120,No,Online,,,1,24-Feb-2023 11:00 AM,assessment,Price Bid Opening Date,,"674,750",,HP SIDC Limited,2022-2023
ocds-kjhdrl-2023_SIDC_68949_1,tender,tender,1,2024-11-08,2023_SIDC_68949_1,Job No. 9,Development of Industrial Area Basal Distt. Una (HP). (SH- P/L Sewerage system and ancillary work i.e.C/o boundary wall for water supply system).,Works,Open Tender,Item Rate,Civil Works,,No,No,"11,10,011",16-Feb-2023 11:00 AM,120,No,Online,,,1,24-Feb-2023 11:00 AM,assessment,Price Bid Opening Date,,"796,426",,HP SIDC Limited,2022-2023
ocds-kjhdrl-2023_SIDC_68964_1,tender,tender,1,2024-11-08,2023_SIDC_68964_1,Job No. 12,Special Repair and Maintenance of (SRMO) Public Park at Gondpur Bulla Teh. Haroli Distt. Una (HP).,Works,Open Tender,Item Rate,Civil Works,,No,No,"7,10,123",16-Feb-2023 11:00 AM,120,No,Online,,,1,24-Feb-2023 11:00 AM,assessment,Price Bid Opening Date,,"600,088",,HP SIDC Limited,2022-2023
ocds-kjhdrl-2023_SIDC_71482_1,tender,tender,1,2024-11-08,2023_SIDC_71482_1,job No. 1,Development of Industrial Area Bal Bihal Distt. Hamirpur (HP). (SH- Design and construction of one No. RCC Over head Water Storage Tank of 0.50 lakh ltrs capacity with 15.00 mtrs staging height and other work contingent complete in all respect).,Works,Open Tender,Item Rate,Civil Works,,No,No,"9,06,376",24-Mar-2023 11:00 AM,120,No,Online,,,1,01-Apr-2023 11:00 AM,assessment,Price Bid Opening Date,,"1,434,660",,HP SIDC Limited,2022-2023
ocds-kjhdrl-2023_SIDC_71498_1,tender,tender,1,2024-11-08,2023_SIDC_71498_1,Job No. 4,Construction of Sub Employment of Exchange office at Karsog Distt. Mandi (HP).,Works,Open Tender,Item Rate,Civil Works - Buildings,,No,No,"44,71,123",24-Mar-2023 11:00 AM,120,No,Online,,,1,01-Apr-2023 11:00 AM,assessment,Price Bid Opening Date,,"4,378,807",,HP SIDC Limited,2022-2023
ocds-kjhdrl-2023_SIDC_71511_1,tender,tender,1,2024-11-08,2023_SIDC_71511_1,Job No. 10,SRMO Glen Hogen building at Directorate of Elementary Education Shimla (HP) (SH- Paneling and minor repair of corridor),Works,Open Tender,Item Rate,Civil Works,,No,No,"14,11,428",24-Mar-2023 11:00 AM,120,No,Online,,,1,01-Apr-2023 11:00 AM,assessment,Price Bid Opening Date,,"1,042,583",,HP SIDC Limited,2022-2023
ocds-kjhdrl-2023_SIDC_71516_1,tender,tender,1,2024-11-08,2023_SIDC_71516_1,Job No. 13,"Minor repair and distempering, finishing wall with apex. painting work at Govt. Sr. Sec. School Tebban Distt. Mandi (HP).",Works,Open Tender,Item Rate,Civil Works,,No,No,"8,79,037",24-Mar-2023 11:00 AM,120,No,Online,,,1,01-Apr-2023 11:00 AM,assessment,Price Bid Opening Date,,"615,983",,HP SIDC Limited,2022-2023
ocds-kjhdrl-2023_SIDC_71922_1,tender,tender,1,2024-11-08,2023_SIDC_71922_1,Job No. 1,"Development of Medical Device Park at Nalagarh Distt. Solan (HP). (SH- Construction of Innovation, rapid prototyping Lab, Gamma Radiation lab, Centre for bio-material and EMC Lab).",Works,Open Tender,Item Rate,Civil Works - Buildings,,No,No,"29,53,65,064",05-Apr-2023 04:00 PM,120,No,Online,,,1,25-Apr-2023 11:00 AM,assessment,Price Bid Opening Date,,"263,248,447",,HP SIDC Limited,2022-2023
ocds-kjhdrl-2023_SIDC_72139_1,tender,tender,1,2024-11-08,2023_SIDC_72139_1,Job No. 5,"Construction of drain, metalling and tarring using cold mix technology and P/L interlocking paver at Phase-III, Ind. Area Mandi (HP) SH- P/L interlocking paver)",Works,Open Tender,Item Rate,Civil Works,,No,No,"32,07,287",12-Apr-2023 11:00 AM,120,No,Online,,,1,20-Apr-2023 11:00 AM,assessment,Price Bid Opening Date,,"4,077,780",,HP SIDC Limited,2022-2023
ocds-kjhdrl-2023_SVPC_70271_1,tender,tender,1,2024-11-08,2023_SVPC_70271_1,spu/chem3,Supply of Elecrochemical workstation with impedance spectroscopy system,Goods,Open Tender,Item Rate,Laboratory and scientific equipment,,No,No,,04-Mar-2023 06:30 PM,30,No,Offline,,,1,24-Mar-2023 11:30 AM,assessment,Price Bid Opening Date,,"2,171,438",,Sardar Vallabhbhai Patel Cluster University Mandi,2022-2023
ocds-kjhdrl-2023_UDDHP_68204_1,tender,tender,1,2024-11-08,2023_UDDHP_68204_1,MCB/WORKS/2023-328-32,R/O TOILET BLOCK NEAR BUS STAND BILASPUR (H.P.),Works,Open Tender,Item Rate,Civil Works,,No,No,"9,12,418",07-Feb-2023 10:00 AM,90,No,Both(Online/Offline),,,1,16-Feb-2023 11:30 AM,assessment,Price Bid Opening Date,,"739,343",,Directorate of Urban Development,2022-2023
ocds-kjhdrl-2023_UDDHP_71537_1,tender,tender,1,2024-11-08,2023_UDDHP_71537_1,No.NPN/2023-24/314-320,sainitation Work in NP area,Services,Open Tender,Item Wise,Housekeeping/ Cleaning,,No,No,"5,37,030",31-Mar-2023 03:30 PM,120,No,Offline,,,1,11-Apr-2023 02:30 PM,assessment,Price Bid Opening Date,,"3,947,988",,Directorate of Urban Development,2022-2023
ocds-kjhdrl-2023_UDDHP_71961_1,tender,tender,1,2024-11-08,2023_UDDHP_71961_1,Sanitation tender/2023-524-29,"Sanitation Work in Ward No. 1,2,9, transportation of waste to MRF Ward 7 and SWM plant Dhar Bhageda of M.C. Sujanpur",Services,Open Tender,Item Rate,Manpower Supply,,No,No,"2,19,383",06-Apr-2023 11:30 AM,45,No,Offline,,,1,25-Apr-2023 12:00 PM,assessment,Price Bid Opening Date,,"179,000",,Directorate of Urban Development,2022-2023
ocds-kjhdrl-2023_UDDHP_71968_1,tender,tender,1,2024-11-08,2023_UDDHP_71968_1,Sanitation Tender/2023-543-48,"Sanitation Work in Ward No. 3,4,5, transportation of waste to MRF Ward 7 and SWM plant Dhar Bhageda of M.C. Sujanpur",Services,Open Tender,Item Rate,Manpower Supply,,No,No,"1,48,560",06-Apr-2023 11:30 AM,45,No,Offline,,,1,25-Apr-2023 12:00 PM,assessment,Price Bid Opening Date,,"126,900",,Directorate of Urban Development,2022-2023
ocds-kjhdrl-2023_UDDHP_71973_1,tender,tender,1,2024-11-08,2023_UDDHP_71973_1,Sanitation tender/2023-536-41,"Sanitation Work in Ward No. 6,7,8, transportation of waste to MRF Ward 7 and SWM plant Dhar Bhageda of M.C. Sujanpur",Services,Open Tender,Item Rate,Manpower Supply,,No,No,"1,48,560",06-Apr-2023 11:30 AM,45,No,Offline,,,1,25-Apr-2023 12:00 PM,assessment,Price Bid Opening Date,,"128,000",,Directorate of Urban Development,2022-2023
ocds-kjhdrl-2023_UDDHP_71974_1,tender,tender,1,2024-11-08,2023_UDDHP_71974_1,Sanitation tender82023-530-35,"Sanitation Work, management, disposal of Waste at SWM plant Dhar Bhageda of M.C. Sujanpur",Services,Open Tender,Item Rate,Manpower Supply,,No,No,"58,072",06-Apr-2023 11:30 AM,45,No,Offline,,,1,25-Apr-2023 12:00 PM,assessment,Price Bid Opening Date,,"50,848",,Directorate of Urban Development,2022-2023
ocds-kjhdrl-2023_UDDHP_72094_1,tender,tender,1,2024-11-08,2023_UDDHP_72094_1,MCH/Sanitation Tender/2023,MSWM work W.No.01 MC Hamirpur HP,Works,Open Tender,Item Rate,Solid Waste Management,,No,No,"3,43,207",11-Apr-2023 05:00 PM,60,No,Offline,,,1,26-Apr-2023 02:00 PM,assessment,Price Bid Opening Date,,"258,200",,Directorate of Urban Development,2022-2023
ocds-kjhdrl-2023_UDDHP_72094_10,tender,tender,1,2024-11-08,2023_UDDHP_72094_10,MCH/Sanitation Tender/2023,MSWM work in W.No.10 MC Hamirpur HP,Works,Open Tender,Item Rate,Solid Waste Management,,No,No,"1,73,329",11-Apr-2023 05:00 PM,60,No,Offline,,,1,26-Apr-2023 02:00 PM,assessment,Price Bid Opening Date,,"125,792",,Directorate of Urban Development,2022-2023
ocds-kjhdrl-2023_UDDHP_72094_2,tender,tender,1,2024-11-08,2023_UDDHP_72094_2,MCH/Sanitation Tender/2023,MSWM work W.No.02 MC Hamirpur HP,Works,Open Tender,Item Rate,Solid Waste Management,,No,No,"1,73,329",11-Apr-2023 05:00 PM,60,No,Offline,,,1,26-Apr-2023 02:00 PM,assessment,Price Bid Opening Date,,"130,245",,Directorate of Urban Development,2022-2023
ocds-kjhdrl-2023_UDDHP_72094_3,tender,tender,1,2024-11-08,2023_UDDHP_72094_3,MCH/Sanitation Tender/2023,MSWM works W.No.03 Hamirpur HP,Works,Open Tender,Item Rate,Solid Waste Management,,No,No,"1,73,329",11-Apr-2023 05:00 PM,60,No,Offline,,,1,26-Apr-2023 02:00 PM,assessment,Price Bid Opening Date,,"131,720",,Directorate of Urban Development,2022-2023
ocds-kjhdrl-2023_UDDHP_72094_4,tender,tender,1,2024-11-08,2023_UDDHP_72094_4,MCH/Sanitation Tender/2023,MSWM work W.No.04 MC Hamirpur HP,Works,Open Tender,Item Rate,Solid Waste Management,,No,No,,11-Apr-2023 05:00 PM,60,No,Offline,,,1,26-Apr-2023 02:00 PM,assessment,Price Bid Opening Date,,"113,840",,Directorate of Urban Development,2022-2023
ocds-kjhdrl-2023_UDDHP_72094_5,tender,tender,1,2024-11-08,2023_UDDHP_72094_5,MCH/Sanitation Tender/2023,MSWM works inW.No.05 MC Hamirpur HP,Works,Open Tender,Item Rate,Solid Waste Management,,No,No,"1,73,329",11-Apr-2023 05:00 PM,60,No,Offline,,,1,26-Apr-2023 02:00 PM,assessment,Price Bid Opening Date,,"127,321",,Directorate of Urban Development,2022-2023
ocds-kjhdrl-2023_UDDHP_72094_6,tender,tender,1,2024-11-08,2023_UDDHP_72094_6,MCH/Sanitation Tender/2023,MSWM work in W.No 06 MC hamirpur HP,Works,Open Tender,Item Rate,Solid Waste Management,,No,No,"1,91,007",11-Apr-2023 05:00 PM,60,No,Offline,,,1,26-Apr-2023 02:00 PM,assessment,Price Bid Opening Date,,"144,250",,Directorate of Urban Development,2022-2023
ocds-kjhdrl-2023_UDDHP_72094_7,tender,tender,1,2024-11-08,2023_UDDHP_72094_7,MCH/Sanitation Tender/2023,MSWM work W.No.07 MC Hamirpur HP,Works,Open Tender,Item Rate,Solid Waste Management,,No,No,"1,91,007",11-Apr-2023 05:00 PM,60,No,Offline,,,1,26-Apr-2023 02:00 PM,assessment,Price Bid Opening Date,,"152,800",,Directorate of Urban Development,2022-2023
ocds-kjhdrl-2023_UDDHP_72094_8,tender,tender,1,2024-11-08,2023_UDDHP_72094_8,MCH/Sanitation Tender/2023,MSWM work in W.No 08 MC Hamirpur HP,Works,Open Tender,Item Rate,Solid Waste Management,,No,No,"1,73,329",11-Apr-2023 05:00 PM,60,No,Offline,,,1,26-Apr-2023 02:00 PM,assessment,Price Bid Opening Date,,"129,104",,Directorate of Urban Development,2022-2023
ocds-kjhdrl-2023_UDDHP_72094_9,tender,tender,1,2024-11-08,2023_UDDHP_72094_9,MCH/Sanitation Tender/2023,MSWM work in W.No.09 MC hamirpurHP,Works,Open Tender,Item Rate,Solid Waste Management,,No,No,"1,73,329",11-Apr-2023 05:00 PM,60,No,Offline,,,1,26-Apr-2023 02:00 PM,assessment,Price Bid Opening Date,,"126,099",,Directorate of Urban Development,2022-2023
ocds-kjhdrl-2023_UDDHP_72795_1,tender,tender,1,2024-11-08,2023_UDDHP_72795_1,1 MC- Palam(1)2023-5,"Door to Door MSW collection, transportation and treatment as per SWM rule 2016 and manual sweeping of roads and one time Biomining of legacy waste of approx20000 cum in 15wards of Municipal Corporation Palampur (Himachal Pradesh).",Services,Open Tender,Item Rate,Miscellaneous Services,,No,No,,08-May-2023 05:00 PM,90,No,Offline,,,1,18-May-2023 03:00 PM,assessment,Price Bid Opening Date,,"31,799,988",,Directorate of Urban Development,2023-2024
ocds-kjhdrl-2023_UDDHP_72870_1,tender,tender,1,2024-11-08,2023_UDDHP_72870_1,1339 DMC,"MANAGEMENT OF SOLID WASTE And BIO- MINING OF LEGACY WASTE AND LANDRE CLAIMATION AT DUMP SITES OF MUNICIPAL CORPORATION DHARAMSHALA IN HIMACHAL ON DESIGN, FINANCE, BUILD AND OPERATE BASIS",Services,Open Tender,Item Rate,Housekeeping/ Cleaning,,No,No,"3,00,00,000",04-May-2023 06:00 PM,120,No,Offline,,,1,30-May-2023 11:00 AM,assessment,Price Bid Opening Date,,"65,955,100",,Directorate of Urban Development,2023-2024
ocds-kjhdrl-2023_YSPU_67640_1,tender,tender,1,2024-11-08,2023_YSPU_67640_1,UHF/Const.-1/Partf/2022/2784 dtd 27.01.2023,"Outsourcing of Sweeping work in Various buildings at College of Horticulture and Forestry Thunag, Distt. Mandi",Services,Open Tender,Item Rate,Manpower Supply,,No,No,0.0,27-Jan-2023 05:00 PM,60,No,Offline,,,1,08-Feb-2023 11:10 AM,assessment,Price Bid Opening Date,,"2,262,528",,Dr. Yashwant Singh Parmar University of Horticulture and Forestry,2022-2023
ocds-kjhdrl-2023_YSPU_67997_1,tender,tender,1,2024-11-08,2023_YSPU_67997_1,UHF/Const.-1/Partf/2022/3725 dtd 03.02.2023,"Renovation of committe, Head, Faculty Rooms at College of Horticulture and Forestry Neri Hamirpur(SH- Civil work)",Works,Open Tender,Item Rate,Civil Works,,No,No,"24,92,320",03-Feb-2023 05:00 PM,60,No,Offline,,,1,14-Feb-2023 11:10 AM,assessment,Price Bid Opening Date,,"2,444,223",,Dr. Yashwant Singh Parmar University of Horticulture and Forestry,2022-2023
ocds-kjhdrl-2023_YSPU_68443_1,tender,tender,1,2024-11-08,2023_YSPU_68443_1,No.UHF/SWO/2023/-4063 dtd 08.02.2023,"Running of common kitchen of solar steam cooking partially and services to various student Hostels at Dr. YSP University of Horticulture and Forestry Nauni, Solan as per terms and conditions enclosed",Services,Open Tender,Item Rate,Hotel/ Catering,,No,No,0.0,08-Feb-2023 05:00 PM,60,No,Offline,,,1,16-Feb-2023 11:10 AM,assessment,Price Bid Opening Date,,"120,528,000",,Dr. Yashwant Singh Parmar University of Horticulture and Forestry,2022-2023
ocds-kjhdrl-2023_YSPU_68668_1,tender,tender,1,2024-11-08,2023_YSPU_68668_1,UHF/Const.-1/ Partfile/2023/-3842 dtd 10.02.2023,"Providing retaining wall in front of 12 Nos. Teachers Hostel at Dr YSP University of Horticulture and Forestry Nauni, Solan.",Works,Open Tender,Item Rate,Civil Works,,No,No,"13,45,871",10-Feb-2023 05:00 PM,60,No,Offline,,,1,21-Feb-2023 11:10 AM,assessment,Price Bid Opening Date,,"1,014,252",,Dr. Yashwant Singh Parmar University of Horticulture and Forestry,2022-2023
ocds-kjhdrl-2023_YSPU_68671_1,tender,tender,1,2024-11-08,2023_YSPU_68671_1,UHF/Const.-1/ Partfile/2023/-3842 dtd 10.02.2023,Providing Module Laboratories of PG student in UG Block at College of Horticulture and Forestry Neri- Hamirpur.,Works,Open Tender,Item Rate,Civil Works,,No,No,"26,07,617",10-Feb-2023 05:00 PM,60,No,Offline,,,1,21-Feb-2023 11:10 AM,assessment,Price Bid Opening Date,,"2,511,785",,Dr. Yashwant Singh Parmar University of Horticulture and Forestry,2022-2023
ocds-kjhdrl-2023_YSPU_68673_1,tender,tender,1,2024-11-08,2023_YSPU_68673_1,UHF/Const.-1/ Parttfile/2023/-3842 dtd 10.02.2023,"Rewiring of Type IV Houses Set No. 1 and 4 and 14 to 16 at Dr. YSP University of Horticulture and Forestry Nauni, Solan.",Works,Open Tender,Item Rate,Electrical Works,,No,No,"6,73,815",10-Feb-2023 05:00 PM,60,No,Offline,,,1,21-Feb-2023 11:10 AM,assessment,Price Bid Opening Date,,"576,550",,Dr. Yashwant Singh Parmar University of Horticulture and Forestry,2022-2023
ocds-kjhdrl-2023_YSPU_68772_1,tender,tender,1,2024-11-08,2023_YSPU_68772_1,UHF/Const.-1/ Parttfile/2023/-3857 dtd 13.02.2023,Providing High Mast lights in University Playground at Dr. YSP University of Horticulture and Forestry Nauni- Solan.,Works,Open Tender,Item Rate,Electrical Works,,No,No,"16,27,902",13-Feb-2023 05:00 PM,60,No,Offline,,,1,22-Feb-2023 11:10 AM,assessment,Price Bid Opening Date,,"1,229,509",,Dr. Yashwant Singh Parmar University of Horticulture and Forestry,2022-2023
ocds-kjhdrl-2023_YSPU_68941_1,tender,tender,1,2024-11-08,2023_YSPU_68941_1,UHF/DR/Estt/VIII/23-24/10972 dt 15.02.2023,Supply of Manpower (Unskilled labour on mandays basis),Services,Open Tender,Percentage,Manpower Supply,,No,No,"10,22,50,000",15-Feb-2023 03:00 PM,60,No,Offline,,,1,01-Mar-2023 11:30 AM,assessment,Price Bid Opening Date,,"103,108,900",,Dr. Yashwant Singh Parmar University of Horticulture and Forestry,2022-2023
ocds-kjhdrl-2023_YSPU_68982_1,tender,tender,1,2024-11-08,2023_YSPU_68982_1,UHF/Const.-1/ Parttfile/2023/-3881 dtd 15.02.2023,"Construction of Vehicle Implement Shed and Storage Godown at Krishi Vigyan Kendra Kandaghat, Distt. Solan.",Works,Open Tender,Item Rate,Civil Works,,No,No,"7,23,923",15-Feb-2023 05:00 PM,60,No,Offline,,,1,24-Feb-2023 11:10 AM,assessment,Price Bid Opening Date,,"886,698",,Dr. Yashwant Singh Parmar University of Horticulture and Forestry,2022-2023
ocds-kjhdrl-2023_YSPU_68985_1,tender,tender,1,2024-11-08,2023_YSPU_68985_1,UHF/Const.-1/ Parttfile1/2023/-3881 dtd 15.02.2023,"Construction of Vehicle Implement Shed, Storage Godown and White washing or Painting in Admn. Block and Farmers Hostel at Krishi Vigyan Kendra Chamba, Distt. Chamba.",Works,Open Tender,Item Rate,Civil Works,,No,No,"10,79,267",15-Feb-2023 05:00 PM,60,No,Offline,,,1,24-Feb-2023 11:10 AM,assessment,Price Bid Opening Date,,"1,251,812",,Dr. Yashwant Singh Parmar University of Horticulture and Forestry,2022-2023
ocds-kjhdrl-2023_YSPU_69060_1,tender,tender,1,2024-11-08,2023_YSPU_69060_1,UHF/Const.-1/ Parttfile1/2023/-3889 dtd 16.02.2023,Replacement of main cable from Rajgarh and Sarahan Feeder in Vice- Chancellor Residence at Dr YSP University of Horticulture and Forestry Nauni- Solan.,Works,Open Tender,Item Rate,Electrical Works,,No,No,"1,47,142",16-Feb-2023 05:00 PM,60,No,Offline,,,1,27-Feb-2023 11:10 AM,assessment,Price Bid Opening Date,,"90,230",,Dr. Yashwant Singh Parmar University of Horticulture and Forestry,2022-2023
ocds-kjhdrl-2023_YSPU_69827_1,tender,tender,1,2024-11-08,2023_YSPU_69827_1,UHF/Const.-1/ Parttfile1/2023/-4042 dtd 27.02.2023,Renovation of Lab. in Old building for the Deptt of Soil Science at College of Horticulture and Forestry Neri- Hamirpur.,Works,Open Tender,Item Rate,Civil Works,,No,No,"5,52,442",27-Feb-2023 05:00 PM,60,No,Offline,,,1,13-Mar-2023 11:10 AM,assessment,Price Bid Opening Date,,"551,258",,Dr. Yashwant Singh Parmar University of Horticulture and Forestry,2022-2023
ocds-kjhdrl-2023_YSPU_70681_1,tender,tender,1,2024-11-08,2023_YSPU_70681_1,UHF/Const.-1/ Parttfile/2023/-4089 dtd 13.03.2023,Construction of New Entrance Gate in Hill Architecture at Dr. YSP University of Horticulture and forestry Nauni-Solan (SH-Providing Signage board and writing on feature wall etc.),Works,Open Tender,Item Rate,Civil Works - Others,,No,No,"6,66,470",13-Mar-2023 05:00 PM,60,No,Offline,,,1,21-Mar-2023 11:10 AM,assessment,Price Bid Opening Date,,"531,146",,Dr. Yashwant Singh Parmar University of Horticulture and Forestry,2022-2023
ocds-kjhdrl-2023_YSPU_71700_1,tender,tender,1,2024-11-08,2023_YSPU_71700_1,UHF/Const.-1/ Parttfile/2023/4287 dtd 28.03.2023,"Construction of Vehicle/ Implement Shed, Storage Godown at Krishi Vigyan Kendra Sharbo, Distt. Kinnaur.",Works,Open Tender,Item Rate,Civil Works,,No,No,"6,53,874",28-Mar-2023 05:00 PM,60,No,Offline,,,1,11-Apr-2023 11:10 AM,assessment,Price Bid Opening Date,,"1,015,064",,Dr. Yashwant Singh Parmar University of Horticulture and Forestry,2022-2023
ocds-kjhdrl-2023_YSPU_71861_1,tender,tender,1,2024-11-08,2023_YSPU_71861_1,UHF/Const.-1/ Parttfile/2023/03 dtd 03.04.2023,"Construction of Environment Controlled Scion Wood/ Seed/Bulb Storage Unit at KVK Kandaghat, Distt. Solan (SH- Civil Work).",Works,Open Tender,Item Rate,Civil Works,,No,No,"8,41,621",03-Apr-2023 05:00 PM,60,No,Offline,,,1,11-Apr-2023 11:10 AM,assessment,Price Bid Opening Date,,"1,016,235",,Dr. Yashwant Singh Parmar University of Horticulture and Forestry,2022-2023
ocds-kjhdrl-2023_YSPU_71862_1,tender,tender,1,2024-11-08,2023_YSPU_71862_1,UHF/Const.-1/ Parttfile1/2023/03 dtd 03.04.2023,"Renovation of Kadambari Girls Hostel at Dr YSP University of Horticulture and Forestry Nauni, Solan.",Works,Open Tender,Item Rate,Civil Works,,No,No,"5,58,113",03-Apr-2023 05:00 PM,60,No,Offline,,,1,11-Apr-2023 11:10 AM,assessment,Price Bid Opening Date,,"735,459",,Dr. Yashwant Singh Parmar University of Horticulture and Forestry,2022-2023
ocds-kjhdrl-2023_YSPU_71900_1,tender,tender,1,2024-11-08,2023_YSPU_71900_1,UHF/Const.-1/ Parttfile/2023/14 dtd 04.04.2023,"Construction of Women Self Help Group and Natural Farmers Produce sale outlet and cafeteria on the terrace of Farmers Hostel at KVK/ RHRTS Kandaghat, Solan (SH- Civil work)",Works,Open Tender,Item Rate,Civil Works,,No,No,"13,47,700",04-Apr-2023 05:00 PM,60,No,Offline,,,1,12-Apr-2023 11:10 AM,assessment,Price Bid Opening Date,,"1,562,096",,Dr. Yashwant Singh Parmar University of Horticulture and Forestry,2022-2023
ocds-kjhdrl-2023_YSPU_71904_1,tender,tender,1,2024-11-08,2023_YSPU_71904_1,UHF/Const.-1/ Parttfile1/2023/14 dtd 04.04.2023,Renovation of Chamber of Dean at College of Horticulture and Forestry Neri- Hamirpur.,Works,Open Tender,Item Rate,Civil Works,,No,No,"6,05,896",04-Apr-2023 05:00 PM,60,No,Offline,,,1,12-Apr-2023 11:10 AM,assessment,Price Bid Opening Date,,"633,308",,Dr. Yashwant Singh Parmar University of Horticulture and Forestry,2022-2023
ocds-kjhdrl-2023_YSPU_72453_1,tender,tender,1,2024-11-08,2023_YSPU_72453_1,UHF/Const.-1/ Parttfile1/2023/146 dtd 25.04.2023,Construction of Shade Net House and Hardening Unit at College of Horticulture and Forestry Neri- Hamirpur.,Works,Open Tender,Item Rate,Civil Works,,No,No,"7,22,371",25-Apr-2023 05:00 PM,60,No,Offline,,,1,03-May-2023 11:10 AM,assessment,Price Bid Opening Date,,"676,653",,Dr. Yashwant Singh Parmar University of Horticulture and Forestry,2023-2024
ocds-kjhdrl-2023_YSPU_72505_1,tender,tender,1,2024-11-08,2023_YSPU_72505_1,UHF/Const.-1/ Parttfile/2023/162 dtd 27.04.2023,Renovation of New Girls Hostel (Old Farmers Hostel) at Dr YSP University of Horticulture and Forestry Nauni- Solan.,Works,Open Tender,Item Rate,Civil Works,,No,No,"20,45,301",27-Apr-2023 05:00 PM,60,No,Offline,,,1,08-May-2023 11:10 AM,assessment,Price Bid Opening Date,,"2,441,155",,Dr. Yashwant Singh Parmar University of Horticulture and Forestry,2023-2024
ocds-kjhdrl-2023_YSPU_72624_1,tender,tender,1,2024-11-08,2023_YSPU_72624_1,UHF/Const.-1/ Parttfile/2023/182 dtd 29.04.2023,"Creation of Two Nos. Smart class rooms in seminar hall (COF) and Ground floor of library building at Dr YSP University of Horticulture and Forestry Nauni, Solan .",Works,Open Tender,Item Rate,Civil Works,,No,No,"19,72,183",29-Apr-2023 05:00 PM,60,No,Offline,,,1,17-May-2023 11:10 AM,assessment,Price Bid Opening Date,,"1,960,011",,Dr. Yashwant Singh Parmar University of Horticulture and Forestry,2023-2024
ocds-kjhdrl-2023_YSPU_72633_1,tender,tender,1,2024-11-08,2023_YSPU_72633_1,UHF/Const.-1/ Parttfile1/2023/182 dtd 29.04.2023,Construction of New Gate and Providing Pavers in road at RHR-TS Mashobra - Shimla (SH- Civil work).,Works,Open Tender,Item Rate,Civil Works,,No,No,"5,32,200",29-Apr-2023 05:00 PM,60,No,Offline,,,1,17-May-2023 11:10 AM,assessment,Price Bid Opening Date,,"799,944",,Dr. Yashwant Singh Parmar University of Horticulture and Forestry,2023-2024
ocds-kjhdrl-2023_YSPU_73044_1,tender,tender,1,2024-11-08,2023_YSPU_73044_1,UHF/Const.-1/ Parttfile/2023/272 dtd 09.05.2023,Construction of Virtual Class Room/ Language Lab and ICT Lab. at College of Horticulture and Forestry Neri- Hamirpur (SH- Civil work along with electronic article and Furniture etc),Works,Open Tender,Item Rate,Civil Works,,No,No,"67,45,760",09-May-2023 05:00 PM,60,No,Offline,,,1,19-May-2023 11:10 AM,assessment,Price Bid Opening Date,,"6,645,676",,Dr. Yashwant Singh Parmar University of Horticulture and Forestry,2023-2024
ocds-kjhdrl-2023_YSPU_73048_1,tender,tender,1,2024-11-08,2023_YSPU_73048_1,UHF/Const.-1/ Parttfile1/2023/272 dtd 09.05.2023,"Construction of 3 Nos. Polycarbonate Green Houses at RHR-TS Mashobra- Shimla (SH- C/O Path, Racks and working table in said houses)",Works,Open Tender,Item Rate,Civil Works,,No,No,"6,58,814",09-May-2023 05:00 PM,60,No,Offline,,,1,19-May-2023 11:10 AM,assessment,Price Bid Opening Date,,"706,053",,Dr. Yashwant Singh Parmar University of Horticulture and Forestry,2023-2024
ocds-kjhdrl-2023_YSPU_73367_1,tender,tender,1,2024-11-08,2023_YSPU_73367_1,UHF/Const.-1/ Parttfile1/2023/344 dtd 16.05.2023,Construction of Demonstration Unit (Cow Shed) at Krishi Vigyan Kentra Kandaghat- Solan.,Works,Open Tender,Item Rate,Civil Works,,No,No,"7,66,761",16-May-2023 05:00 PM,60,No,Offline,,,1,30-May-2023 11:10 AM,assessment,Price Bid Opening Date,,"730,610",,Dr. Yashwant Singh Parmar University of Horticulture and Forestry,2023-2024
ocds-kjhdrl-2023_YSPU_74668_1,tender,tender,1,2024-11-08,2023_YSPU_74668_1,UHF/Const.-1/ Parttfile/2023/724 dtd 07.06.2023,"Construction of PG Block (Only ground floor) at College of Horticulture and Forestry Neri, Hamirpur (SH- Providing water supply and Sanitary Installation).",Works,Open Tender,Item Rate,Civil Works,,No,No,"9,76,149",07-Jun-2023 05:00 PM,60,No,Offline,,,1,15-Jun-2023 11:10 AM,assessment,Price Bid Opening Date,,"1,125,903",,Dr. Yashwant Singh Parmar University of Horticulture and Forestry,2023-2024
